# Curiosity Knot - generated by scripts/build_3d_mesh.py
o CuriosityKnot
v 3.2500000 0.0000000 0.0000000
v 3.2367324 0.0271043 -0.0701932
v 3.1985298 0.0509394 -0.1319200
v 3.1400000 0.0686305 -0.1777354
v 3.0682026 0.0780437 -0.2021132
v 2.9917974 0.0780437 -0.2021132
v 2.9200000 0.0686305 -0.1777354
v 2.8614702 0.0509394 -0.1319200
v 2.8232676 0.0271043 -0.0701932
v 2.8100000 0.0000000 -0.0000000
v 2.8232676 -0.0271043 0.0701932
v 2.8614702 -0.0509394 0.1319200
v 2.9200000 -0.0686305 0.1777354
v 2.9917974 -0.0780437 0.2021132
v 3.0682026 -0.0780437 0.2021132
v 3.1400000 -0.0686305 0.1777354
v 3.1985298 -0.0509394 0.1319200
v 3.2367324 -0.0271043 0.0701932
v 3.2051402 0.4328513 0.1674142
v 3.1921185 0.4576831 0.0963398
v 3.1546241 0.4747781 0.0319994
v 3.0971794 0.4820743 -0.0178466
v 3.0267130 0.4786918 -0.0471861
v 2.9517243 0.4650384 -0.0524802
v 2.8812579 0.4427611 -0.0330904
v 2.8238132 0.4145467 0.0086446
v 2.7863188 0.3837984 0.0676909
v 2.7732972 0.3542249 0.1369267
v 2.7863188 0.3293931 0.2080011
v 2.8238132 0.3122981 0.2723415
v 2.8812579 0.3050019 0.3221875
v 2.9517243 0.3083844 0.3515270
v 3.0267130 0.3220378 0.3568211
v 3.0971794 0.3443151 0.3374313
v 3.1546241 0.3725295 0.2956963
v 3.1921185 0.4032778 0.2366500
v 3.0732363 0.8459755 0.3285752
v 3.0608868 0.8687986 0.2567118
v 3.0254417 0.8795671 0.1898879
v 2.9711763 0.8769820 0.1361633
v 2.9046356 0.8613551 0.1020181
v 2.8338455 0.8345713 0.0915707
v 2.7673444 0.7998611 0.1060811
v 2.7131532 0.7614110 0.1437993
v 2.6778082 0.7238588 0.2001759
v 2.6655725 0.6917337 0.2684109
v 2.6779220 0.6689105 0.3402743
v 2.7133671 0.6581421 0.4070983
v 2.7676325 0.6607272 0.4608229
v 2.8341732 0.6763541 0.4949681
v 2.9049633 0.7031379 0.5054155
v 2.9714644 0.7378481 0.4909050
v 3.0256556 0.7762981 0.4531868
v 3.0610006 0.8138504 0.3968103
v 2.8620773 1.2212195 0.4773775
v 2.8507531 1.2423072 0.4048184
v 2.8185811 1.2473432 0.3357000
v 2.7694419 1.2357202 0.2783590
v 2.7092622 1.2088401 0.2397115
v 2.6453007 1.1699451 0.2244191
v 2.5852721 1.1237263 0.2343262
v 2.5364167 1.0757586 0.2682379
v 2.5046272 1.0318275 0.3220639
v 2.4937379 0.9972318 0.3893120
v 2.5050621 0.9761441 0.4618711
v 2.5372341 0.9711081 0.5309896
v 2.5863733 0.9827311 0.5883306
v 2.6465530 1.0096112 0.6269781
v 2.7105145 1.0485062 0.6422705
v 2.7705431 1.0947250 0.6323634
v 2.8193985 1.1426927 0.5984517
v 2.8511880 1.1866238 0.5446257
v 2.5838781 1.5433849 0.6081251
v 2.5739061 1.5629747 0.5349503
v 2.5461195 1.5630005 0.4637768
v 2.5038698 1.5434590 0.4031893
v 2.4522529 1.5067073 0.3604955
v 2.3974945 1.4571783 0.3408448
v 2.3461994 1.4008457 0.3466075
v 2.3045544 1.3445043 0.3770885
v 2.2775827 1.2949495 0.4286113
v 2.2685372 1.2581584 0.4949615
v 2.2785092 1.2385686 0.5681363
v 2.3062958 1.2385428 0.6393098
v 2.3485455 1.2580843 0.6998973
v 2.4001624 1.2948359 0.7425911
v 2.4549208 1.3443650 0.7622418
v 2.5062159 1.4006975 0.7564791
v 2.5478609 1.4570390 0.7259981
v 2.5748327 1.5065938 0.6744753
v 2.2542154 1.8013502 0.7157260
v 2.2459692 1.8196297 0.6419994
v 2.2235955 1.8154613 0.5690624
v 2.1897930 1.7893477 0.5057124
v 2.1486387 1.7444386 0.4595903
v 2.1050965 1.6861507 0.4362590
v 2.0644181 1.6215144 0.4385327
v 2.0315101 1.5583257 0.4661372
v 2.0103415 1.5042062 0.5157429
v 2.0034657 1.4656834 0.5813666
v 2.0117119 1.4474039 0.6550932
v 2.0340856 1.4515723 0.7280302
v 2.0678881 1.4776859 0.7913802
v 2.1090424 1.5225950 0.8375023
v 2.1525846 1.5808829 0.8608336
v 2.1932630 1.6455192 0.8585599
v 2.2261710 1.7087079 0.8309554
v 2.2473396 1.7628274 0.7813497
v 1.8907014 1.9888180 0.7958748
v 1.8846805 2.0059495 0.7216588
v 1.8686941 1.9984885 0.6473182
v 1.8446702 1.9673349 0.5818196
v 1.8155064 1.9162464 0.5330632
v 1.7847205 1.8513849 0.5069296
v 1.7560255 1.7805737 0.5065709
v 1.7328826 1.7123537 0.5320304
v 1.7180831 1.6549532 0.5802374
v 1.7134121 1.6152955 0.6453773
v 1.7194329 1.5981640 0.7195933
v 1.7354194 1.6056250 0.7939339
v 1.7594433 1.6367786 0.8594324
v 1.7886070 1.6878671 0.9081889
v 1.8193930 1.7527286 0.9343225
v 1.8480879 1.8235398 0.9346812
v 1.8712308 1.8917598 0.9092216
v 1.8860303 1.9491603 0.8610147
v 1.5115263 2.1046335 0.8452300
v 1.5084179 2.1208191 0.7706235
v 1.4997528 2.1110666 0.6953403
v 1.4865762 2.0765523 0.6284606
v 1.4704774 2.0214391 0.5780511
v 1.4533982 1.9523745 0.5501919
v 1.4373986 1.8776887 0.5482432
v 1.4244083 1.8063899 0.5724401
v 1.4159942 1.7470778 0.6198641
v 1.4131711 1.7069064 0.6847951
v 1.4162796 1.6907208 0.7594015
v 1.4249447 1.7004733 0.8346847
v 1.4381213 1.7349876 0.9015644
v 1.4542200 1.7901008 0.9519739
v 1.4712992 1.8591654 0.9798331
v 1.4872989 1.9338512 0.9817818
v 1.5002892 2.0051500 0.9575849
v 1.5087033 2.0644621 0.9101610
v 1.1340028 2.1526648 0.8616029
v 1.1346897 2.1682383 0.7868048
v 1.1342079 2.1573150 0.7111860
v 1.1326155 2.1212125 0.6438672
v 1.1301045 2.0642851 0.5929680
v 1.1269779 1.9933993 0.5646276
v 1.1236127 1.9171048 0.5622643
v 1.1204148 1.8446040 0.5861632
v 1.1177700 1.7846414 0.6334416
v 1.1159972 1.7444495 0.6983971
v 1.1153103 1.7288760 0.7731952
v 1.1157921 1.7397993 0.8488140
v 1.1173845 1.7759018 0.9161328
v 1.1198955 1.8328292 0.9670320
v 1.1230221 1.9037150 0.9953724
v 1.1263873 1.9800095 0.9977357
v 1.1295852 2.0525103 0.9738368
v 1.1322300 2.1124729 0.9265584
v 0.7732139 2.1412607 0.8441775
v 0.7786989 2.1567698 0.7695642
v 0.7870914 2.1459091 0.6944020
v 0.7973792 2.1099886 0.6277564
v 0.8083213 2.0533408 0.5776659
v 0.8185981 1.9827984 0.5501722
v 0.8269699 1.9068697 0.5485914
v 0.8324271 1.8347128 0.5731142
v 0.8343113 1.7750311 0.6207828
v 0.8323954 1.7350229 0.6858476
v 0.8269103 1.7195138 0.7604608
v 0.8185178 1.7303745 0.8356231
v 0.8082300 1.7662950 0.9022686
v 0.7972879 1.8229427 0.9523591
v 0.7870111 1.8934852 0.9798528
v 0.7786393 1.9694139 0.9814336
v 0.7731822 2.0415707 0.9569108
v 0.7712979 2.1012525 0.9092423
v 0.4408369 2.0823017 0.7937577
v 0.4520644 2.0985247 0.7199436
v 0.4696872 2.0889947 0.6462119
v 0.4915797 2.0548613 0.5814556
v 0.5151015 2.0002414 0.5334853
v 0.5374154 1.9317230 0.5080869
v 0.5558300 1.8575705 0.5083239
v 0.5681243 1.7867276 0.5341677
v 0.5728154 1.7277392 0.5825011
v 0.5693374 1.6877201 0.6474944
v 0.5581099 1.6714972 0.7213084
v 0.5404871 1.6810272 0.7950402
v 0.5185946 1.7151606 0.8597965
v 0.4950728 1.7697805 0.9077668
v 0.4727589 1.8382989 0.9331651
v 0.4543443 1.9124514 0.9329281
v 0.4420500 1.9832942 0.9070844
v 0.4373590 2.0422826 0.8587510
v 0.1442051 1.9898346 0.7129743
v 0.1618079 2.0076755 0.6407967
v 0.1884944 2.0006019 0.5695539
v 0.2210461 1.9694672 0.5078387
v 0.2555367 1.9180264 0.4630949
v 0.2878061 1.8524843 0.4407193
v 0.3139621 1.7807460 0.4434107
v 0.3308499 1.7114644 0.4708444
v 0.3364327 1.6529958 0.5197117
v 0.3300370 1.6123924 0.5841183
v 0.3124343 1.5945515 0.6562959
v 0.2857477 1.6016250 0.7275387
v 0.2531961 1.6327598 0.7892539
v 0.2187055 1.6842005 0.8339977
v 0.1864361 1.7497427 0.8563733
v 0.1602801 1.8214809 0.8536819
v 0.1433923 1.8907625 0.8262482
v 0.1378095 1.9492312 0.7773809
v -0.1142695 1.8783056 0.6062868
v -0.0902143 1.8985558 0.5366519
v -0.0552778 1.8946710 0.4688130
v -0.0136741 1.8671200 0.4109526
v 0.0295789 1.8192256 0.3700496
v 0.0692643 1.7567647 0.3510374
v 0.1005954 1.6872711 0.3562091
v 0.1197932 1.6191265 0.3849410
v 0.1245422 1.5605504 0.4337676
v 0.1142695 1.5186078 0.4967997
v 0.0902143 1.4983577 0.5664347
v 0.0552778 1.5022424 0.6342736
v 0.0136741 1.5297935 0.6921339
v -0.0295789 1.5776878 0.7330370
v -0.0692643 1.6401487 0.7520492
v -0.1005954 1.7096424 0.7468775
v -0.1197932 1.7777869 0.7181455
v -0.1245422 1.8363630 0.6693189
v -0.3370936 1.7605613 0.4795771
v -0.3071846 1.7836058 0.4131530
v -0.2654369 1.7830275 0.3491643
v -0.2168859 1.7588962 0.2953291
v -0.1673876 1.7141225 0.2581405
v -0.1229121 1.6541068 0.2420842
v -0.0888239 1.5860879 0.2490968
v -0.0692346 1.5182698 0.2783323
v -0.0665068 1.4588324 0.3262647
v -0.0809697 1.4149448 0.3871125
v -0.1108787 1.3919003 0.4535366
v -0.1526264 1.3924786 0.5175252
v -0.2011774 1.4166099 0.5713605
v -0.2506757 1.4613836 0.6085490
v -0.2951512 1.5213992 0.6246053
v -0.3292394 1.5894182 0.6175928
v -0.3488287 1.6572363 0.5883572
v -0.3515565 1.7166737 0.5404249
v -0.5309185 1.6460421 0.3392927
v -0.4963694 1.6716651 0.2761454
v -0.4496938 1.6738402 0.2156936
v -0.3965217 1.6523050 0.1652287
v -0.3432662 1.6096570 0.1308374
v -0.2963508 1.5510402 0.1166678
v -0.2614343 1.4835247 0.1244291
v -0.2427280 1.4152537 0.1531850
v -0.2424881 1.3544619 0.1994673
v -0.2607437 1.3084815 0.2576935
v -0.2952929 1.2828585 0.3208407
v -0.3419684 1.2806834 0.3812925
v -0.3951406 1.3022186 0.4317575
v -0.4483960 1.3448666 0.4661488
v -0.4953114 1.4034834 0.4803183
v -0.5302279 1.4709989 0.4725571
v -0.5489343 1.5392699 0.4438011
v -0.5491741 1.6000617 0.3975189
v -0.7050989 1.5396963 0.1914341
v -0.6675580 1.5671085 0.1307958
v -0.6180427 1.5709817 0.0727356
v -0.5625253 1.5508486 0.0242564
v -0.5077020 1.5091377 -0.0087945
v -0.4601853 1.4508798 -0.0224306
v -0.4257064 1.3831018 -0.0150072
v -0.4084241 1.3139787 0.0125802
v -0.4104227 1.2518477 0.0570043
v -0.4314613 1.2042028 0.1129068
v -0.4690022 1.1767906 0.1735451
v -0.5185175 1.1729174 0.2316053
v -0.5740349 1.1930505 0.2800845
v -0.6288582 1.2347614 0.3131354
v -0.6763749 1.2930193 0.3267715
v -0.7108538 1.3607973 0.3193481
v -0.7281361 1.4299204 0.2917607
v -0.7261375 1.4920514 0.2473366
v -0.8700447 1.4418461 0.0409059
v -0.8314232 1.4699103 -0.0187475
v -0.7811717 1.4742312 -0.0761398
v -0.7253512 1.4542875 -0.1243484
v -0.6706945 1.4124848 -0.1575588
v -0.6237939 1.3538651 -0.1717653
v -0.5903065 1.2854988 -0.1652543
v -0.5742712 1.2156318 -0.1388113
v -0.5776222 1.1526913 -0.0956255
v -0.5999553 1.1042686 -0.0409059
v -0.6385768 1.0762044 0.0187475
v -0.6888283 1.0718835 0.0761398
v -0.7446488 1.0918272 0.1243484
v -0.7993055 1.1336299 0.1575588
v -0.8462061 1.1922496 0.1717653
v -0.8796935 1.2606159 0.1652543
v -0.8957288 1.3304828 0.1388113
v -0.8923778 1.3934234 0.0956255
v -1.0357970 1.3487485 -0.1083959
v -0.9981513 1.3762492 -0.1689291
v -0.9491499 1.3798526 -0.2274409
v -0.8947031 1.3591241 -0.2768739
v -0.8413780 1.3165637 -0.3112660
v -0.7956065 1.2573050 -0.3264687
v -0.7629092 1.1884954 -0.3206485
v -0.7472298 1.1184343 -0.2945073
v -0.7504597 1.0555722 -0.2511983
v -0.7722092 1.0074911 -0.1959450
v -0.8098549 0.9799904 -0.1354118
v -0.8588563 0.9763870 -0.0769000
v -0.9133031 0.9971155 -0.0274670
v -0.9666282 1.0396758 0.0069250
v -1.0123997 1.0989346 0.0221278
v -1.0450970 1.1677442 0.0163076
v -1.0607764 1.2378053 -0.0098336
v -1.0575465 1.3006674 -0.0531426
v -1.2108143 1.2534060 -0.2528381
v -1.1761953 1.2792125 -0.3158723
v -1.1301463 1.2811636 -0.3768102
v -1.0782214 1.2590239 -0.4283020
v -1.0266837 1.2154639 -0.4641368
v -0.9817492 1.1557375 -0.4799926
v -0.9488378 1.0870486 -0.4739569
v -0.9319190 1.0176821 -0.4467577
v -0.9330336 0.9560047 -0.4016755
v -0.9520471 0.9094554 -0.3441480
v -0.9866661 0.8836489 -0.2811139
v -1.0327151 0.8816978 -0.2201759
v -1.0846400 0.9038375 -0.1686842
v -1.1361778 0.9473975 -0.1328493
v -1.1811122 1.0071239 -0.1169935
v -1.2140236 1.0758128 -0.1230292
v -1.2309424 1.1451793 -0.1502285
v -1.2298278 1.2068567 -0.1953106
v -1.4006621 1.1464352 -0.3881843
v -1.3708500 1.1695321 -0.4546338
v -1.3289365 1.1691539 -0.5185154
v -1.2799769 1.1453462 -0.5721243
v -1.2298765 1.1009806 -0.6089942
v -1.1846781 1.0414081 -0.6246783
v -1.1498334 0.9738142 -0.6172847
v -1.1295451 0.9063517 -0.5877052
v -1.1262603 0.8471575 -0.5395076
v -1.1403752 0.8033713 -0.4785052
v -1.1701873 0.7802744 -0.4120558
v -1.2121008 0.7806526 -0.3481741
v -1.2610604 0.8044603 -0.2945653
v -1.3111608 0.8488259 -0.2576953
v -1.3563592 0.9083984 -0.2420113
v -1.3912039 0.9759923 -0.2494049
v -1.4114922 1.0434548 -0.2789843
v -1.4147770 1.1026490 -0.3271819
v -1.6066258 1.0171362 -0.5092672
v -1.5828168 1.0366070 -0.5792084
v -1.5455098 1.0334772 -0.6458128
v -1.4992045 1.0081243 -0.7010469
v -1.4494861 0.9636062 -0.7382486
v -1.4023513 0.9052924 -0.7529310
v -1.3634853 0.8402165 -0.7433230
v -1.3375759 0.7762275 -0.7105835
v -1.3277482 0.7210435 -0.6586615
v -1.3351875 0.6813205 -0.5938194
v -1.3589965 0.6618497 -0.5238782
v -1.3963035 0.6649795 -0.4572738
v -1.4426088 0.6903324 -0.4020397
v -1.4923272 0.7348506 -0.3648380
v -1.5394620 0.7931643 -0.3501556
v -1.5783280 0.8582403 -0.3597636
v -1.6042374 0.9222292 -0.3925031
v -1.6140651 0.9774132 -0.4444251
v -1.8247856 0.8549219 -0.6104311
v -1.8074025 0.8699703 -0.6832948
v -1.7744562 0.8639392 -0.7519674
v -1.7299206 0.8375562 -0.8081659
v -1.6791673 0.7940034 -0.8451119
v -1.6283179 0.7385339 -0.8583491
v -1.5835055 0.6778381 -0.8462811
v -1.5501353 0.6192370 -0.8103633
v -1.5322322 0.5697985 -0.7549280
v -1.5319555 0.5354858 -0.6866615
v -1.5493386 0.5204375 -0.6137978
v -1.5822849 0.5264685 -0.5451252
v -1.6268205 0.5528515 -0.4889267
v -1.6775739 0.5964043 -0.4519807
v -1.7284233 0.6518738 -0.4387434
v -1.7732356 0.7125696 -0.4508115
v -1.8066058 0.7711707 -0.4867293
v -1.8245090 0.8206092 -0.5421646
v -2.0460783 0.6509826 -0.6863943
v -2.0348056 0.6609956 -0.7612971
v -2.0054654 0.6522037 -0.8312943
v -1.9615966 0.6256674 -0.8879433
v -1.9084904 0.5845873 -0.9244113
v -1.8525523 0.5339183 -0.9362999
v -1.8005292 0.4797719 -0.9221750
v -1.7586958 0.4286789 -0.8837403
v -1.7320979 0.3868018 -0.8256316
v -1.7239436 0.3591917 -0.7548577
v -1.7352163 0.3491787 -0.6799550
v -1.7645565 0.3579706 -0.6099578
v -1.8084253 0.3845070 -0.5533088
v -1.8615314 0.4255870 -0.5168407
v -1.9174695 0.4762560 -0.5049522
v -1.9694927 0.5304024 -0.5190771
v -2.0113261 0.5814955 -0.5575118
v -2.0379240 0.6233725 -0.6156204
v -2.2573591 0.3998301 -0.7330144
v -2.2513544 0.4044300 -0.8090442
v -2.2246676 0.3932767 -0.8797632
v -2.1805176 0.3677154 -0.9366416
v -2.1242294 0.3308291 -0.9728189
v -2.0625924 0.2870668 -0.9839317
v -2.0030408 0.2417070 -0.9686397
v -1.9527574 0.2002207 -0.9287872
v -1.9178071 0.1676118 -0.8691810
v -1.9024055 0.1478133 -0.7970106
v -1.9084103 0.1432134 -0.7209808
v -1.9350971 0.1543667 -0.6502618
v -1.9792471 0.1799280 -0.5933835
v -2.0355352 0.2168143 -0.5572061
v -2.0971723 0.2605766 -0.5460933
v -2.1567239 0.3059364 -0.5613854
v -2.2070073 0.3474227 -0.6012379
v -2.2419575 0.3800316 -0.6608440
v -2.4430728 0.1003978 -0.7477018
v -2.4412298 0.0994395 -0.8240788
v -2.4163217 0.0864873 -0.8951392
v -2.3713528 0.0631034 -0.9523121
v -2.3117469 0.0321084 -0.9887016
v -2.2446934 -0.0027594 -0.9999187
v -2.1782800 -0.0372944 -0.9846103
v -2.1205170 -0.0673311 -0.9446229
v -2.0783717 -0.0892467 -0.8847795
v -2.0569272 -0.1003978 -0.8122982
v -2.0587702 -0.0994395 -0.7359212
v -2.0836783 -0.0864873 -0.6648608
v -2.1286472 -0.0631034 -0.6076879
v -2.1882531 -0.0321084 -0.5712984
v -2.2553066 0.0027594 -0.5600813
v -2.3217200 0.0372944 -0.5753897
v -2.3794830 0.0673311 -0.6153771
v -2.4216283 0.0892467 -0.6752205
v -2.5871082 -0.2434438 -0.7295151
v -2.5882662 -0.2499306 -0.8056356
v -2.5644995 -0.2640904 -0.8768564
v -2.5186748 -0.2842152 -0.9345872
v -2.4563192 -0.3078778 -0.9718647
v -2.3849537 -0.3322241 -0.9841929
v -2.3131861 -0.3543175 -0.9700846
v -2.2496726 -0.3714934 -0.9312416
v -2.2020738 -0.3816799 -0.8723490
v -2.1761309 -0.3836485 -0.8005099
v -2.1749729 -0.3771617 -0.7243894
v -2.1987396 -0.3630020 -0.6531686
v -2.2445643 -0.3428771 -0.5954379
v -2.3069199 -0.3192145 -0.5581603
v -2.3782854 -0.2948682 -0.5458322
v -2.4500530 -0.2727748 -0.5599404
v -2.5135665 -0.2555990 -0.5987834
v -2.5611653 -0.2454124 -0.6576761
v -2.6745636 -0.6229493 -0.6790702
v -2.6776196 -0.6348373 -0.7544830
v -2.6546271 -0.6497120 -0.8258122
v -2.6083594 -0.6657791 -0.8844543
v -2.5443970 -0.6811007 -0.9233363
v -2.4704547 -0.6938289 -0.9377685
v -2.3954511 -0.7024284 -0.9260101
v -2.3284327 -0.7058619 -0.8894793
v -2.2774829 -0.7037155 -0.8325824
v -2.2487470 -0.6962478 -0.7621818
v -2.2456910 -0.6843598 -0.6867690
v -2.2686834 -0.6694851 -0.6154399
v -2.3149512 -0.6534180 -0.5567978
v -2.3789136 -0.6380964 -0.5179157
v -2.4528558 -0.6253682 -0.5034836
v -2.5278595 -0.6167687 -0.5152420
v -2.5948779 -0.6133352 -0.5517727
v -2.6458277 -0.6154816 -0.6086697
v -2.6932826 -1.0250575 -0.5983755
v -2.6972170 -1.0421851 -0.6727322
v -2.6748417 -1.0574657 -0.7441717
v -2.6288556 -1.0690561 -0.8040774
v -2.5648052 -1.0755586 -0.8452238
v -2.4904160 -1.0761886 -0.8626479
v -2.4146604 -1.0708703 -0.8542482
v -2.3466756 -1.0602451 -0.8210379
v -2.2946616 -1.0455945 -0.7670225
v -2.2648921 -1.0286857 -0.6987171
v -2.2609577 -1.0115581 -0.6243604
v -2.2833329 -0.9962775 -0.5529209
v -2.3293190 -0.9846870 -0.4930152
v -2.3933694 -0.9781846 -0.4518688
v -2.4677586 -0.9775546 -0.4344447
v -2.5435143 -0.9828729 -0.4428444
v -2.6114991 -0.9934981 -0.4760547
v -2.6635130 -1.0081487 -0.5300701
v -2.6350839 -1.4333616 -0.4906451
v -2.6389323 -1.4555580 -0.5636538
v -2.6171230 -1.4711463 -0.6352017
v -2.5722865 -1.4782464 -0.6966593
v -2.5098307 -1.4760018 -0.7406137
v -2.4372887 -1.4646835 -0.7617634
v -2.3634102 -1.4456564 -0.7575575
v -2.2971060 -1.4212155 -0.7285032
v -2.2463733 -1.3943088 -0.6781049
v -2.2173314 -1.3681816 -0.6124415
v -2.2134830 -1.3459853 -0.5394328
v -2.2352923 -1.3303970 -0.4678848
v -2.2801288 -1.3232969 -0.4064273
v -2.3425846 -1.3255414 -0.3624729
v -2.4151266 -1.3368598 -0.3413232
v -2.4890051 -1.3558869 -0.3455291
v -2.5553093 -1.3803278 -0.3745834
v -2.6060420 -1.4072345 -0.4249816
v -2.4966215 -1.8293913 -0.3601097
v -2.4994312 -1.8564616 -0.4315034
v -2.4781348 -1.8724428 -0.5031192
v -2.4353010 -1.8754073 -0.5663192
v -2.3760963 -1.8649975 -0.6134804
v -2.3076615 -1.8424690 -0.6389147
v -2.2382509 -1.8105391 -0.6395542
v -2.1762365 -1.7730590 -0.6153218
v -2.1290981 -1.7345494 -0.5691403
v -2.1025213 -1.6996550 -0.5065798
v -2.0997116 -1.6725847 -0.4351862
v -2.1210080 -1.6566036 -0.3635704
v -2.1638417 -1.6536391 -0.3003704
v -2.2230465 -1.6640489 -0.2532091
v -2.2914813 -1.6865774 -0.2277748
v -2.3608919 -1.7185072 -0.2271353
v -2.4229063 -1.7559873 -0.2513677
v -2.4700447 -1.7944970 -0.2975493
v -2.2798176 -2.1940973 -0.2118217
v -2.2806164 -2.2257774 -0.2813449
v -2.2596966 -2.2423532 -0.3529365
v -2.2195813 -2.2418254 -0.4179615
v -2.1651091 -2.2242577 -0.4685767
v -2.1028500 -2.1917690 -0.4986774
v -2.0403136 -2.1482780 -0.5046329
v -1.9850424 -2.0990302 -0.4857249
v -1.9437032 -2.0499656 -0.4442339
v -1.9212820 -2.0070023 -0.3851645
v -1.9204832 -1.9753222 -0.3156412
v -1.9414030 -1.9587464 -0.2440496
v -1.9815183 -1.9592742 -0.1790247
v -2.0359905 -1.9768419 -0.1284094
v -2.0982496 -2.0093306 -0.0983088
v -2.1607861 -2.0528217 -0.0923533
v -2.2160572 -2.1020695 -0.1112613
v -2.2573964 -2.1511340 -0.1527522
v -1.9918327 -2.5094089 -0.0514517
v -1.9896271 -2.5453059 -0.1188631
v -1.9688223 -2.5627083 -0.1902918
v -1.9319276 -2.5595172 -0.2571226
v -1.8833930 -2.5361175 -0.3112946
v -1.8290726 -2.4953315 -0.3462738
v -1.7755182 -2.4420786 -0.3578414
v -1.7291892 -2.3827819 -0.3446020
v -1.6956737 -2.3245934 -0.3081525
v -1.6790140 -2.2745316 -0.2528892
v -1.6812195 -2.2386346 -0.1854778
v -1.7020244 -2.2212322 -0.1140491
v -1.7389191 -2.2244233 -0.0472183
v -1.7874537 -2.2478230 0.0069537
v -1.8417741 -2.2886090 0.0419329
v -1.8953285 -2.3418619 0.0535005
v -1.9416574 -2.4011586 0.0402611
v -1.9751730 -2.4593471 0.0038116
v -1.6445674 -2.7597203 0.1149249
v -1.6383736 -2.7992571 0.0498386
v -1.6172991 -2.8176621 -0.0212591
v -1.5838858 -2.8127155 -0.0897926
v -1.5421639 -2.7850139 -0.1474958
v -1.4971656 -2.7378985 -0.1874088
v -1.4543184 -2.6770521 -0.2047175
v -1.4187903 -2.6098138 -0.1973343
v -1.3948665 -2.5442933 -0.1661497
v -1.3854326 -2.4883936 -0.1149249
v -1.3916264 -2.4488569 -0.0498386
v -1.4127009 -2.4304518 0.0212591
v -1.4461142 -2.4353985 0.0897926
v -1.4878361 -2.4631001 0.1474958
v -1.5328344 -2.5102155 0.1874088
v -1.5756816 -2.5710618 0.2047175
v -1.6112097 -2.6383002 0.1973343
v -1.6351335 -2.7038206 0.1661497
v -1.2537366 -2.9331628 0.2810499
v -1.2426423 -2.9755428 0.2184512
v -1.2208317 -2.9950019 0.1478580
v -1.1909355 -2.9891929 0.0777850
v -1.1565597 -2.9588166 0.0166839
v -1.1218504 -2.9075368 -0.0280754
v -1.0909942 -2.8415385 -0.0510945
v -1.0677128 -2.7687822 -0.0495968
v -1.0548141 -2.6980433 -0.0237630
v -1.0538541 -2.6378540 0.0232910
v -1.0649484 -2.5954739 0.0858897
v -1.0867590 -2.5760148 0.1564829
v -1.1166552 -2.5818238 0.2265559
v -1.1510310 -2.6122001 0.2876570
v -1.1857402 -2.6634799 0.3324163
v -1.2165965 -2.7294782 0.3554354
v -1.2398779 -2.8022345 0.3539377
v -1.2527766 -2.8729734 0.3281039
v -0.8376025 -3.0225360 0.4407057
v -0.8208490 -3.0667411 0.3806808
v -0.7978242 -3.0871444 0.3107429
v -0.7713053 -3.0812851 0.2393274
v -0.7444908 -3.0498698 0.1750482
v -0.7206149 -2.9966878 0.1256583
v -0.7025574 -2.9281535 0.0971148
v -0.6924963 -2.8525332 0.0928604
v -0.6916452 -2.7789478 0.1134085
v -0.7001067 -2.7162728 0.1562804
v -0.7168602 -2.6720678 0.2163053
v -0.7398849 -2.6516644 0.2862433
v -0.7664039 -2.6575237 0.3576588
v -0.7932184 -2.6889390 0.4219380
v -0.8170943 -2.7421210 0.4713279
v -0.8351518 -2.8106553 0.4998714
v -0.8452128 -2.8862756 0.5041257
v -0.8460640 -2.9598610 0.4835777
v -0.4154888 -3.0258092 0.5879324
v -0.3925608 -3.0706378 0.5304654
v -0.3679170 -3.0917186 0.4612842
v -0.3445300 -3.0865091 0.3887331
v -0.3252205 -3.0556376 0.3215628
v -0.3123175 -3.0028275 0.2678751
v -0.3073773 -2.9344487 0.2341455
v -0.3109959 -2.8587486 0.2244422
v -0.3227367 -2.7848577 0.2399357
v -0.3411836 -2.7216884 0.2787572
v -0.3641116 -2.6768599 0.3362242
v -0.3887554 -2.6557790 0.4054054
v -0.4121424 -2.6609886 0.4779565
v -0.4314520 -2.6918601 0.5451268
v -0.4443549 -2.7446701 0.5988145
v -0.4492951 -2.8130489 0.6325441
v -0.4456765 -2.8887491 0.6422473
v -0.4339357 -2.9626399 0.6267538
v -0.0062260 -2.9461451 0.7172284
v 0.0230681 -2.9902956 0.6621798
v 0.0495799 -3.0116797 0.5937868
v 0.0701116 -3.0077183 0.5202987
v 0.0821869 -2.9788891 0.4505791
v 0.0843491 -2.9286694 0.3930373
v 0.0763377 -2.8631165 0.3546136
v 0.0591187 -2.7901369 0.3399426
v 0.0347692 -2.7185330 0.3507937
v 0.0062260 -2.6569415 0.3858582
v -0.0230681 -2.6127910 0.4409068
v -0.0495799 -2.5914069 0.5092997
v -0.0701116 -2.5953683 0.5827879
v -0.0821869 -2.6241974 0.6525075
v -0.0843491 -2.6744171 0.7100493
v -0.0763377 -2.7399701 0.7484730
v -0.0591187 -2.8129497 0.7631440
v -0.0347692 -2.8845536 0.7522929
v 0.3733192 -2.7914578 0.8237276
v 0.4087917 -2.8336541 0.7708226
v 0.4372028 -2.8549519 0.7031694
v 0.4551257 -2.8527826 0.6289278
v 0.4603987 -2.8274076 0.5570525
v 0.4523858 -2.7818877 0.4962126
v 0.4320533 -2.7217132 0.4537465
v 0.4018538 -2.6541420 0.4347761
v 0.3654298 -2.5873242 0.4415895
v 0.3271744 -2.5293190 0.4733650
v 0.2917019 -2.4871227 0.5262699
v 0.2632908 -2.4658249 0.5939232
v 0.2453678 -2.4679942 0.6681648
v 0.2400948 -2.4933692 0.7400401
v 0.2481078 -2.5388891 0.8008800
v 0.2684402 -2.5990636 0.8433461
v 0.2986397 -2.6666348 0.8623165
v 0.3350638 -2.7334526 0.8555030
v 0.7094877 -2.5735665 0.9033470
v 0.7505586 -2.6127180 0.8521796
v 0.7806584 -2.6336490 0.7851449
v 0.7961566 -2.6338350 0.7103283
v 0.7951839 -2.6132536 0.6367538
v 0.7778575 -2.5743873 0.5732954
v 0.7462675 -2.5219238 0.5276074
v 0.7042238 -2.4621910 0.5052002
v 0.6567977 -2.4023936 0.5087765
v 0.6097094 -2.3497440 0.5379051
v 0.5686385 -2.3105926 0.5890725
v 0.5385387 -2.2896616 0.6561071
v 0.5230405 -2.2894755 0.7309238
v 0.5240132 -2.3100569 0.8044983
v 0.5413395 -2.3489233 0.8679566
v 0.5729296 -2.4013868 0.9136447
v 0.6149733 -2.4611196 0.9360519
v 0.6623994 -2.5209170 0.9324755
v 0.9927371 -2.3070538 0.9529083
v 1.0384783 -2.3424318 0.9029694
v 1.0698413 -2.3629603 0.8363909
v 1.0830433 -2.3661632 0.7612031
v 1.0764919 -2.3516541 0.6864748
v 1.0509774 -2.3211832 0.6212193
v 1.0095771 -2.2784255 0.5733074
v 0.9572845 -2.2285384 0.5485179
v 0.9004069 -2.1775390 0.5498409
v 0.8458046 -2.1315784 0.5771168
v 0.8000634 -2.0962004 0.6270556
v 0.7687003 -2.0756719 0.6936341
v 0.7554983 -2.0724690 0.7688219
v 0.7620497 -2.0869781 0.8435502
v 0.7875643 -2.1174491 0.9088058
v 0.8289646 -2.1602067 0.9567177
v 0.8812572 -2.2100938 0.9815071
v 0.9381348 -2.2610933 0.9801841
v 1.2181536 -2.0079610 0.9702461
v 1.2673979 -2.0393640 0.9209856
v 1.2994670 -2.0598144 0.8547202
v 1.3104928 -2.0668455 0.7794423
v 1.2991454 -2.0596093 0.7042318
v 1.2667935 -2.0389785 0.6381600
v 1.2173392 -2.0074417 0.5891962
v 1.1567474 -1.9688024 0.5632462
v 1.0923265 -1.9277213 0.5634398
v 1.0318464 -1.8891533 0.5897539
v 0.9826021 -1.8577503 0.6390144
v 0.9505330 -1.8372999 0.7052798
v 0.9395072 -1.8302688 0.7805577
v 0.9508546 -1.8375050 0.8557682
v 0.9832065 -1.8581358 0.9218400
v 1.0326608 -1.8896727 0.9708038
v 1.0932526 -1.9283119 0.9967538
v 1.1576735 -1.9693930 0.9965602
v 1.3855513 -1.6924557 0.9543320
v 1.4370620 -1.7203180 0.9052596
v 1.4692763 -1.7414261 0.8392714
v 1.4783085 -1.7532340 0.7643265
v 1.4630694 -1.7543177 0.6894643
v 1.4253969 -1.7445463 0.6237143
v 1.3698349 -1.7250984 0.5750070
v 1.3030851 -1.6983198 0.5492172
v 1.2331983 -1.6674403 0.5494554
v 1.1686041 -1.6361845 0.5756930
v 1.1170934 -1.6083222 0.6247654
v 1.0848792 -1.5872141 0.6907536
v 1.0758469 -1.5754061 0.7656986
v 1.0910861 -1.5743225 0.8405607
v 1.1287585 -1.5840939 0.9063107
v 1.1843205 -1.6035417 0.9550180
v 1.2510704 -1.6303204 0.9808079
v 1.3209571 -1.6611998 0.9805696
v 1.4991786 -1.3755676 0.9054484
v 1.5518507 -1.4009582 0.8562679
v 1.5837858 -1.4238117 0.7907269
v 1.5911321 -1.4413718 0.7167307
v 1.5730037 -1.4515203 0.6432044
v 1.5315869 -1.4530332 0.5790163
v 1.4718773 -1.4457280 0.5319084
v 1.4010768 -1.4304859 0.5075626
v 1.3277249 -1.4091452 0.5089154
v 1.2606689 -1.3842800 0.5358037
v 1.2079969 -1.3588894 0.5849842
v 1.1760618 -1.3360358 0.6505252
v 1.1687154 -1.3184758 0.7245213
v 1.1868439 -1.3083273 0.7980476
v 1.2282607 -1.3068144 0.8622358
v 1.2879702 -1.3141196 0.9093437
v 1.3587708 -1.3293617 0.9336895
v 1.4321227 -1.3507024 0.9323367
v 1.5670444 -1.0700357 0.8254324
v 1.6200820 -1.0944964 0.7761734
v 1.6515497 -1.1203338 0.7115207
v 1.6576520 -1.1444314 0.6392724
v 1.6376531 -1.1638827 0.5681426
v 1.5939650 -1.1763416 0.5067107
v 1.5318571 -1.1803053 0.4623863
v 1.4588206 -1.1752959 0.4405155
v 1.3836648 -1.1619174 0.4437363
v 1.3154545 -1.1417836 0.4716602
v 1.2624170 -1.1173228 0.5209192
v 1.2309493 -1.0914855 0.5855719
v 1.2248469 -1.0673879 0.6578202
v 1.2448459 -1.0479366 0.7289500
v 1.2885340 -1.0354777 0.7903818
v 1.3506419 -1.0315139 0.8347063
v 1.4236784 -1.0365234 0.8565771
v 1.4988342 -1.0499019 0.8533563
v 1.5998484 -0.7852699 0.7179264
v 1.6528456 -0.8104802 0.6690031
v 1.6838983 -0.8403641 0.6059124
v 1.6892610 -0.8713172 0.5362640
v 1.6682870 -0.8996061 0.4684585
v 1.6235060 -0.9218186 0.4106742
v 1.5603193 -0.9352757 0.3698809
v 1.4863481 -0.9383542 0.3509987
v 1.4105144 -0.9306828 0.3563051
v 1.3419649 -0.9131868 0.3851602
v 1.2889677 -0.8879765 0.4340835
v 1.2579150 -0.8580926 0.4971742
v 1.2525523 -0.8271395 0.5668226
v 1.2735263 -0.7988506 0.6346281
v 1.3183073 -0.7766381 0.6924124
v 1.3814941 -0.7631810 0.7332057
v 1.4554653 -0.7601025 0.7520879
v 1.5312989 -0.7677739 0.7467814
v 1.6094946 -0.5264767 0.5884389
v 1.6623727 -0.5538146 0.5405400
v 1.6931997 -0.5882729 0.4797118
v 1.6982575 -0.6256956 0.4132910
v 1.6769359 -0.6615689 0.3492891
v 1.6318067 -0.6915660 0.2954255
v 1.5683132 -0.7120687 0.2581970
v 1.4941135 -0.7206041 0.2420939
v 1.4181573 -0.7161428 0.2490584
v 1.3496060 -0.6992229 0.2782507
v 1.2967279 -0.6718850 0.3261496
v 1.2659009 -0.6374267 0.3869778
v 1.2608431 -0.6000040 0.4533985
v 1.2821647 -0.5641307 0.5174005
v 1.3272938 -0.5341336 0.5712641
v 1.3907874 -0.5136309 0.6084926
v 1.4649871 -0.5050955 0.6245957
v 1.5409433 -0.5095568 0.6176311
v 1.6073017 -0.2941598 0.4439323
v 1.6601350 -0.3243115 0.3977017
v 1.6909111 -0.3630895 0.3395050
v 1.6959179 -0.4058167 0.2763617
v 1.6745516 -0.4473394 0.2158878
v 1.6293892 -0.4826495 0.1653773
v 1.5658780 -0.5074880 0.1309225
v 1.4916784 -0.5188590 0.1166792
v 1.4157400 -0.5153911 0.1243653
v 1.3472219 -0.4975024 0.1530538
v 1.2943886 -0.4673507 0.1992845
v 1.2636125 -0.4285727 0.2574811
v 1.2586057 -0.3858456 0.3206244
v 1.2799720 -0.3443228 0.3810984
v 1.3251344 -0.3090127 0.4316089
v 1.3886456 -0.2841742 0.4660637
v 1.4628452 -0.2728032 0.4803070
v 1.5387837 -0.2762711 0.4726208
v 1.6022832 -0.0843187 0.2918391
v 1.6551320 -0.1170906 0.2474459
v 1.6859266 -0.1591184 0.1915611
v 1.6909526 -0.2053328 0.1309251
v 1.6696039 -0.2501599 0.0728517
v 1.6244554 -0.2881926 0.0243453
v 1.5609527 -0.3148439 -0.0087435
v 1.4867551 -0.3268990 -0.0224238
v 1.4108120 -0.3229040 -0.0150453
v 1.3422832 -0.3033408 0.0125018
v 1.2894344 -0.2705689 0.0568950
v 1.2586398 -0.2285411 0.1127798
v 1.2536138 -0.1823267 0.1734158
v 1.2749625 -0.1374997 0.2314892
v 1.3201110 -0.0994669 0.2799956
v 1.3836138 -0.0728157 0.3130844
v 1.4578113 -0.0607605 0.3267647
v 1.5337544 -0.0647555 0.3193863
v 1.6000022 0.1105254 0.1388653
v 1.6528641 0.0761705 0.0957014
v 1.6836699 0.0326284 0.0409946
v 1.6887040 -0.0148493 -0.0186568
v 1.6673591 -0.0605359 -0.0760579
v 1.6222098 -0.0989209 -0.1242853
v 1.5587017 -0.1253747 -0.1575220
v 1.4844950 -0.1367064 -0.1717593
v 1.4085399 -0.1315493 -0.1652799
v 1.3399978 -0.1105254 -0.1388653
v 1.2871359 -0.0761705 -0.0957014
v 1.2563301 -0.0326284 -0.0409946
v 1.2512960 0.0148493 0.0186568
v 1.2726409 0.0605359 0.0760579
v 1.3177902 0.0989209 0.1242853
v 1.3812983 0.1253747 0.1575220
v 1.4555050 0.1367064 0.1717593
v 1.5314601 0.1315493 0.1652799
v 1.6022310 0.2998153 -0.0097604
v 1.6550961 0.2656097 -0.0530388
v 1.6859112 0.2227464 -0.1082739
v 1.6909596 0.1763953 -0.1688036
v 1.6696325 0.1321470 -0.2273271
v 1.6245020 0.0953386 -0.2767856
v 1.5610118 0.0704097 -0.3112136
v 1.4868196 0.0603671 -0.3264588
v 1.4108741 0.0664220 -0.3206821
v 1.3423354 0.0878442 -0.2945805
v 1.2894703 0.1220498 -0.2513021
v 1.2586552 0.1649131 -0.1960670
v 1.2536068 0.2112642 -0.1355373
v 1.2749340 0.2555125 -0.0770138
v 1.3200644 0.2923209 -0.0275553
v 1.3835546 0.3172498 0.0068727
v 1.4577468 0.3272924 0.0221179
v 1.5336924 0.3212375 0.0163412
v 1.6071553 0.4934677 -0.1501867
v 1.6600341 0.4616751 -0.1952513
v 1.6908679 0.4219407 -0.2527684
v 1.6959376 0.3790572 -0.3158006
v 1.6746317 0.3381968 -0.3767452
v 1.6295202 0.3042880 -0.4282515
v 1.5660440 0.2814206 -0.4641069
v 1.4918594 0.2723528 -0.4799869
v 1.4159141 0.2781784 -0.4739761
v 1.3473683 0.2981945 -0.4467994
v 1.2944895 0.3299871 -0.4017348
v 1.2636558 0.3697215 -0.3442177
v 1.2585861 0.4126050 -0.2811856
v 1.2798919 0.4534654 -0.2202409
v 1.3250034 0.4873742 -0.1687347
v 1.3884796 0.5102416 -0.1328792
v 1.4626642 0.5193094 -0.1169992
v 1.5386095 0.5134839 -0.1230100
v 1.6096943 0.7005581 -0.2791702
v 1.6625103 0.6737629 -0.3274428
v 1.6932586 0.6396207 -0.3884887
v 1.6982306 0.6022495 -0.4549449
v 1.6768265 0.5661568 -0.5187958
v 1.6316279 0.5356960 -0.5723401
v 1.5680866 0.5145412 -0.6091195
v 1.4938664 0.5052437 -0.6246978
v 1.4179196 0.5089252 -0.6171962
v 1.3494063 0.5251415 -0.5875193
v 1.2965903 0.5519367 -0.5392468
v 1.2658420 0.5860789 -0.4782009
v 1.2608700 0.6234501 -0.4117446
v 1.2822741 0.6595428 -0.3478937
v 1.3274727 0.6900036 -0.2943495
v 1.3910140 0.7111584 -0.2575701
v 1.4652342 0.7204559 -0.2419918
v 1.5411810 0.7167744 -0.2494934
v 1.6018226 0.9279502 -0.3932275
v 1.6542050 0.9087269 -0.4454223
v 1.6844789 0.8823271 -0.5104169
v 1.6889928 0.8519352 -0.5803719
v 1.6672024 0.8212167 -0.6468498
v 1.6217358 0.7938769 -0.7018323
v 1.5580769 0.7732133 -0.7386877
v 1.4839041 0.7617182 -0.7529708
v 1.4081636 0.7607781 -0.7429587
v 1.3399908 0.7705065 -0.7098591
v 1.2876084 0.7897298 -0.6576643
v 1.2573344 0.8161296 -0.5926697
v 1.2528205 0.8465216 -0.5227146
v 1.2746109 0.8772400 -0.4562368
v 1.3200775 0.9045798 -0.4012543
v 1.3837364 0.9252434 -0.3643988
v 1.4579092 0.9367385 -0.3501158
v 1.5336498 0.9376786 -0.3601279
v 1.5731790 1.1788123 -0.4882971
v 1.6243015 1.1693168 -0.5442799
v 1.6533453 1.1521735 -0.6128388
v 1.6568072 1.1294501 -0.6857045
v 1.6342696 1.1038873 -0.7540884
v 1.5884510 1.0785685 -0.8097424
v 1.5248777 1.0565474 -0.8459537
v 1.4512176 1.0404801 -0.8583548
v 1.3763552 1.0323046 -0.8454499
v 1.3093200 1.0330069 -0.8087955
v 1.2581975 1.0425024 -0.7528127
v 1.2291537 1.0596457 -0.6842538
v 1.2256918 1.0823692 -0.6113881
v 1.2482294 1.1079319 -0.5430042
v 1.2940480 1.1332508 -0.4873502
v 1.3576213 1.1552719 -0.4511389
v 1.4312814 1.1713391 -0.4387378
v 1.5061438 1.1795147 -0.4516427
v 1.5122556 1.4514369 -0.5600827
v 1.5608333 1.4530733 -0.6190343
v 1.5875907 1.4458867 -0.6902393
v 1.5893003 1.4307440 -0.7651094
v 1.5657561 1.4094717 -0.8346141
v 1.5197977 1.3846354 -0.8903702
v 1.4569685 1.3592309 -0.9256527
v 1.3848465 1.3363222 -0.9362059
v 1.3121308 1.3186725 -0.9207570
v 1.2475919 1.3084106 -0.8811693
v 1.1990142 1.3067743 -0.8222178
v 1.1722569 1.3139608 -0.7510128
v 1.1705472 1.3291035 -0.6761427
v 1.1940915 1.3503759 -0.6066380
v 1.2400498 1.3752121 -0.5508819
v 1.3028791 1.4006167 -0.5155994
v 1.3750010 1.4235254 -0.5050462
v 1.4477167 1.4411751 -0.5204951
v 1.4080835 1.7388795 -0.6047678
v 1.4525171 1.7521607 -0.6654885
v 1.4757902 1.7548471 -0.7382134
v 1.4750957 1.7466145 -0.8141706
v 1.4505172 1.7284560 -0.8841986
v 1.4050194 1.7025618 -0.9398510
v 1.3440899 1.6720551 -0.9744153
v 1.2750778 1.6406154 -0.9837226
v 1.2063069 1.6120348 -0.9666502
v 1.1460720 1.5897606 -0.9252573
v 1.1016383 1.5764794 -0.8645365
v 1.0783652 1.5737931 -0.7918117
v 1.0790598 1.5820257 -0.7158545
v 1.1036382 1.6001841 -0.6458264
v 1.1491360 1.6260784 -0.5901740
v 1.2100655 1.6565851 -0.5556097
v 1.2790776 1.6880248 -0.5463025
v 1.3478486 1.7166054 -0.5633749
v 1.2520088 2.0295504 -0.6196602
v 1.2905872 2.0541518 -0.6808504
v 1.3091933 2.0660169 -0.7539994
v 1.3055830 2.0637146 -0.8302846
v 1.2801918 2.0475226 -0.9005046
v 1.2360820 2.0193939 -0.9561900
v 1.1785742 1.9827213 -0.9906243
v 1.1146045 1.9419280 -0.9996542
v 1.0518887 1.9019342 -0.9821906
v 0.9979912 1.8675639 -0.9403398
v 0.9594128 1.8429625 -0.8791496
v 0.9408067 1.8310975 -0.8060006
v 0.9444170 1.8333997 -0.7297154
v 0.9698082 1.8495917 -0.6594954
v 1.0139180 1.8777204 -0.6038100
v 1.0714258 1.9143930 -0.5693757
v 1.1353955 1.9551863 -0.5603458
v 1.1981113 1.9951801 -0.5778094
v 1.0391518 2.3085094 -0.6035408
v 1.0702291 2.3434276 -0.6639781
v 1.0830987 2.3633761 -0.7366017
v 1.0762082 2.3659488 -0.8126521
v 1.0503887 2.3508355 -0.8829564
v 1.0087545 2.3198590 -0.9390349
v 0.9563272 2.2767555 -0.9741238
v 0.8994304 2.2267240 -0.9839908
v 0.8449267 2.1757990 -0.9674457
v 0.7993899 2.1301228 -0.9264843
v 0.7683126 2.0952047 -0.8660469
v 0.7554430 2.0752562 -0.7934233
v 0.7623335 2.0726834 -0.7173730
v 0.7881530 2.0877967 -0.6470686
v 0.8297872 2.1187732 -0.5909901
v 0.8822144 2.1618767 -0.5559012
v 0.9391112 2.2119082 -0.5460343
v 0.9936150 2.2628332 -0.5625793
v 0.7693281 2.5591104 -0.5567299
v 0.7914452 2.6028406 -0.6153495
v 0.7976597 2.6295418 -0.6866670
v 0.7872220 2.6359934 -0.7620804
v 0.7613910 2.6214173 -0.8324938
v 0.7232823 2.5875715 -0.8894143
v 0.6774925 2.5385383 -0.9259765
v 0.6295443 2.4802319 -0.9377703
v 0.5852211 2.4196849 -0.9233734
v 0.5498690 2.3642002 -0.8845221
v 0.5277518 2.3204699 -0.8259026
v 0.5215373 2.2937688 -0.7545851
v 0.5319751 2.2873171 -0.6791717
v 0.5578061 2.3018933 -0.6087583
v 0.5959147 2.3357391 -0.5518377
v 0.6417046 2.3847722 -0.5152756
v 0.6896528 2.4430786 -0.5034817
v 0.7339759 2.5036256 -0.5178787
v 0.4473874 2.7647272 -0.4809841
v 0.4593444 2.8154101 -0.5368951
v 0.4581425 2.8473950 -0.6062728
v 0.4439269 2.8568241 -0.6807494
v 0.4184120 2.8425603 -0.7513418
v 0.3846754 2.8063237 -0.8095356
v 0.3467862 2.7524853 -0.8483116
v 0.3093144 2.6875386 -0.8629930
v 0.2767796 2.6193172 -0.8518090
v 0.2531061 2.5560495 -0.8161085
v 0.2411492 2.5053667 -0.7601975
v 0.2423510 2.4733818 -0.6908198
v 0.2565667 2.4639527 -0.6163432
v 0.2820816 2.4782165 -0.5457508
v 0.3158182 2.5144530 -0.4875570
v 0.3537074 2.5682915 -0.4487810
v 0.3911792 2.6332382 -0.4340996
v 0.4237139 2.7014596 -0.4452836
v 0.0830036 2.9103903 -0.3793145
v 0.0839050 2.9659178 -0.4317896
v 0.0746863 3.0016194 -0.4987087
v 0.0564593 3.0131889 -0.5720004
v 0.0314224 2.9992308 -0.6428247
v 0.0025956 2.9614286 -0.7026391
v -0.0265443 2.9043419 -0.7442292
v -0.0524826 2.8348562 -0.7625784
v -0.0720907 2.7613525 -0.7554737
v -0.0830036 2.6926963 -0.7237720
v -0.0839050 2.6371687 -0.6712970
v -0.0746863 2.6014671 -0.6043779
v -0.0564593 2.5898977 -0.5310862
v -0.0314224 2.6038558 -0.4602619
v -0.0025956 2.6416580 -0.4004475
v 0.0265443 2.6987447 -0.3588574
v 0.0524826 2.7682304 -0.3405082
v 0.0720907 2.8417341 -0.3476128
v -0.3100144 2.9842135 -0.2557788
v -0.3207226 3.0423072 -0.3042372
v -0.3383800 3.0800702 -0.3682679
v -0.3608566 3.0929478 -0.4401478
v -0.3854415 3.0793868 -0.5112072
v -0.4091694 3.0410228 -0.5728752
v -0.4291784 2.9824831 -0.6177138
v -0.4430551 2.9108284 -0.6403148
v -0.4491257 2.8347014 -0.6379521
v -0.4466580 2.7632841 -0.6109108
v -0.4359498 2.7051905 -0.5624524
v -0.4182925 2.6674275 -0.4984217
v -0.3958158 2.6545499 -0.4265418
v -0.3712309 2.6681109 -0.3554824
v -0.3475030 2.7064749 -0.2938144
v -0.3274940 2.7650146 -0.2489758
v -0.3136173 2.8366692 -0.2263748
v -0.3075467 2.9127962 -0.2287375
v -0.7148029 2.9785140 -0.1152623
v -0.7372995 3.0367897 -0.1592579
v -0.7636020 3.0748762 -0.2200472
v -0.7905382 3.0881798 -0.2902983
v -0.8148589 3.0750958 -0.3615378
v -0.8336309 3.0372025 -0.4251732
v -0.8445899 2.9790702 -0.4735290
v -0.8464141 2.9077106 -0.5007730
v -0.8388834 2.8317307 -0.5036190
v -0.8229063 2.7602948 -0.4817238
v -0.8004097 2.7020191 -0.4377283
v -0.7741071 2.6639326 -0.3769389
v -0.7471710 2.6506290 -0.3066879
v -0.7228503 2.6637130 -0.2354484
v -0.7040783 2.7016063 -0.1718130
v -0.6931193 2.7597386 -0.1234571
v -0.6912951 2.8310982 -0.0962132
v -0.6988257 2.9070781 -0.0933671
v -1.1128083 2.8905377 0.0367446
v -1.1468644 2.9465739 -0.0024713
v -1.1817565 2.9831832 -0.0597431
v -1.2132760 2.9959500 -0.1281630
v -1.2376213 2.9833344 -0.1994785
v -1.2518559 2.9468581 -0.2650880
v -1.2542630 2.8909206 -0.3170780
v -1.2445522 2.8222689 -0.3491777
v -1.2238948 2.7491833 -0.3575154
v -1.1947823 2.6804790 -0.3410855
v -1.1607263 2.6244428 -0.3018696
v -1.1258342 2.5878335 -0.2445978
v -1.0943147 2.5750667 -0.1761779
v -1.0699694 2.5876823 -0.1048624
v -1.0557348 2.6241586 -0.0392529
v -1.0533277 2.6800961 0.0127371
v -1.0630385 2.7487478 0.0448368
v -1.0836959 2.8218335 0.0531745
v -1.4853047 2.7227336 0.1943737
v -1.5302611 2.7741493 0.1601231
v -1.5733767 2.8074617 0.1065593
v -1.6094513 2.8186527 0.0401428
v -1.6341336 2.8063727 -0.0311154
v -1.6444467 2.7721027 -0.0986207
v -1.6391465 2.7199762 -0.1542308
v -1.6188725 2.6562804 -0.1912385
v -1.5860700 2.5886980 -0.2051799
v -1.5446953 2.5253804 -0.1943737
v -1.4997389 2.4739647 -0.1601231
v -1.4566233 2.4406523 -0.1065593
v -1.4205487 2.4294612 -0.0401428
v -1.3958664 2.4417413 0.0311154
v -1.3855533 2.4760113 0.0986207
v -1.3908535 2.5281378 0.1542308
v -1.4111275 2.5918336 0.1912385
v -1.4439300 2.6594160 0.2051799
v -1.8149188 2.4825519 0.3516060
v -1.8696790 2.5270968 0.3223685
v -1.9203075 2.5553434 0.2726026
v -1.9606977 2.5638847 0.2083109
v -1.9859779 2.5516907 0.1372477
v -1.9930991 2.5202320 0.0679845
v -1.9812022 2.4733031 0.0088754
v -1.9517223 2.4165642 -0.0329503
v -1.9082149 2.3568589 -0.0524477
v -1.8559279 2.3013886 -0.0472651
v -1.8011677 2.2568437 -0.0180276
v -1.7505392 2.2285971 0.0317383
v -1.7101490 2.2200558 0.0960300
v -1.6848687 2.2322498 0.1670932
v -1.6777476 2.2637085 0.2363564
v -1.6896444 2.3106374 0.2954656
v -1.7191244 2.3673763 0.3372912
v -1.7626317 2.4270816 0.3567886
v -2.0870151 2.1817896 0.5024953
v -2.1500621 2.2174434 0.4781718
v -2.2071372 2.2389980 0.4321763
v -2.2513563 2.2438538 0.3700567
v -2.2773859 2.2314250 0.2993054
v -2.2820865 2.2032107 0.2284562
v -2.2648911 2.1626140 0.1660545
v -2.2278736 2.1145315 0.1196268
v -2.1754991 2.0647625 0.0947730
v -2.1140845 2.0193100 0.0944908
v -2.0510375 1.9836563 0.1188144
v -1.9939624 1.9621016 0.1648098
v -1.9497433 1.9572458 0.2269295
v -1.9237137 1.9696746 0.2976807
v -1.9190131 1.9978889 0.3685299
v -1.9362086 2.0384856 0.4309317
v -1.9732260 2.0865682 0.4773594
v -2.0256005 2.1363371 0.5022132
v -2.2908052 1.8355485 0.6413798
v -2.3602468 1.8606255 0.6217137
v -2.4223702 1.8741111 0.5793275
v -2.4696821 1.8743787 0.5193337
v -2.4964763 1.8613962 0.4489683
v -2.4995207 1.8367293 0.3767185
v -2.4784484 1.8033534 0.3112987
v -2.4358008 1.7652939 0.2605994
v -2.3767219 1.7271415 0.2307358
v -2.3083376 1.6934978 0.2253098
v -2.2388959 1.6684209 0.2449759
v -2.1767726 1.6549353 0.2873620
v -2.1294606 1.6546676 0.3473559
v -2.1026665 1.6676502 0.4177212
v -2.0996220 1.6923170 0.4899710
v -2.1206944 1.7256930 0.5553909
v -2.1633420 1.7637525 0.6060901
v -2.2224208 1.8019049 0.6359538
v -2.4200749 1.4609172 0.7630732
v -2.4937230 1.4741680 0.7476419
v -2.5592278 1.4785661 0.7085581
v -2.6086884 1.4735811 0.6505361
v -2.6361391 1.4598142 0.5805741
v -2.6382689 1.4389258 0.5071105
v -2.6148211 1.4134355 0.4390062
v -2.5686237 1.3864178 0.3844755
v -2.5052488 1.3611313 0.3500957
v -2.4323404 1.3406261 0.3400134
v -2.3586923 1.3273753 0.3554447
v -2.2931875 1.3229772 0.3945284
v -2.2437270 1.3279622 0.4525505
v -2.2162763 1.3417291 0.5225125
v -2.2141464 1.3626175 0.5959761
v -2.2375942 1.3881077 0.6640804
v -2.2837916 1.4151255 0.7186111
v -2.3471665 1.4404119 0.7529909
v -2.4734664 1.0755137 0.8630279
v -2.5489531 1.0762173 0.8512376
v -2.6160130 1.0709691 0.8149998
v -2.6665577 1.0604021 0.7586852
v -2.6944906 1.0457908 0.6890862
v -2.6964427 1.0288976 0.6145976
v -2.6721786 1.0117600 0.5442036
v -2.6246248 0.9964451 0.4863949
v -2.5595170 0.9848000 0.4481441
v -2.4847083 0.9782295 0.4340647
v -2.4092215 0.9775259 0.4458550
v -2.3421616 0.9827741 0.4820928
v -2.2916170 0.9933411 0.5384074
v -2.2636840 1.0079524 0.6080064
v -2.2617319 1.0248456 0.6824950
v -2.2859960 1.0419832 0.7528890
v -2.3335498 1.0572981 0.8106977
v -2.3986576 1.0689431 0.8489485
v -2.4543034 0.6960441 0.9374616
v -2.5292381 0.6840788 0.9285522
v -2.5960213 0.6691607 0.8945638
v -2.6465980 0.6530893 0.8395959
v -2.6748678 0.6378031 0.7702785
v -2.6774211 0.6251457 0.6949723
v -2.6539498 0.6166438 0.6227603
v -2.6072850 0.6133229 0.5623524
v -2.5430551 0.6155835 0.5210346
v -2.4690071 0.6231530 0.5037905
v -2.3940725 0.6351183 0.5126999
v -2.3272893 0.6500364 0.5466883
v -2.2767126 0.6661077 0.6016562
v -2.2484427 0.6813940 0.6709735
v -2.2458895 0.6940514 0.7462797
v -2.2693607 0.7025533 0.8184917
v -2.3160256 0.7058742 0.8788997
v -2.3802555 0.7036136 0.9202175
v -2.3700078 0.3370229 0.9834479
v -2.4421734 0.3129025 0.9765138
v -2.5070354 0.2888597 0.9440696
v -2.5567703 0.2677945 0.8900285
v -2.5853795 0.2522476 0.8209085
v -2.5894122 0.2440942 0.7450467
v -2.5683821 0.2443178 0.6715931
v -2.5248256 0.2528913 0.6094072
v -2.4639964 0.2687807 0.5659896
v -2.3932313 0.2900694 0.5465771
v -2.3210657 0.3141899 0.5535112
v -2.2562037 0.3382326 0.5859554
v -2.2064688 0.3592979 0.6399966
v -2.1778596 0.3748447 0.7091165
v -2.1738269 0.3829981 0.7849783
v -2.1948570 0.3827746 0.8584319
v -2.2384135 0.3742011 0.9206178
v -2.2992427 0.3583117 0.9640354
v -2.2312037 0.0097741 0.9989776
v -2.2987852 -0.0253683 0.9930175
v -2.3604824 -0.0574508 0.9613644
v -2.4088538 -0.0826040 0.9078361
v -2.4380651 -0.0977938 0.8388888
v -2.4445929 -0.1011883 0.7628387
v -2.4276500 -0.0923780 0.6888585
v -2.3892799 -0.0724255 0.6258713
v -2.3341106 -0.0437375 0.5814743
v -2.2687963 -0.0097741 0.5610224
v -2.2012148 0.0253683 0.5669825
v -2.1395176 0.0574508 0.5986356
v -2.0911462 0.0826040 0.6521639
v -2.0619349 0.0977938 0.7211112
v -2.0554071 0.1011883 0.7971613
v -2.0723500 0.0923780 0.8711415
v -2.1107201 0.0724255 0.9341287
v -2.1658894 0.0437375 0.9785257
v -2.0506399 -0.2782174 0.9830161
v -2.1124585 -0.3227178 0.9770219
v -2.1703479 -0.3613205 0.9454562
v -2.2173259 -0.3893697 0.8921264
v -2.2477261 -0.4034820 0.8234647
v -2.2578819 -0.4019554 0.7477529
v -2.2465684 -0.3849740 0.6741228
v -2.2151500 -0.3545859 0.6114554
v -2.1674163 -0.3144566 0.5673092
v -2.1091248 -0.2694260 0.5470089
v -2.0473062 -0.2249256 0.5530032
v -1.9894167 -0.1863229 0.5845688
v -1.9424388 -0.1582737 0.6378987
v -1.9120385 -0.1441614 0.7065603
v -1.9018827 -0.1456880 0.7822721
v -1.9131963 -0.1626694 0.8559022
v -1.9446147 -0.1930575 0.9185697
v -1.9923483 -0.2331868 0.9627158
v -1.8420523 -0.5235887 0.9355964
v -1.8977587 -0.5754235 0.9286892
v -1.9519276 -0.6187747 0.8966866
v -1.9980253 -0.6484134 0.8434484
v -2.0304917 -0.6607649 0.7753961
v -2.0454111 -0.6543394 0.7007377
v -2.0409838 -0.6299119 0.6284781
v -2.0177439 -0.5904286 0.5673329
v -1.9784945 -0.5406519 0.5246771
v -1.9279695 -0.4865856 0.5056557
v -1.8722631 -0.4347508 0.5125628
v -1.8180943 -0.3913996 0.5445655
v -1.7719966 -0.3617609 0.5978036
v -1.7395301 -0.3494094 0.6658560
v -1.7246108 -0.3558349 0.7405144
v -1.7290380 -0.3802625 0.8127740
v -1.7522779 -0.4197457 0.8739192
v -1.7915274 -0.4695224 0.9165749
v -1.6190426 -0.7270358 0.8579906
v -1.6691943 -0.7840626 0.8495934
v -1.7204528 -0.8303716 0.8169469
v -1.7666355 -0.8603775 0.7639888
v -1.8021722 -0.8704610 0.6971067
v -1.8227766 -0.8594058 0.6243674
v -1.8259634 -0.8285455 0.5545445
v -1.8113484 -0.7816023 0.4960596
v -1.7806944 -0.7242381 0.4559668
v -1.7376985 -0.6633719 0.4391020
v -1.6875468 -0.6063452 0.4474992
v -1.6362884 -0.5600361 0.4801457
v -1.5901056 -0.5300302 0.5331038
v -1.5545690 -0.5199467 0.5999859
v -1.5339646 -0.5310019 0.6727252
v -1.5307777 -0.5618622 0.7425481
v -1.5453927 -0.6088054 0.8010330
v -1.5760468 -0.6661696 0.8411258
v -1.3939682 -0.8929079 0.7529696
v -1.4399162 -0.9531287 0.7429703
v -1.4896021 -1.0008176 0.7098821
v -1.5370331 -1.0302226 0.6576958
v -1.5764883 -1.0377971 0.5927061
v -1.6032087 -1.0226273 0.5227514
v -1.6139716 -0.9865431 0.4562695
v -1.6074787 -0.9338967 0.4012790
v -1.5845132 -0.8710380 0.3644126
v -1.5478451 -0.8055488 0.3501169
v -1.5018971 -0.7453280 0.3601163
v -1.4522112 -0.6976391 0.3932045
v -1.4047802 -0.6682341 0.4453907
v -1.3653251 -0.6606597 0.5103805
v -1.3386046 -0.6758294 0.5803352
v -1.3278417 -0.7119136 0.6468171
v -1.3343346 -0.7645600 0.7018076
v -1.3573001 -0.8274187 0.7386740
v -1.1768071 -1.0284195 0.6250585
v -1.2203585 -1.0901934 0.6138777
v -1.2699599 -1.1380617 0.5809220
v -1.3196288 -1.1662506 0.5301662
v -1.3633742 -1.1713602 0.4677324
v -1.3959199 -1.1527742 0.4011509
v -1.4133404 -1.1127343 0.3384525
v -1.4135344 -1.0560700 0.2871995
v -1.3964786 -0.9896158 0.2535737
v -1.3642302 -0.9213870 0.2416310
v -1.3206788 -0.8596131 0.2528119
v -1.2710773 -0.8117448 0.2857676
v -1.2214085 -0.7835559 0.3365233
v -1.1776631 -0.7784463 0.3989572
v -1.1451174 -0.7970323 0.4655387
v -1.1276969 -0.8370721 0.5282371
v -1.1275029 -0.8937365 0.5794901
v -1.1445587 -0.9601907 0.6131158
v -0.9740407 -1.1424380 0.4805521
v -1.0169626 -1.2045853 0.4690123
v -1.0676603 -1.2518784 0.4369053
v -1.1200189 -1.2786130 0.3881038
v -1.1677232 -1.2815645 0.3284938
v -1.2050194 -1.2603769 0.2652654
v -1.2274089 -1.2176058 0.2060447
v -1.2321913 -1.1584099 0.1579746
v -1.2187898 -1.0899292 0.1268532
v -1.1888207 -1.0204235 0.1164340
v -1.1458988 -0.9582761 0.1279739
v -1.0952011 -0.9109830 0.1600809
v -1.0428425 -0.8842484 0.2088824
v -0.9951382 -0.8812969 0.2684923
v -0.9578420 -0.9024845 0.3317208
v -0.9354525 -0.9452556 0.3909415
v -0.9306701 -1.0044515 0.4390115
v -0.9440716 -1.0729322 0.4701330
v -0.7878165 -1.2439585 0.3270016
v -0.8313569 -1.3057663 0.3159657
v -0.8836594 -1.3521781 0.2851736
v -0.9384157 -1.3775958 0.2383394
v -0.9890213 -1.3789538 0.1811120
v -1.0293724 -1.3560882 0.1203937
v -1.0546022 -1.3117570 0.0635082
v -1.0616675 -1.2513072 0.0173167
v -1.0497162 -1.1820299 -0.0126095
v -1.0201897 -1.1122810 -0.0226607
v -0.9766493 -1.0504732 -0.0116248
v -0.9243468 -1.0040615 0.0191673
v -0.8695905 -0.9786438 0.0660015
v -0.8189849 -0.9772858 0.1232289
v -0.7786338 -1.0001513 0.1839472
v -0.7534040 -1.0444825 0.2408327
v -0.7463387 -1.1049323 0.2870242
v -0.7582900 -1.1742096 0.3169504
v -0.6158147 -1.3406272 0.1721313
v -0.6604258 -1.4018296 0.1620383
v -0.7140317 -1.4475001 0.1324011
v -0.7701667 -1.4721303 0.0867944
v -0.8220601 -1.4727493 0.0307190
v -0.8634527 -1.4492826 -0.0290616
v -0.8893520 -1.4045604 -0.0853369
v -0.8966342 -1.3439771 -0.1313193
v -0.8844210 -1.2748398 -0.1614627
v -0.8541853 -1.2054875 -0.1721313
v -0.8095742 -1.1442851 -0.1620383
v -0.7559683 -1.0986146 -0.1324011
v -0.6998333 -1.0739844 -0.0867944
v -0.6479399 -1.0733653 -0.0307190
v -0.6065473 -1.0968321 0.0290616
v -0.5806480 -1.1415542 0.0853369
v -0.5733658 -1.2021376 0.1313193
v -0.5855790 -1.2712749 0.1614627
v -0.4520298 -1.4377382 0.0226372
v -0.4973393 -1.4985297 0.0131923
v -0.5512052 -1.5440538 -0.0161977
v -0.6071307 -1.5688195 -0.0619881
v -0.6583701 -1.5698398 -0.1186558
v -0.6987434 -1.5469916 -0.1793659
v -0.7233809 -1.5030308 -0.2367958
v -0.7293110 -1.4432596 -0.2840186
v -0.7158183 -1.3748874 -0.3153386
v -0.6845304 -1.3061608 -0.3269781
v -0.6392209 -1.2453694 -0.3175332
v -0.5853550 -1.1998453 -0.2881432
v -0.5294296 -1.1750796 -0.2423528
v -0.4781901 -1.1740593 -0.1856851
v -0.4378168 -1.1969075 -0.1249750
v -0.4131793 -1.2408683 -0.0675451
v -0.4072492 -1.3006395 -0.0203223
v -0.4207419 -1.3690117 0.0109977
v -0.2881484 -1.5378299 -0.1164603
v -0.3330526 -1.5988684 -0.1262412
v -0.3855289 -1.6452393 -0.1567983
v -0.4392477 -1.6713497 -0.2044458
v -0.4877299 -1.6740502 -0.2634368
v -0.5251277 -1.6530151 -0.3266561
v -0.5469304 -1.6107816 -0.3864786
v -0.5505084 -1.5524436 -0.4356887
v -0.5354300 -1.4850376 -0.4683510
v -0.5035138 -1.4166937 -0.4805259
v -0.4586096 -1.3556552 -0.4707449
v -0.4061334 -1.3092843 -0.4401879
v -0.3524145 -1.2831739 -0.3925404
v -0.3039323 -1.2804734 -0.3335493
v -0.2665345 -1.3015085 -0.2703300
v -0.2447318 -1.3437420 -0.2105076
v -0.2411538 -1.4020800 -0.1612975
v -0.2562323 -1.4694860 -0.1286352
v -0.1149453 -1.6405978 -0.2416283
v -0.1577021 -1.7028828 -0.2530384
v -0.2066499 -1.7512815 -0.2861960
v -0.2558850 -1.7799563 -0.3371020
v -0.2994689 -1.7854485 -0.3996163
v -0.3321447 -1.7670957 -0.4661987
v -0.3499713 -1.7271116 -0.5288185
v -0.3507985 -1.6703187 -0.5799227
v -0.3345265 -1.6035672 -0.6133474
v -0.3031180 -1.5349083 -0.6250612
v -0.2603612 -1.4726232 -0.6136512
v -0.2114134 -1.4242245 -0.5804935
v -0.1621783 -1.3955498 -0.5295876
v -0.1185944 -1.3900576 -0.4670733
v -0.0859186 -1.4084104 -0.4004909
v -0.0680920 -1.4483945 -0.3378711
v -0.0672648 -1.5051874 -0.2867669
v -0.0835368 -1.5719389 -0.2533421
v 0.0765295 -1.7427842 -0.3501027
v 0.0381958 -1.8073482 -0.3642368
v -0.0047449 -1.8587783 -0.4009628
v -0.0471132 -1.8908712 -0.4558510
v -0.0837990 -1.8997561 -0.5222812
v -0.1103774 -1.8843613 -0.5922408
v -0.1236427 -1.8465437 -0.6572916
v -0.1219948 -1.7908646 -0.7095877
v -0.1056326 -1.7240398 -0.7428213
v -0.0765295 -1.6541292 -0.7529839
v -0.0381958 -1.5895652 -0.7388498
v 0.0047449 -1.5381351 -0.7021238
v 0.0471132 -1.5060422 -0.6472355
v 0.0837990 -1.4971573 -0.5808054
v 0.1103774 -1.5125521 -0.5108458
v 0.1236427 -1.5503697 -0.4457949
v 0.1219948 -1.6060488 -0.3934989
v 0.1056326 -1.6728736 -0.3602653
v 0.2937747 -1.8380250 -0.4391951
v 0.2624575 -1.9055184 -0.4565628
v 0.2280844 -1.9604190 -0.4970864
v 0.1948013 -1.9961050 -0.5558784
v 0.1666226 -2.0082722 -0.6258475
v 0.1469470 -1.9954529 -0.6985544
v 0.1381477 -1.9591935 -0.7652296
v 0.1412861 -1.9038673 -0.8178310
v 0.1559836 -1.8361474 -0.8500143
v 0.1804675 -1.7642019 -0.8578975
v 0.2117846 -1.6967086 -0.8405298
v 0.2461577 -1.6418079 -0.8000061
v 0.2794409 -1.6061219 -0.7412142
v 0.3076196 -1.5939548 -0.6712451
v 0.3272952 -1.6067740 -0.5985382
v 0.3360944 -1.6430335 -0.5318630
v 0.3329560 -1.6983597 -0.4792616
v 0.3182585 -1.7660796 -0.4470783
v 0.5415079 -1.9169938 -0.5060319
v 0.5197720 -1.9873446 -0.5264298
v 0.4962649 -2.0453524 -0.5702506
v 0.4738219 -2.0840207 -0.6322088
v 0.4551500 -2.0986855 -0.7048315
v 0.4425012 -2.0875780 -0.7793593
v 0.4374012 -2.0520379 -0.8468029
v 0.4404651 -1.9963519 -0.8990278
v 0.4513234 -1.9272365 -0.9297348
v 0.4686664 -1.8530281 -0.9352201
v 0.4904023 -1.7826773 -0.9148223
v 0.5139094 -1.7246695 -0.8710015
v 0.5363524 -1.6860012 -0.8090432
v 0.5550244 -1.6713364 -0.7364205
v 0.5676732 -1.6824439 -0.6618928
v 0.5727732 -1.7179840 -0.5944491
v 0.5697092 -1.7736700 -0.5422243
v 0.5588509 -1.8427854 -0.5115173
v 0.8204083 -1.9681935 -0.5477868
v 0.8104096 -2.0404830 -0.5704144
v 0.7994936 -2.1004287 -0.6165134
v 0.7889770 -2.1408001 -0.6805235
v 0.7801283 -2.1567280 -0.7547243
v 0.7740146 -2.1462911 -0.8301660
v 0.7713734 -2.1107484 -0.8977492
v 0.7725233 -2.0543868 -0.9493224
v 0.7773256 -1.9840042 -0.9786652
v 0.7852010 -1.9080900 -0.9822382
v 0.7951996 -1.8358005 -0.9596106
v 0.8061156 -1.7758549 -0.9135117
v 0.8166322 -1.7354834 -0.8495015
v 0.8254810 -1.7195556 -0.7753007
v 0.8315946 -1.7299924 -0.6998590
v 0.8342358 -1.7655352 -0.6322758
v 0.8330859 -1.8218968 -0.5807026
v 0.8282837 -1.8922793 -0.5513599
v 1.1263609 -1.9794099 -0.5621784
v 1.1295616 -2.0519763 -0.5858772
v 1.1322122 -2.1120688 -0.6329900
v 1.1339928 -2.1524394 -0.6978344
v 1.1346888 -2.1682187 -0.7725892
v 1.1342162 -2.1575037 -0.8482379
v 1.1326320 -2.1215866 -0.9156560
v 1.1301272 -2.0647996 -0.9667121
v 1.1270040 -1.9939921 -0.9952479
v 1.1236391 -1.9177044 -0.9978216
v 1.1204384 -1.8451380 -0.9741228
v 1.1177878 -1.7850455 -0.9270100
v 1.1160072 -1.7446750 -0.8621656
v 1.1153112 -1.7288956 -0.7874108
v 1.1157838 -1.7396106 -0.7117621
v 1.1173680 -1.7755277 -0.6443440
v 1.1198728 -1.8323147 -0.5932879
v 1.1229960 -1.9031222 -0.5647521
v 1.4504694 -1.9394881 -0.5479366
v 1.4675081 -2.0101673 -0.5714290
v 1.4839245 -2.0682546 -0.6182705
v 1.4977385 -2.1067438 -0.6828112
v 1.5072840 -2.1209927 -0.7572666
v 1.5114096 -2.1092825 -0.8326563
v 1.5096178 -2.0730257 -0.8998871
v 1.5021246 -2.0165953 -0.9508501
v 1.4898339 -1.9467978 -0.9793983
v 1.4742280 -1.8720518 -0.9820885
v 1.4571894 -1.8013726 -0.9585960
v 1.4407730 -1.7432853 -0.9117546
v 1.4269590 -1.7047961 -0.8472138
v 1.4174135 -1.6905472 -0.7727584
v 1.4132878 -1.7022574 -0.6973687
v 1.4150796 -1.7385142 -0.6301379
v 1.4225728 -1.7949446 -0.5791749
v 1.4348636 -1.8647421 -0.5506267
v 1.7797970 -1.8400105 -0.5050709
v 1.8104940 -1.9064086 -0.5271331
v 1.8401733 -1.9602203 -0.5725335
v 1.8652552 -1.9949552 -0.6357960
v 1.8827144 -2.0064236 -0.7092902
v 1.8904452 -1.9932424 -0.7841517
v 1.8875149 -1.9570014 -0.8513511
v 1.8742772 -1.9020718 -0.9027831
v 1.8523286 -1.8350788 -0.9322443
v 1.8243165 -1.7641030 -0.9361812
v 1.7936195 -1.6977049 -0.9141189
v 1.7639402 -1.6438931 -0.8687186
v 1.7388583 -1.6091583 -0.8054561
v 1.7213990 -1.5976898 -0.7319619
v 1.7136683 -1.6108710 -0.6571003
v 1.7165985 -1.6471121 -0.5899010
v 1.7298363 -1.7020417 -0.5384690
v 1.7517849 -1.7690346 -0.5090078
v 2.0986216 -1.6765782 -0.4349286
v 2.1420661 -1.7363091 -0.4544874
v 2.1839155 -1.7836416 -0.4974527
v 2.2191221 -1.8128669 -0.5586420
v 2.2434393 -1.8204600 -0.6306751
v 2.2539342 -1.8055049 -0.7048638
v 2.2493410 -1.7698055 -0.7722597
v 2.2302137 -1.7176677 -0.8247340
v 2.1988593 -1.6553801 -0.8559574
v 2.1590595 -1.5904554 -0.8621640
v 2.1156149 -1.5307246 -0.8426051
v 2.0737656 -1.4833920 -0.7996399
v 2.0385590 -1.4541667 -0.7384506
v 2.0142418 -1.4465736 -0.6664174
v 2.0037469 -1.4615287 -0.5922288
v 2.0083401 -1.4972281 -0.5248329
v 2.0274674 -1.5493659 -0.4723586
v 2.0588218 -1.6116535 -0.4411352
v 2.3899694 -1.4495656 -0.3401055
v 2.4446397 -1.5004314 -0.3562789
v 2.4970868 -1.5392768 -0.3960041
v 2.5409849 -1.5614165 -0.4544896
v 2.5710391 -1.5641800 -0.5246812
v 2.5836245 -1.5472340 -0.5981127
v 2.5772231 -1.5126225 -0.6659273
v 2.5526071 -1.4645202 -0.7199455
v 2.5127453 -1.4087288 -0.7536520
v 2.4624459 -1.3519777 -0.7629811
v 2.4077756 -1.3011118 -0.7468077
v 2.3553285 -1.2622664 -0.7070825
v 2.3114304 -1.2401268 -0.6485970
v 2.2813762 -1.2373633 -0.5784054
v 2.2687908 -1.2543093 -0.5049739
v 2.2751922 -1.2889208 -0.4371592
v 2.2998083 -1.3370231 -0.3831410
v 2.3396700 -1.3928145 -0.3494346
v 2.6372315 -1.1643228 -0.2242760
v 2.7011192 -1.2044427 -0.2363805
v 2.7622072 -1.2330779 -0.2722418
v 2.8131275 -1.2467747 -0.3275344
v 2.8477382 -1.2438811 -0.3955894
v 2.8618648 -1.2247461 -0.4681982
v 2.8538035 -1.1916775 -0.5366032
v 2.8245266 -1.1486641 -0.5925537
v 2.7775652 -1.1008938 -0.6293013
v 2.7185837 -1.0541284 -0.6424136
v 2.6546960 -1.0140086 -0.6303091
v 2.5936080 -0.9853734 -0.5944478
v 2.5426877 -0.9716765 -0.5391551
v 2.5080770 -0.9745702 -0.4711002
v 2.4939504 -0.9937052 -0.3984913
v 2.5020117 -1.0267737 -0.3300863
v 2.5312886 -1.0697872 -0.2741359
v 2.5782500 -1.1175575 -0.2373883
v 2.8257047 -0.8308572 -0.0919840
v 2.8964337 -0.8587545 -0.0995272
v 2.9639026 -0.8758085 -0.1310686
v 3.0199736 -0.8799623 -0.1828039
v 3.0578838 -0.8707149 -0.2484930
v 3.0730606 -0.8491816 -0.3202129
v 3.0636734 -0.8179597 -0.3893130
v 3.0308545 -0.7808150 -0.4474589
v 2.9785624 -0.7422277 -0.4876373
v 2.9131042 -0.7068519 -0.5050022
v 2.8423751 -0.6789547 -0.4974590
v 2.7749062 -0.6619007 -0.4659175
v 2.7188352 -0.6577469 -0.4141822
v 2.6809250 -0.6669943 -0.3484931
v 2.6657483 -0.6885276 -0.2767733
v 2.6751354 -0.7197495 -0.2076732
v 2.7079543 -0.7568942 -0.1495273
v 2.7602465 -0.7954815 -0.1093488
v 2.9439236 -0.4630568 0.0515831
v 3.0188615 -0.4777175 0.0489144
v 3.0902241 -0.4822249 0.0219920
v 3.1494039 -0.4760354 -0.0259370
v 3.1892631 -0.4598955 -0.0890917
v 3.2049939 -0.4357519 -0.1598545
v 3.1946990 -0.4065168 -0.2296906
v 3.1596202 -0.3757162 -0.2901766
v 3.1039885 -0.3470651 -0.3340170
v 3.0345138 -0.3240194 -0.3559240
v 2.9595758 -0.3093587 -0.3532553
v 2.8882132 -0.3048513 -0.3263329
v 2.8290334 -0.3110408 -0.2784039
v 2.7891743 -0.3271807 -0.2152492
v 2.7734434 -0.3513243 -0.1444864
v 2.7837383 -0.3805595 -0.0746503
v 2.8188171 -0.4113601 -0.0141643
v 2.8744489 -0.4400111 0.0296761
f 1 19 20
f 1 20 2
f 2 20 21
f 2 21 3
f 3 21 22
f 3 22 4
f 4 22 23
f 4 23 5
f 5 23 24
f 5 24 6
f 6 24 25
f 6 25 7
f 7 25 26
f 7 26 8
f 8 26 27
f 8 27 9
f 9 27 28
f 9 28 10
f 10 28 29
f 10 29 11
f 11 29 30
f 11 30 12
f 12 30 31
f 12 31 13
f 13 31 32
f 13 32 14
f 14 32 33
f 14 33 15
f 15 33 34
f 15 34 16
f 16 34 35
f 16 35 17
f 17 35 36
f 17 36 18
f 18 36 19
f 18 19 1
f 19 37 38
f 19 38 20
f 20 38 39
f 20 39 21
f 21 39 40
f 21 40 22
f 22 40 41
f 22 41 23
f 23 41 42
f 23 42 24
f 24 42 43
f 24 43 25
f 25 43 44
f 25 44 26
f 26 44 45
f 26 45 27
f 27 45 46
f 27 46 28
f 28 46 47
f 28 47 29
f 29 47 48
f 29 48 30
f 30 48 49
f 30 49 31
f 31 49 50
f 31 50 32
f 32 50 51
f 32 51 33
f 33 51 52
f 33 52 34
f 34 52 53
f 34 53 35
f 35 53 54
f 35 54 36
f 36 54 37
f 36 37 19
f 37 55 56
f 37 56 38
f 38 56 57
f 38 57 39
f 39 57 58
f 39 58 40
f 40 58 59
f 40 59 41
f 41 59 60
f 41 60 42
f 42 60 61
f 42 61 43
f 43 61 62
f 43 62 44
f 44 62 63
f 44 63 45
f 45 63 64
f 45 64 46
f 46 64 65
f 46 65 47
f 47 65 66
f 47 66 48
f 48 66 67
f 48 67 49
f 49 67 68
f 49 68 50
f 50 68 69
f 50 69 51
f 51 69 70
f 51 70 52
f 52 70 71
f 52 71 53
f 53 71 72
f 53 72 54
f 54 72 55
f 54 55 37
f 55 73 74
f 55 74 56
f 56 74 75
f 56 75 57
f 57 75 76
f 57 76 58
f 58 76 77
f 58 77 59
f 59 77 78
f 59 78 60
f 60 78 79
f 60 79 61
f 61 79 80
f 61 80 62
f 62 80 81
f 62 81 63
f 63 81 82
f 63 82 64
f 64 82 83
f 64 83 65
f 65 83 84
f 65 84 66
f 66 84 85
f 66 85 67
f 67 85 86
f 67 86 68
f 68 86 87
f 68 87 69
f 69 87 88
f 69 88 70
f 70 88 89
f 70 89 71
f 71 89 90
f 71 90 72
f 72 90 73
f 72 73 55
f 73 91 92
f 73 92 74
f 74 92 93
f 74 93 75
f 75 93 94
f 75 94 76
f 76 94 95
f 76 95 77
f 77 95 96
f 77 96 78
f 78 96 97
f 78 97 79
f 79 97 98
f 79 98 80
f 80 98 99
f 80 99 81
f 81 99 100
f 81 100 82
f 82 100 101
f 82 101 83
f 83 101 102
f 83 102 84
f 84 102 103
f 84 103 85
f 85 103 104
f 85 104 86
f 86 104 105
f 86 105 87
f 87 105 106
f 87 106 88
f 88 106 107
f 88 107 89
f 89 107 108
f 89 108 90
f 90 108 91
f 90 91 73
f 91 109 110
f 91 110 92
f 92 110 111
f 92 111 93
f 93 111 112
f 93 112 94
f 94 112 113
f 94 113 95
f 95 113 114
f 95 114 96
f 96 114 115
f 96 115 97
f 97 115 116
f 97 116 98
f 98 116 117
f 98 117 99
f 99 117 118
f 99 118 100
f 100 118 119
f 100 119 101
f 101 119 120
f 101 120 102
f 102 120 121
f 102 121 103
f 103 121 122
f 103 122 104
f 104 122 123
f 104 123 105
f 105 123 124
f 105 124 106
f 106 124 125
f 106 125 107
f 107 125 126
f 107 126 108
f 108 126 109
f 108 109 91
f 109 127 128
f 109 128 110
f 110 128 129
f 110 129 111
f 111 129 130
f 111 130 112
f 112 130 131
f 112 131 113
f 113 131 132
f 113 132 114
f 114 132 133
f 114 133 115
f 115 133 134
f 115 134 116
f 116 134 135
f 116 135 117
f 117 135 136
f 117 136 118
f 118 136 137
f 118 137 119
f 119 137 138
f 119 138 120
f 120 138 139
f 120 139 121
f 121 139 140
f 121 140 122
f 122 140 141
f 122 141 123
f 123 141 142
f 123 142 124
f 124 142 143
f 124 143 125
f 125 143 144
f 125 144 126
f 126 144 127
f 126 127 109
f 127 145 146
f 127 146 128
f 128 146 147
f 128 147 129
f 129 147 148
f 129 148 130
f 130 148 149
f 130 149 131
f 131 149 150
f 131 150 132
f 132 150 151
f 132 151 133
f 133 151 152
f 133 152 134
f 134 152 153
f 134 153 135
f 135 153 154
f 135 154 136
f 136 154 155
f 136 155 137
f 137 155 156
f 137 156 138
f 138 156 157
f 138 157 139
f 139 157 158
f 139 158 140
f 140 158 159
f 140 159 141
f 141 159 160
f 141 160 142
f 142 160 161
f 142 161 143
f 143 161 162
f 143 162 144
f 144 162 145
f 144 145 127
f 145 163 164
f 145 164 146
f 146 164 165
f 146 165 147
f 147 165 166
f 147 166 148
f 148 166 167
f 148 167 149
f 149 167 168
f 149 168 150
f 150 168 169
f 150 169 151
f 151 169 170
f 151 170 152
f 152 170 171
f 152 171 153
f 153 171 172
f 153 172 154
f 154 172 173
f 154 173 155
f 155 173 174
f 155 174 156
f 156 174 175
f 156 175 157
f 157 175 176
f 157 176 158
f 158 176 177
f 158 177 159
f 159 177 178
f 159 178 160
f 160 178 179
f 160 179 161
f 161 179 180
f 161 180 162
f 162 180 163
f 162 163 145
f 163 181 182
f 163 182 164
f 164 182 183
f 164 183 165
f 165 183 184
f 165 184 166
f 166 184 185
f 166 185 167
f 167 185 186
f 167 186 168
f 168 186 187
f 168 187 169
f 169 187 188
f 169 188 170
f 170 188 189
f 170 189 171
f 171 189 190
f 171 190 172
f 172 190 191
f 172 191 173
f 173 191 192
f 173 192 174
f 174 192 193
f 174 193 175
f 175 193 194
f 175 194 176
f 176 194 195
f 176 195 177
f 177 195 196
f 177 196 178
f 178 196 197
f 178 197 179
f 179 197 198
f 179 198 180
f 180 198 181
f 180 181 163
f 181 199 200
f 181 200 182
f 182 200 201
f 182 201 183
f 183 201 202
f 183 202 184
f 184 202 203
f 184 203 185
f 185 203 204
f 185 204 186
f 186 204 205
f 186 205 187
f 187 205 206
f 187 206 188
f 188 206 207
f 188 207 189
f 189 207 208
f 189 208 190
f 190 208 209
f 190 209 191
f 191 209 210
f 191 210 192
f 192 210 211
f 192 211 193
f 193 211 212
f 193 212 194
f 194 212 213
f 194 213 195
f 195 213 214
f 195 214 196
f 196 214 215
f 196 215 197
f 197 215 216
f 197 216 198
f 198 216 199
f 198 199 181
f 199 217 218
f 199 218 200
f 200 218 219
f 200 219 201
f 201 219 220
f 201 220 202
f 202 220 221
f 202 221 203
f 203 221 222
f 203 222 204
f 204 222 223
f 204 223 205
f 205 223 224
f 205 224 206
f 206 224 225
f 206 225 207
f 207 225 226
f 207 226 208
f 208 226 227
f 208 227 209
f 209 227 228
f 209 228 210
f 210 228 229
f 210 229 211
f 211 229 230
f 211 230 212
f 212 230 231
f 212 231 213
f 213 231 232
f 213 232 214
f 214 232 233
f 214 233 215
f 215 233 234
f 215 234 216
f 216 234 217
f 216 217 199
f 217 235 236
f 217 236 218
f 218 236 237
f 218 237 219
f 219 237 238
f 219 238 220
f 220 238 239
f 220 239 221
f 221 239 240
f 221 240 222
f 222 240 241
f 222 241 223
f 223 241 242
f 223 242 224
f 224 242 243
f 224 243 225
f 225 243 244
f 225 244 226
f 226 244 245
f 226 245 227
f 227 245 246
f 227 246 228
f 228 246 247
f 228 247 229
f 229 247 248
f 229 248 230
f 230 248 249
f 230 249 231
f 231 249 250
f 231 250 232
f 232 250 251
f 232 251 233
f 233 251 252
f 233 252 234
f 234 252 235
f 234 235 217
f 235 253 254
f 235 254 236
f 236 254 255
f 236 255 237
f 237 255 256
f 237 256 238
f 238 256 257
f 238 257 239
f 239 257 258
f 239 258 240
f 240 258 259
f 240 259 241
f 241 259 260
f 241 260 242
f 242 260 261
f 242 261 243
f 243 261 262
f 243 262 244
f 244 262 263
f 244 263 245
f 245 263 264
f 245 264 246
f 246 264 265
f 246 265 247
f 247 265 266
f 247 266 248
f 248 266 267
f 248 267 249
f 249 267 268
f 249 268 250
f 250 268 269
f 250 269 251
f 251 269 270
f 251 270 252
f 252 270 253
f 252 253 235
f 253 271 272
f 253 272 254
f 254 272 273
f 254 273 255
f 255 273 274
f 255 274 256
f 256 274 275
f 256 275 257
f 257 275 276
f 257 276 258
f 258 276 277
f 258 277 259
f 259 277 278
f 259 278 260
f 260 278 279
f 260 279 261
f 261 279 280
f 261 280 262
f 262 280 281
f 262 281 263
f 263 281 282
f 263 282 264
f 264 282 283
f 264 283 265
f 265 283 284
f 265 284 266
f 266 284 285
f 266 285 267
f 267 285 286
f 267 286 268
f 268 286 287
f 268 287 269
f 269 287 288
f 269 288 270
f 270 288 271
f 270 271 253
f 271 289 290
f 271 290 272
f 272 290 291
f 272 291 273
f 273 291 292
f 273 292 274
f 274 292 293
f 274 293 275
f 275 293 294
f 275 294 276
f 276 294 295
f 276 295 277
f 277 295 296
f 277 296 278
f 278 296 297
f 278 297 279
f 279 297 298
f 279 298 280
f 280 298 299
f 280 299 281
f 281 299 300
f 281 300 282
f 282 300 301
f 282 301 283
f 283 301 302
f 283 302 284
f 284 302 303
f 284 303 285
f 285 303 304
f 285 304 286
f 286 304 305
f 286 305 287
f 287 305 306
f 287 306 288
f 288 306 289
f 288 289 271
f 289 307 308
f 289 308 290
f 290 308 309
f 290 309 291
f 291 309 310
f 291 310 292
f 292 310 311
f 292 311 293
f 293 311 312
f 293 312 294
f 294 312 313
f 294 313 295
f 295 313 314
f 295 314 296
f 296 314 315
f 296 315 297
f 297 315 316
f 297 316 298
f 298 316 317
f 298 317 299
f 299 317 318
f 299 318 300
f 300 318 319
f 300 319 301
f 301 319 320
f 301 320 302
f 302 320 321
f 302 321 303
f 303 321 322
f 303 322 304
f 304 322 323
f 304 323 305
f 305 323 324
f 305 324 306
f 306 324 307
f 306 307 289
f 307 325 326
f 307 326 308
f 308 326 327
f 308 327 309
f 309 327 328
f 309 328 310
f 310 328 329
f 310 329 311
f 311 329 330
f 311 330 312
f 312 330 331
f 312 331 313
f 313 331 332
f 313 332 314
f 314 332 333
f 314 333 315
f 315 333 334
f 315 334 316
f 316 334 335
f 316 335 317
f 317 335 336
f 317 336 318
f 318 336 337
f 318 337 319
f 319 337 338
f 319 338 320
f 320 338 339
f 320 339 321
f 321 339 340
f 321 340 322
f 322 340 341
f 322 341 323
f 323 341 342
f 323 342 324
f 324 342 325
f 324 325 307
f 325 343 344
f 325 344 326
f 326 344 345
f 326 345 327
f 327 345 346
f 327 346 328
f 328 346 347
f 328 347 329
f 329 347 348
f 329 348 330
f 330 348 349
f 330 349 331
f 331 349 350
f 331 350 332
f 332 350 351
f 332 351 333
f 333 351 352
f 333 352 334
f 334 352 353
f 334 353 335
f 335 353 354
f 335 354 336
f 336 354 355
f 336 355 337
f 337 355 356
f 337 356 338
f 338 356 357
f 338 357 339
f 339 357 358
f 339 358 340
f 340 358 359
f 340 359 341
f 341 359 360
f 341 360 342
f 342 360 343
f 342 343 325
f 343 361 362
f 343 362 344
f 344 362 363
f 344 363 345
f 345 363 364
f 345 364 346
f 346 364 365
f 346 365 347
f 347 365 366
f 347 366 348
f 348 366 367
f 348 367 349
f 349 367 368
f 349 368 350
f 350 368 369
f 350 369 351
f 351 369 370
f 351 370 352
f 352 370 371
f 352 371 353
f 353 371 372
f 353 372 354
f 354 372 373
f 354 373 355
f 355 373 374
f 355 374 356
f 356 374 375
f 356 375 357
f 357 375 376
f 357 376 358
f 358 376 377
f 358 377 359
f 359 377 378
f 359 378 360
f 360 378 361
f 360 361 343
f 361 379 380
f 361 380 362
f 362 380 381
f 362 381 363
f 363 381 382
f 363 382 364
f 364 382 383
f 364 383 365
f 365 383 384
f 365 384 366
f 366 384 385
f 366 385 367
f 367 385 386
f 367 386 368
f 368 386 387
f 368 387 369
f 369 387 388
f 369 388 370
f 370 388 389
f 370 389 371
f 371 389 390
f 371 390 372
f 372 390 391
f 372 391 373
f 373 391 392
f 373 392 374
f 374 392 393
f 374 393 375
f 375 393 394
f 375 394 376
f 376 394 395
f 376 395 377
f 377 395 396
f 377 396 378
f 378 396 379
f 378 379 361
f 379 397 398
f 379 398 380
f 380 398 399
f 380 399 381
f 381 399 400
f 381 400 382
f 382 400 401
f 382 401 383
f 383 401 402
f 383 402 384
f 384 402 403
f 384 403 385
f 385 403 404
f 385 404 386
f 386 404 405
f 386 405 387
f 387 405 406
f 387 406 388
f 388 406 407
f 388 407 389
f 389 407 408
f 389 408 390
f 390 408 409
f 390 409 391
f 391 409 410
f 391 410 392
f 392 410 411
f 392 411 393
f 393 411 412
f 393 412 394
f 394 412 413
f 394 413 395
f 395 413 414
f 395 414 396
f 396 414 397
f 396 397 379
f 397 415 416
f 397 416 398
f 398 416 417
f 398 417 399
f 399 417 418
f 399 418 400
f 400 418 419
f 400 419 401
f 401 419 420
f 401 420 402
f 402 420 421
f 402 421 403
f 403 421 422
f 403 422 404
f 404 422 423
f 404 423 405
f 405 423 424
f 405 424 406
f 406 424 425
f 406 425 407
f 407 425 426
f 407 426 408
f 408 426 427
f 408 427 409
f 409 427 428
f 409 428 410
f 410 428 429
f 410 429 411
f 411 429 430
f 411 430 412
f 412 430 431
f 412 431 413
f 413 431 432
f 413 432 414
f 414 432 415
f 414 415 397
f 415 433 434
f 415 434 416
f 416 434 435
f 416 435 417
f 417 435 436
f 417 436 418
f 418 436 437
f 418 437 419
f 419 437 438
f 419 438 420
f 420 438 439
f 420 439 421
f 421 439 440
f 421 440 422
f 422 440 441
f 422 441 423
f 423 441 442
f 423 442 424
f 424 442 443
f 424 443 425
f 425 443 444
f 425 444 426
f 426 444 445
f 426 445 427
f 427 445 446
f 427 446 428
f 428 446 447
f 428 447 429
f 429 447 448
f 429 448 430
f 430 448 449
f 430 449 431
f 431 449 450
f 431 450 432
f 432 450 433
f 432 433 415
f 433 451 452
f 433 452 434
f 434 452 453
f 434 453 435
f 435 453 454
f 435 454 436
f 436 454 455
f 436 455 437
f 437 455 456
f 437 456 438
f 438 456 457
f 438 457 439
f 439 457 458
f 439 458 440
f 440 458 459
f 440 459 441
f 441 459 460
f 441 460 442
f 442 460 461
f 442 461 443
f 443 461 462
f 443 462 444
f 444 462 463
f 444 463 445
f 445 463 464
f 445 464 446
f 446 464 465
f 446 465 447
f 447 465 466
f 447 466 448
f 448 466 467
f 448 467 449
f 449 467 468
f 449 468 450
f 450 468 451
f 450 451 433
f 451 469 470
f 451 470 452
f 452 470 471
f 452 471 453
f 453 471 472
f 453 472 454
f 454 472 473
f 454 473 455
f 455 473 474
f 455 474 456
f 456 474 475
f 456 475 457
f 457 475 476
f 457 476 458
f 458 476 477
f 458 477 459
f 459 477 478
f 459 478 460
f 460 478 479
f 460 479 461
f 461 479 480
f 461 480 462
f 462 480 481
f 462 481 463
f 463 481 482
f 463 482 464
f 464 482 483
f 464 483 465
f 465 483 484
f 465 484 466
f 466 484 485
f 466 485 467
f 467 485 486
f 467 486 468
f 468 486 469
f 468 469 451
f 469 487 488
f 469 488 470
f 470 488 489
f 470 489 471
f 471 489 490
f 471 490 472
f 472 490 491
f 472 491 473
f 473 491 492
f 473 492 474
f 474 492 493
f 474 493 475
f 475 493 494
f 475 494 476
f 476 494 495
f 476 495 477
f 477 495 496
f 477 496 478
f 478 496 497
f 478 497 479
f 479 497 498
f 479 498 480
f 480 498 499
f 480 499 481
f 481 499 500
f 481 500 482
f 482 500 501
f 482 501 483
f 483 501 502
f 483 502 484
f 484 502 503
f 484 503 485
f 485 503 504
f 485 504 486
f 486 504 487
f 486 487 469
f 487 505 506
f 487 506 488
f 488 506 507
f 488 507 489
f 489 507 508
f 489 508 490
f 490 508 509
f 490 509 491
f 491 509 510
f 491 510 492
f 492 510 511
f 492 511 493
f 493 511 512
f 493 512 494
f 494 512 513
f 494 513 495
f 495 513 514
f 495 514 496
f 496 514 515
f 496 515 497
f 497 515 516
f 497 516 498
f 498 516 517
f 498 517 499
f 499 517 518
f 499 518 500
f 500 518 519
f 500 519 501
f 501 519 520
f 501 520 502
f 502 520 521
f 502 521 503
f 503 521 522
f 503 522 504
f 504 522 505
f 504 505 487
f 505 523 524
f 505 524 506
f 506 524 525
f 506 525 507
f 507 525 526
f 507 526 508
f 508 526 527
f 508 527 509
f 509 527 528
f 509 528 510
f 510 528 529
f 510 529 511
f 511 529 530
f 511 530 512
f 512 530 531
f 512 531 513
f 513 531 532
f 513 532 514
f 514 532 533
f 514 533 515
f 515 533 534
f 515 534 516
f 516 534 535
f 516 535 517
f 517 535 536
f 517 536 518
f 518 536 537
f 518 537 519
f 519 537 538
f 519 538 520
f 520 538 539
f 520 539 521
f 521 539 540
f 521 540 522
f 522 540 523
f 522 523 505
f 523 541 542
f 523 542 524
f 524 542 543
f 524 543 525
f 525 543 544
f 525 544 526
f 526 544 545
f 526 545 527
f 527 545 546
f 527 546 528
f 528 546 547
f 528 547 529
f 529 547 548
f 529 548 530
f 530 548 549
f 530 549 531
f 531 549 550
f 531 550 532
f 532 550 551
f 532 551 533
f 533 551 552
f 533 552 534
f 534 552 553
f 534 553 535
f 535 553 554
f 535 554 536
f 536 554 555
f 536 555 537
f 537 555 556
f 537 556 538
f 538 556 557
f 538 557 539
f 539 557 558
f 539 558 540
f 540 558 541
f 540 541 523
f 541 559 560
f 541 560 542
f 542 560 561
f 542 561 543
f 543 561 562
f 543 562 544
f 544 562 563
f 544 563 545
f 545 563 564
f 545 564 546
f 546 564 565
f 546 565 547
f 547 565 566
f 547 566 548
f 548 566 567
f 548 567 549
f 549 567 568
f 549 568 550
f 550 568 569
f 550 569 551
f 551 569 570
f 551 570 552
f 552 570 571
f 552 571 553
f 553 571 572
f 553 572 554
f 554 572 573
f 554 573 555
f 555 573 574
f 555 574 556
f 556 574 575
f 556 575 557
f 557 575 576
f 557 576 558
f 558 576 559
f 558 559 541
f 559 577 578
f 559 578 560
f 560 578 579
f 560 579 561
f 561 579 580
f 561 580 562
f 562 580 581
f 562 581 563
f 563 581 582
f 563 582 564
f 564 582 583
f 564 583 565
f 565 583 584
f 565 584 566
f 566 584 585
f 566 585 567
f 567 585 586
f 567 586 568
f 568 586 587
f 568 587 569
f 569 587 588
f 569 588 570
f 570 588 589
f 570 589 571
f 571 589 590
f 571 590 572
f 572 590 591
f 572 591 573
f 573 591 592
f 573 592 574
f 574 592 593
f 574 593 575
f 575 593 594
f 575 594 576
f 576 594 577
f 576 577 559
f 577 595 596
f 577 596 578
f 578 596 597
f 578 597 579
f 579 597 598
f 579 598 580
f 580 598 599
f 580 599 581
f 581 599 600
f 581 600 582
f 582 600 601
f 582 601 583
f 583 601 602
f 583 602 584
f 584 602 603
f 584 603 585
f 585 603 604
f 585 604 586
f 586 604 605
f 586 605 587
f 587 605 606
f 587 606 588
f 588 606 607
f 588 607 589
f 589 607 608
f 589 608 590
f 590 608 609
f 590 609 591
f 591 609 610
f 591 610 592
f 592 610 611
f 592 611 593
f 593 611 612
f 593 612 594
f 594 612 595
f 594 595 577
f 595 613 614
f 595 614 596
f 596 614 615
f 596 615 597
f 597 615 616
f 597 616 598
f 598 616 617
f 598 617 599
f 599 617 618
f 599 618 600
f 600 618 619
f 600 619 601
f 601 619 620
f 601 620 602
f 602 620 621
f 602 621 603
f 603 621 622
f 603 622 604
f 604 622 623
f 604 623 605
f 605 623 624
f 605 624 606
f 606 624 625
f 606 625 607
f 607 625 626
f 607 626 608
f 608 626 627
f 608 627 609
f 609 627 628
f 609 628 610
f 610 628 629
f 610 629 611
f 611 629 630
f 611 630 612
f 612 630 613
f 612 613 595
f 613 631 632
f 613 632 614
f 614 632 633
f 614 633 615
f 615 633 634
f 615 634 616
f 616 634 635
f 616 635 617
f 617 635 636
f 617 636 618
f 618 636 637
f 618 637 619
f 619 637 638
f 619 638 620
f 620 638 639
f 620 639 621
f 621 639 640
f 621 640 622
f 622 640 641
f 622 641 623
f 623 641 642
f 623 642 624
f 624 642 643
f 624 643 625
f 625 643 644
f 625 644 626
f 626 644 645
f 626 645 627
f 627 645 646
f 627 646 628
f 628 646 647
f 628 647 629
f 629 647 648
f 629 648 630
f 630 648 631
f 630 631 613
f 631 649 650
f 631 650 632
f 632 650 651
f 632 651 633
f 633 651 652
f 633 652 634
f 634 652 653
f 634 653 635
f 635 653 654
f 635 654 636
f 636 654 655
f 636 655 637
f 637 655 656
f 637 656 638
f 638 656 657
f 638 657 639
f 639 657 658
f 639 658 640
f 640 658 659
f 640 659 641
f 641 659 660
f 641 660 642
f 642 660 661
f 642 661 643
f 643 661 662
f 643 662 644
f 644 662 663
f 644 663 645
f 645 663 664
f 645 664 646
f 646 664 665
f 646 665 647
f 647 665 666
f 647 666 648
f 648 666 649
f 648 649 631
f 649 667 668
f 649 668 650
f 650 668 669
f 650 669 651
f 651 669 670
f 651 670 652
f 652 670 671
f 652 671 653
f 653 671 672
f 653 672 654
f 654 672 673
f 654 673 655
f 655 673 674
f 655 674 656
f 656 674 675
f 656 675 657
f 657 675 676
f 657 676 658
f 658 676 677
f 658 677 659
f 659 677 678
f 659 678 660
f 660 678 679
f 660 679 661
f 661 679 680
f 661 680 662
f 662 680 681
f 662 681 663
f 663 681 682
f 663 682 664
f 664 682 683
f 664 683 665
f 665 683 684
f 665 684 666
f 666 684 667
f 666 667 649
f 667 685 686
f 667 686 668
f 668 686 687
f 668 687 669
f 669 687 688
f 669 688 670
f 670 688 689
f 670 689 671
f 671 689 690
f 671 690 672
f 672 690 691
f 672 691 673
f 673 691 692
f 673 692 674
f 674 692 693
f 674 693 675
f 675 693 694
f 675 694 676
f 676 694 695
f 676 695 677
f 677 695 696
f 677 696 678
f 678 696 697
f 678 697 679
f 679 697 698
f 679 698 680
f 680 698 699
f 680 699 681
f 681 699 700
f 681 700 682
f 682 700 701
f 682 701 683
f 683 701 702
f 683 702 684
f 684 702 685
f 684 685 667
f 685 703 704
f 685 704 686
f 686 704 705
f 686 705 687
f 687 705 706
f 687 706 688
f 688 706 707
f 688 707 689
f 689 707 708
f 689 708 690
f 690 708 709
f 690 709 691
f 691 709 710
f 691 710 692
f 692 710 711
f 692 711 693
f 693 711 712
f 693 712 694
f 694 712 713
f 694 713 695
f 695 713 714
f 695 714 696
f 696 714 715
f 696 715 697
f 697 715 716
f 697 716 698
f 698 716 717
f 698 717 699
f 699 717 718
f 699 718 700
f 700 718 719
f 700 719 701
f 701 719 720
f 701 720 702
f 702 720 703
f 702 703 685
f 703 721 722
f 703 722 704
f 704 722 723
f 704 723 705
f 705 723 724
f 705 724 706
f 706 724 725
f 706 725 707
f 707 725 726
f 707 726 708
f 708 726 727
f 708 727 709
f 709 727 728
f 709 728 710
f 710 728 729
f 710 729 711
f 711 729 730
f 711 730 712
f 712 730 731
f 712 731 713
f 713 731 732
f 713 732 714
f 714 732 733
f 714 733 715
f 715 733 734
f 715 734 716
f 716 734 735
f 716 735 717
f 717 735 736
f 717 736 718
f 718 736 737
f 718 737 719
f 719 737 738
f 719 738 720
f 720 738 721
f 720 721 703
f 721 739 740
f 721 740 722
f 722 740 741
f 722 741 723
f 723 741 742
f 723 742 724
f 724 742 743
f 724 743 725
f 725 743 744
f 725 744 726
f 726 744 745
f 726 745 727
f 727 745 746
f 727 746 728
f 728 746 747
f 728 747 729
f 729 747 748
f 729 748 730
f 730 748 749
f 730 749 731
f 731 749 750
f 731 750 732
f 732 750 751
f 732 751 733
f 733 751 752
f 733 752 734
f 734 752 753
f 734 753 735
f 735 753 754
f 735 754 736
f 736 754 755
f 736 755 737
f 737 755 756
f 737 756 738
f 738 756 739
f 738 739 721
f 739 757 758
f 739 758 740
f 740 758 759
f 740 759 741
f 741 759 760
f 741 760 742
f 742 760 761
f 742 761 743
f 743 761 762
f 743 762 744
f 744 762 763
f 744 763 745
f 745 763 764
f 745 764 746
f 746 764 765
f 746 765 747
f 747 765 766
f 747 766 748
f 748 766 767
f 748 767 749
f 749 767 768
f 749 768 750
f 750 768 769
f 750 769 751
f 751 769 770
f 751 770 752
f 752 770 771
f 752 771 753
f 753 771 772
f 753 772 754
f 754 772 773
f 754 773 755
f 755 773 774
f 755 774 756
f 756 774 757
f 756 757 739
f 757 775 776
f 757 776 758
f 758 776 777
f 758 777 759
f 759 777 778
f 759 778 760
f 760 778 779
f 760 779 761
f 761 779 780
f 761 780 762
f 762 780 781
f 762 781 763
f 763 781 782
f 763 782 764
f 764 782 783
f 764 783 765
f 765 783 784
f 765 784 766
f 766 784 785
f 766 785 767
f 767 785 786
f 767 786 768
f 768 786 787
f 768 787 769
f 769 787 788
f 769 788 770
f 770 788 789
f 770 789 771
f 771 789 790
f 771 790 772
f 772 790 791
f 772 791 773
f 773 791 792
f 773 792 774
f 774 792 775
f 774 775 757
f 775 793 794
f 775 794 776
f 776 794 795
f 776 795 777
f 777 795 796
f 777 796 778
f 778 796 797
f 778 797 779
f 779 797 798
f 779 798 780
f 780 798 799
f 780 799 781
f 781 799 800
f 781 800 782
f 782 800 801
f 782 801 783
f 783 801 802
f 783 802 784
f 784 802 803
f 784 803 785
f 785 803 804
f 785 804 786
f 786 804 805
f 786 805 787
f 787 805 806
f 787 806 788
f 788 806 807
f 788 807 789
f 789 807 808
f 789 808 790
f 790 808 809
f 790 809 791
f 791 809 810
f 791 810 792
f 792 810 793
f 792 793 775
f 793 811 812
f 793 812 794
f 794 812 813
f 794 813 795
f 795 813 814
f 795 814 796
f 796 814 815
f 796 815 797
f 797 815 816
f 797 816 798
f 798 816 817
f 798 817 799
f 799 817 818
f 799 818 800
f 800 818 819
f 800 819 801
f 801 819 820
f 801 820 802
f 802 820 821
f 802 821 803
f 803 821 822
f 803 822 804
f 804 822 823
f 804 823 805
f 805 823 824
f 805 824 806
f 806 824 825
f 806 825 807
f 807 825 826
f 807 826 808
f 808 826 827
f 808 827 809
f 809 827 828
f 809 828 810
f 810 828 811
f 810 811 793
f 811 829 830
f 811 830 812
f 812 830 831
f 812 831 813
f 813 831 832
f 813 832 814
f 814 832 833
f 814 833 815
f 815 833 834
f 815 834 816
f 816 834 835
f 816 835 817
f 817 835 836
f 817 836 818
f 818 836 837
f 818 837 819
f 819 837 838
f 819 838 820
f 820 838 839
f 820 839 821
f 821 839 840
f 821 840 822
f 822 840 841
f 822 841 823
f 823 841 842
f 823 842 824
f 824 842 843
f 824 843 825
f 825 843 844
f 825 844 826
f 826 844 845
f 826 845 827
f 827 845 846
f 827 846 828
f 828 846 829
f 828 829 811
f 829 847 848
f 829 848 830
f 830 848 849
f 830 849 831
f 831 849 850
f 831 850 832
f 832 850 851
f 832 851 833
f 833 851 852
f 833 852 834
f 834 852 853
f 834 853 835
f 835 853 854
f 835 854 836
f 836 854 855
f 836 855 837
f 837 855 856
f 837 856 838
f 838 856 857
f 838 857 839
f 839 857 858
f 839 858 840
f 840 858 859
f 840 859 841
f 841 859 860
f 841 860 842
f 842 860 861
f 842 861 843
f 843 861 862
f 843 862 844
f 844 862 863
f 844 863 845
f 845 863 864
f 845 864 846
f 846 864 847
f 846 847 829
f 847 865 866
f 847 866 848
f 848 866 867
f 848 867 849
f 849 867 868
f 849 868 850
f 850 868 869
f 850 869 851
f 851 869 870
f 851 870 852
f 852 870 871
f 852 871 853
f 853 871 872
f 853 872 854
f 854 872 873
f 854 873 855
f 855 873 874
f 855 874 856
f 856 874 875
f 856 875 857
f 857 875 876
f 857 876 858
f 858 876 877
f 858 877 859
f 859 877 878
f 859 878 860
f 860 878 879
f 860 879 861
f 861 879 880
f 861 880 862
f 862 880 881
f 862 881 863
f 863 881 882
f 863 882 864
f 864 882 865
f 864 865 847
f 865 883 884
f 865 884 866
f 866 884 885
f 866 885 867
f 867 885 886
f 867 886 868
f 868 886 887
f 868 887 869
f 869 887 888
f 869 888 870
f 870 888 889
f 870 889 871
f 871 889 890
f 871 890 872
f 872 890 891
f 872 891 873
f 873 891 892
f 873 892 874
f 874 892 893
f 874 893 875
f 875 893 894
f 875 894 876
f 876 894 895
f 876 895 877
f 877 895 896
f 877 896 878
f 878 896 897
f 878 897 879
f 879 897 898
f 879 898 880
f 880 898 899
f 880 899 881
f 881 899 900
f 881 900 882
f 882 900 883
f 882 883 865
f 883 901 902
f 883 902 884
f 884 902 903
f 884 903 885
f 885 903 904
f 885 904 886
f 886 904 905
f 886 905 887
f 887 905 906
f 887 906 888
f 888 906 907
f 888 907 889
f 889 907 908
f 889 908 890
f 890 908 909
f 890 909 891
f 891 909 910
f 891 910 892
f 892 910 911
f 892 911 893
f 893 911 912
f 893 912 894
f 894 912 913
f 894 913 895
f 895 913 914
f 895 914 896
f 896 914 915
f 896 915 897
f 897 915 916
f 897 916 898
f 898 916 917
f 898 917 899
f 899 917 918
f 899 918 900
f 900 918 901
f 900 901 883
f 901 919 920
f 901 920 902
f 902 920 921
f 902 921 903
f 903 921 922
f 903 922 904
f 904 922 923
f 904 923 905
f 905 923 924
f 905 924 906
f 906 924 925
f 906 925 907
f 907 925 926
f 907 926 908
f 908 926 927
f 908 927 909
f 909 927 928
f 909 928 910
f 910 928 929
f 910 929 911
f 911 929 930
f 911 930 912
f 912 930 931
f 912 931 913
f 913 931 932
f 913 932 914
f 914 932 933
f 914 933 915
f 915 933 934
f 915 934 916
f 916 934 935
f 916 935 917
f 917 935 936
f 917 936 918
f 918 936 919
f 918 919 901
f 919 937 938
f 919 938 920
f 920 938 939
f 920 939 921
f 921 939 940
f 921 940 922
f 922 940 941
f 922 941 923
f 923 941 942
f 923 942 924
f 924 942 943
f 924 943 925
f 925 943 944
f 925 944 926
f 926 944 945
f 926 945 927
f 927 945 946
f 927 946 928
f 928 946 947
f 928 947 929
f 929 947 948
f 929 948 930
f 930 948 949
f 930 949 931
f 931 949 950
f 931 950 932
f 932 950 951
f 932 951 933
f 933 951 952
f 933 952 934
f 934 952 953
f 934 953 935
f 935 953 954
f 935 954 936
f 936 954 937
f 936 937 919
f 937 955 956
f 937 956 938
f 938 956 957
f 938 957 939
f 939 957 958
f 939 958 940
f 940 958 959
f 940 959 941
f 941 959 960
f 941 960 942
f 942 960 961
f 942 961 943
f 943 961 962
f 943 962 944
f 944 962 963
f 944 963 945
f 945 963 964
f 945 964 946
f 946 964 965
f 946 965 947
f 947 965 966
f 947 966 948
f 948 966 967
f 948 967 949
f 949 967 968
f 949 968 950
f 950 968 969
f 950 969 951
f 951 969 970
f 951 970 952
f 952 970 971
f 952 971 953
f 953 971 972
f 953 972 954
f 954 972 955
f 954 955 937
f 955 973 974
f 955 974 956
f 956 974 975
f 956 975 957
f 957 975 976
f 957 976 958
f 958 976 977
f 958 977 959
f 959 977 978
f 959 978 960
f 960 978 979
f 960 979 961
f 961 979 980
f 961 980 962
f 962 980 981
f 962 981 963
f 963 981 982
f 963 982 964
f 964 982 983
f 964 983 965
f 965 983 984
f 965 984 966
f 966 984 985
f 966 985 967
f 967 985 986
f 967 986 968
f 968 986 987
f 968 987 969
f 969 987 988
f 969 988 970
f 970 988 989
f 970 989 971
f 971 989 990
f 971 990 972
f 972 990 973
f 972 973 955
f 973 991 992
f 973 992 974
f 974 992 993
f 974 993 975
f 975 993 994
f 975 994 976
f 976 994 995
f 976 995 977
f 977 995 996
f 977 996 978
f 978 996 997
f 978 997 979
f 979 997 998
f 979 998 980
f 980 998 999
f 980 999 981
f 981 999 1000
f 981 1000 982
f 982 1000 1001
f 982 1001 983
f 983 1001 1002
f 983 1002 984
f 984 1002 1003
f 984 1003 985
f 985 1003 1004
f 985 1004 986
f 986 1004 1005
f 986 1005 987
f 987 1005 1006
f 987 1006 988
f 988 1006 1007
f 988 1007 989
f 989 1007 1008
f 989 1008 990
f 990 1008 991
f 990 991 973
f 991 1009 1010
f 991 1010 992
f 992 1010 1011
f 992 1011 993
f 993 1011 1012
f 993 1012 994
f 994 1012 1013
f 994 1013 995
f 995 1013 1014
f 995 1014 996
f 996 1014 1015
f 996 1015 997
f 997 1015 1016
f 997 1016 998
f 998 1016 1017
f 998 1017 999
f 999 1017 1018
f 999 1018 1000
f 1000 1018 1019
f 1000 1019 1001
f 1001 1019 1020
f 1001 1020 1002
f 1002 1020 1021
f 1002 1021 1003
f 1003 1021 1022
f 1003 1022 1004
f 1004 1022 1023
f 1004 1023 1005
f 1005 1023 1024
f 1005 1024 1006
f 1006 1024 1025
f 1006 1025 1007
f 1007 1025 1026
f 1007 1026 1008
f 1008 1026 1009
f 1008 1009 991
f 1009 1027 1028
f 1009 1028 1010
f 1010 1028 1029
f 1010 1029 1011
f 1011 1029 1030
f 1011 1030 1012
f 1012 1030 1031
f 1012 1031 1013
f 1013 1031 1032
f 1013 1032 1014
f 1014 1032 1033
f 1014 1033 1015
f 1015 1033 1034
f 1015 1034 1016
f 1016 1034 1035
f 1016 1035 1017
f 1017 1035 1036
f 1017 1036 1018
f 1018 1036 1037
f 1018 1037 1019
f 1019 1037 1038
f 1019 1038 1020
f 1020 1038 1039
f 1020 1039 1021
f 1021 1039 1040
f 1021 1040 1022
f 1022 1040 1041
f 1022 1041 1023
f 1023 1041 1042
f 1023 1042 1024
f 1024 1042 1043
f 1024 1043 1025
f 1025 1043 1044
f 1025 1044 1026
f 1026 1044 1027
f 1026 1027 1009
f 1027 1045 1046
f 1027 1046 1028
f 1028 1046 1047
f 1028 1047 1029
f 1029 1047 1048
f 1029 1048 1030
f 1030 1048 1049
f 1030 1049 1031
f 1031 1049 1050
f 1031 1050 1032
f 1032 1050 1051
f 1032 1051 1033
f 1033 1051 1052
f 1033 1052 1034
f 1034 1052 1053
f 1034 1053 1035
f 1035 1053 1054
f 1035 1054 1036
f 1036 1054 1055
f 1036 1055 1037
f 1037 1055 1056
f 1037 1056 1038
f 1038 1056 1057
f 1038 1057 1039
f 1039 1057 1058
f 1039 1058 1040
f 1040 1058 1059
f 1040 1059 1041
f 1041 1059 1060
f 1041 1060 1042
f 1042 1060 1061
f 1042 1061 1043
f 1043 1061 1062
f 1043 1062 1044
f 1044 1062 1045
f 1044 1045 1027
f 1045 1063 1064
f 1045 1064 1046
f 1046 1064 1065
f 1046 1065 1047
f 1047 1065 1066
f 1047 1066 1048
f 1048 1066 1067
f 1048 1067 1049
f 1049 1067 1068
f 1049 1068 1050
f 1050 1068 1069
f 1050 1069 1051
f 1051 1069 1070
f 1051 1070 1052
f 1052 1070 1071
f 1052 1071 1053
f 1053 1071 1072
f 1053 1072 1054
f 1054 1072 1073
f 1054 1073 1055
f 1055 1073 1074
f 1055 1074 1056
f 1056 1074 1075
f 1056 1075 1057
f 1057 1075 1076
f 1057 1076 1058
f 1058 1076 1077
f 1058 1077 1059
f 1059 1077 1078
f 1059 1078 1060
f 1060 1078 1079
f 1060 1079 1061
f 1061 1079 1080
f 1061 1080 1062
f 1062 1080 1063
f 1062 1063 1045
f 1063 1081 1082
f 1063 1082 1064
f 1064 1082 1083
f 1064 1083 1065
f 1065 1083 1084
f 1065 1084 1066
f 1066 1084 1085
f 1066 1085 1067
f 1067 1085 1086
f 1067 1086 1068
f 1068 1086 1087
f 1068 1087 1069
f 1069 1087 1088
f 1069 1088 1070
f 1070 1088 1089
f 1070 1089 1071
f 1071 1089 1090
f 1071 1090 1072
f 1072 1090 1091
f 1072 1091 1073
f 1073 1091 1092
f 1073 1092 1074
f 1074 1092 1093
f 1074 1093 1075
f 1075 1093 1094
f 1075 1094 1076
f 1076 1094 1095
f 1076 1095 1077
f 1077 1095 1096
f 1077 1096 1078
f 1078 1096 1097
f 1078 1097 1079
f 1079 1097 1098
f 1079 1098 1080
f 1080 1098 1081
f 1080 1081 1063
f 1081 1099 1100
f 1081 1100 1082
f 1082 1100 1101
f 1082 1101 1083
f 1083 1101 1102
f 1083 1102 1084
f 1084 1102 1103
f 1084 1103 1085
f 1085 1103 1104
f 1085 1104 1086
f 1086 1104 1105
f 1086 1105 1087
f 1087 1105 1106
f 1087 1106 1088
f 1088 1106 1107
f 1088 1107 1089
f 1089 1107 1108
f 1089 1108 1090
f 1090 1108 1109
f 1090 1109 1091
f 1091 1109 1110
f 1091 1110 1092
f 1092 1110 1111
f 1092 1111 1093
f 1093 1111 1112
f 1093 1112 1094
f 1094 1112 1113
f 1094 1113 1095
f 1095 1113 1114
f 1095 1114 1096
f 1096 1114 1115
f 1096 1115 1097
f 1097 1115 1116
f 1097 1116 1098
f 1098 1116 1099
f 1098 1099 1081
f 1099 1117 1118
f 1099 1118 1100
f 1100 1118 1119
f 1100 1119 1101
f 1101 1119 1120
f 1101 1120 1102
f 1102 1120 1121
f 1102 1121 1103
f 1103 1121 1122
f 1103 1122 1104
f 1104 1122 1123
f 1104 1123 1105
f 1105 1123 1124
f 1105 1124 1106
f 1106 1124 1125
f 1106 1125 1107
f 1107 1125 1126
f 1107 1126 1108
f 1108 1126 1127
f 1108 1127 1109
f 1109 1127 1128
f 1109 1128 1110
f 1110 1128 1129
f 1110 1129 1111
f 1111 1129 1130
f 1111 1130 1112
f 1112 1130 1131
f 1112 1131 1113
f 1113 1131 1132
f 1113 1132 1114
f 1114 1132 1133
f 1114 1133 1115
f 1115 1133 1134
f 1115 1134 1116
f 1116 1134 1117
f 1116 1117 1099
f 1117 1135 1136
f 1117 1136 1118
f 1118 1136 1137
f 1118 1137 1119
f 1119 1137 1138
f 1119 1138 1120
f 1120 1138 1139
f 1120 1139 1121
f 1121 1139 1140
f 1121 1140 1122
f 1122 1140 1141
f 1122 1141 1123
f 1123 1141 1142
f 1123 1142 1124
f 1124 1142 1143
f 1124 1143 1125
f 1125 1143 1144
f 1125 1144 1126
f 1126 1144 1145
f 1126 1145 1127
f 1127 1145 1146
f 1127 1146 1128
f 1128 1146 1147
f 1128 1147 1129
f 1129 1147 1148
f 1129 1148 1130
f 1130 1148 1149
f 1130 1149 1131
f 1131 1149 1150
f 1131 1150 1132
f 1132 1150 1151
f 1132 1151 1133
f 1133 1151 1152
f 1133 1152 1134
f 1134 1152 1135
f 1134 1135 1117
f 1135 1153 1154
f 1135 1154 1136
f 1136 1154 1155
f 1136 1155 1137
f 1137 1155 1156
f 1137 1156 1138
f 1138 1156 1157
f 1138 1157 1139
f 1139 1157 1158
f 1139 1158 1140
f 1140 1158 1159
f 1140 1159 1141
f 1141 1159 1160
f 1141 1160 1142
f 1142 1160 1161
f 1142 1161 1143
f 1143 1161 1162
f 1143 1162 1144
f 1144 1162 1163
f 1144 1163 1145
f 1145 1163 1164
f 1145 1164 1146
f 1146 1164 1165
f 1146 1165 1147
f 1147 1165 1166
f 1147 1166 1148
f 1148 1166 1167
f 1148 1167 1149
f 1149 1167 1168
f 1149 1168 1150
f 1150 1168 1169
f 1150 1169 1151
f 1151 1169 1170
f 1151 1170 1152
f 1152 1170 1153
f 1152 1153 1135
f 1153 1171 1172
f 1153 1172 1154
f 1154 1172 1173
f 1154 1173 1155
f 1155 1173 1174
f 1155 1174 1156
f 1156 1174 1175
f 1156 1175 1157
f 1157 1175 1176
f 1157 1176 1158
f 1158 1176 1177
f 1158 1177 1159
f 1159 1177 1178
f 1159 1178 1160
f 1160 1178 1179
f 1160 1179 1161
f 1161 1179 1180
f 1161 1180 1162
f 1162 1180 1181
f 1162 1181 1163
f 1163 1181 1182
f 1163 1182 1164
f 1164 1182 1183
f 1164 1183 1165
f 1165 1183 1184
f 1165 1184 1166
f 1166 1184 1185
f 1166 1185 1167
f 1167 1185 1186
f 1167 1186 1168
f 1168 1186 1187
f 1168 1187 1169
f 1169 1187 1188
f 1169 1188 1170
f 1170 1188 1171
f 1170 1171 1153
f 1171 1189 1190
f 1171 1190 1172
f 1172 1190 1191
f 1172 1191 1173
f 1173 1191 1192
f 1173 1192 1174
f 1174 1192 1193
f 1174 1193 1175
f 1175 1193 1194
f 1175 1194 1176
f 1176 1194 1195
f 1176 1195 1177
f 1177 1195 1196
f 1177 1196 1178
f 1178 1196 1197
f 1178 1197 1179
f 1179 1197 1198
f 1179 1198 1180
f 1180 1198 1199
f 1180 1199 1181
f 1181 1199 1200
f 1181 1200 1182
f 1182 1200 1201
f 1182 1201 1183
f 1183 1201 1202
f 1183 1202 1184
f 1184 1202 1203
f 1184 1203 1185
f 1185 1203 1204
f 1185 1204 1186
f 1186 1204 1205
f 1186 1205 1187
f 1187 1205 1206
f 1187 1206 1188
f 1188 1206 1189
f 1188 1189 1171
f 1189 1207 1208
f 1189 1208 1190
f 1190 1208 1209
f 1190 1209 1191
f 1191 1209 1210
f 1191 1210 1192
f 1192 1210 1211
f 1192 1211 1193
f 1193 1211 1212
f 1193 1212 1194
f 1194 1212 1213
f 1194 1213 1195
f 1195 1213 1214
f 1195 1214 1196
f 1196 1214 1215
f 1196 1215 1197
f 1197 1215 1216
f 1197 1216 1198
f 1198 1216 1217
f 1198 1217 1199
f 1199 1217 1218
f 1199 1218 1200
f 1200 1218 1219
f 1200 1219 1201
f 1201 1219 1220
f 1201 1220 1202
f 1202 1220 1221
f 1202 1221 1203
f 1203 1221 1222
f 1203 1222 1204
f 1204 1222 1223
f 1204 1223 1205
f 1205 1223 1224
f 1205 1224 1206
f 1206 1224 1207
f 1206 1207 1189
f 1207 1225 1226
f 1207 1226 1208
f 1208 1226 1227
f 1208 1227 1209
f 1209 1227 1228
f 1209 1228 1210
f 1210 1228 1229
f 1210 1229 1211
f 1211 1229 1230
f 1211 1230 1212
f 1212 1230 1231
f 1212 1231 1213
f 1213 1231 1232
f 1213 1232 1214
f 1214 1232 1233
f 1214 1233 1215
f 1215 1233 1234
f 1215 1234 1216
f 1216 1234 1235
f 1216 1235 1217
f 1217 1235 1236
f 1217 1236 1218
f 1218 1236 1237
f 1218 1237 1219
f 1219 1237 1238
f 1219 1238 1220
f 1220 1238 1239
f 1220 1239 1221
f 1221 1239 1240
f 1221 1240 1222
f 1222 1240 1241
f 1222 1241 1223
f 1223 1241 1242
f 1223 1242 1224
f 1224 1242 1225
f 1224 1225 1207
f 1225 1243 1244
f 1225 1244 1226
f 1226 1244 1245
f 1226 1245 1227
f 1227 1245 1246
f 1227 1246 1228
f 1228 1246 1247
f 1228 1247 1229
f 1229 1247 1248
f 1229 1248 1230
f 1230 1248 1249
f 1230 1249 1231
f 1231 1249 1250
f 1231 1250 1232
f 1232 1250 1251
f 1232 1251 1233
f 1233 1251 1252
f 1233 1252 1234
f 1234 1252 1253
f 1234 1253 1235
f 1235 1253 1254
f 1235 1254 1236
f 1236 1254 1255
f 1236 1255 1237
f 1237 1255 1256
f 1237 1256 1238
f 1238 1256 1257
f 1238 1257 1239
f 1239 1257 1258
f 1239 1258 1240
f 1240 1258 1259
f 1240 1259 1241
f 1241 1259 1260
f 1241 1260 1242
f 1242 1260 1243
f 1242 1243 1225
f 1243 1261 1262
f 1243 1262 1244
f 1244 1262 1263
f 1244 1263 1245
f 1245 1263 1264
f 1245 1264 1246
f 1246 1264 1265
f 1246 1265 1247
f 1247 1265 1266
f 1247 1266 1248
f 1248 1266 1267
f 1248 1267 1249
f 1249 1267 1268
f 1249 1268 1250
f 1250 1268 1269
f 1250 1269 1251
f 1251 1269 1270
f 1251 1270 1252
f 1252 1270 1271
f 1252 1271 1253
f 1253 1271 1272
f 1253 1272 1254
f 1254 1272 1273
f 1254 1273 1255
f 1255 1273 1274
f 1255 1274 1256
f 1256 1274 1275
f 1256 1275 1257
f 1257 1275 1276
f 1257 1276 1258
f 1258 1276 1277
f 1258 1277 1259
f 1259 1277 1278
f 1259 1278 1260
f 1260 1278 1261
f 1260 1261 1243
f 1261 1279 1280
f 1261 1280 1262
f 1262 1280 1281
f 1262 1281 1263
f 1263 1281 1282
f 1263 1282 1264
f 1264 1282 1283
f 1264 1283 1265
f 1265 1283 1284
f 1265 1284 1266
f 1266 1284 1285
f 1266 1285 1267
f 1267 1285 1286
f 1267 1286 1268
f 1268 1286 1287
f 1268 1287 1269
f 1269 1287 1288
f 1269 1288 1270
f 1270 1288 1289
f 1270 1289 1271
f 1271 1289 1290
f 1271 1290 1272
f 1272 1290 1291
f 1272 1291 1273
f 1273 1291 1292
f 1273 1292 1274
f 1274 1292 1293
f 1274 1293 1275
f 1275 1293 1294
f 1275 1294 1276
f 1276 1294 1295
f 1276 1295 1277
f 1277 1295 1296
f 1277 1296 1278
f 1278 1296 1279
f 1278 1279 1261
f 1279 1297 1298
f 1279 1298 1280
f 1280 1298 1299
f 1280 1299 1281
f 1281 1299 1300
f 1281 1300 1282
f 1282 1300 1301
f 1282 1301 1283
f 1283 1301 1302
f 1283 1302 1284
f 1284 1302 1303
f 1284 1303 1285
f 1285 1303 1304
f 1285 1304 1286
f 1286 1304 1305
f 1286 1305 1287
f 1287 1305 1306
f 1287 1306 1288
f 1288 1306 1307
f 1288 1307 1289
f 1289 1307 1308
f 1289 1308 1290
f 1290 1308 1309
f 1290 1309 1291
f 1291 1309 1310
f 1291 1310 1292
f 1292 1310 1311
f 1292 1311 1293
f 1293 1311 1312
f 1293 1312 1294
f 1294 1312 1313
f 1294 1313 1295
f 1295 1313 1314
f 1295 1314 1296
f 1296 1314 1297
f 1296 1297 1279
f 1297 1315 1316
f 1297 1316 1298
f 1298 1316 1317
f 1298 1317 1299
f 1299 1317 1318
f 1299 1318 1300
f 1300 1318 1319
f 1300 1319 1301
f 1301 1319 1320
f 1301 1320 1302
f 1302 1320 1321
f 1302 1321 1303
f 1303 1321 1322
f 1303 1322 1304
f 1304 1322 1323
f 1304 1323 1305
f 1305 1323 1324
f 1305 1324 1306
f 1306 1324 1325
f 1306 1325 1307
f 1307 1325 1326
f 1307 1326 1308
f 1308 1326 1327
f 1308 1327 1309
f 1309 1327 1328
f 1309 1328 1310
f 1310 1328 1329
f 1310 1329 1311
f 1311 1329 1330
f 1311 1330 1312
f 1312 1330 1331
f 1312 1331 1313
f 1313 1331 1332
f 1313 1332 1314
f 1314 1332 1315
f 1314 1315 1297
f 1315 1333 1334
f 1315 1334 1316
f 1316 1334 1335
f 1316 1335 1317
f 1317 1335 1336
f 1317 1336 1318
f 1318 1336 1337
f 1318 1337 1319
f 1319 1337 1338
f 1319 1338 1320
f 1320 1338 1339
f 1320 1339 1321
f 1321 1339 1340
f 1321 1340 1322
f 1322 1340 1341
f 1322 1341 1323
f 1323 1341 1342
f 1323 1342 1324
f 1324 1342 1343
f 1324 1343 1325
f 1325 1343 1344
f 1325 1344 1326
f 1326 1344 1345
f 1326 1345 1327
f 1327 1345 1346
f 1327 1346 1328
f 1328 1346 1347
f 1328 1347 1329
f 1329 1347 1348
f 1329 1348 1330
f 1330 1348 1349
f 1330 1349 1331
f 1331 1349 1350
f 1331 1350 1332
f 1332 1350 1333
f 1332 1333 1315
f 1333 1351 1352
f 1333 1352 1334
f 1334 1352 1353
f 1334 1353 1335
f 1335 1353 1354
f 1335 1354 1336
f 1336 1354 1355
f 1336 1355 1337
f 1337 1355 1356
f 1337 1356 1338
f 1338 1356 1357
f 1338 1357 1339
f 1339 1357 1358
f 1339 1358 1340
f 1340 1358 1359
f 1340 1359 1341
f 1341 1359 1360
f 1341 1360 1342
f 1342 1360 1361
f 1342 1361 1343
f 1343 1361 1362
f 1343 1362 1344
f 1344 1362 1363
f 1344 1363 1345
f 1345 1363 1364
f 1345 1364 1346
f 1346 1364 1365
f 1346 1365 1347
f 1347 1365 1366
f 1347 1366 1348
f 1348 1366 1367
f 1348 1367 1349
f 1349 1367 1368
f 1349 1368 1350
f 1350 1368 1351
f 1350 1351 1333
f 1351 1369 1370
f 1351 1370 1352
f 1352 1370 1371
f 1352 1371 1353
f 1353 1371 1372
f 1353 1372 1354
f 1354 1372 1373
f 1354 1373 1355
f 1355 1373 1374
f 1355 1374 1356
f 1356 1374 1375
f 1356 1375 1357
f 1357 1375 1376
f 1357 1376 1358
f 1358 1376 1377
f 1358 1377 1359
f 1359 1377 1378
f 1359 1378 1360
f 1360 1378 1379
f 1360 1379 1361
f 1361 1379 1380
f 1361 1380 1362
f 1362 1380 1381
f 1362 1381 1363
f 1363 1381 1382
f 1363 1382 1364
f 1364 1382 1383
f 1364 1383 1365
f 1365 1383 1384
f 1365 1384 1366
f 1366 1384 1385
f 1366 1385 1367
f 1367 1385 1386
f 1367 1386 1368
f 1368 1386 1369
f 1368 1369 1351
f 1369 1387 1388
f 1369 1388 1370
f 1370 1388 1389
f 1370 1389 1371
f 1371 1389 1390
f 1371 1390 1372
f 1372 1390 1391
f 1372 1391 1373
f 1373 1391 1392
f 1373 1392 1374
f 1374 1392 1393
f 1374 1393 1375
f 1375 1393 1394
f 1375 1394 1376
f 1376 1394 1395
f 1376 1395 1377
f 1377 1395 1396
f 1377 1396 1378
f 1378 1396 1397
f 1378 1397 1379
f 1379 1397 1398
f 1379 1398 1380
f 1380 1398 1399
f 1380 1399 1381
f 1381 1399 1400
f 1381 1400 1382
f 1382 1400 1401
f 1382 1401 1383
f 1383 1401 1402
f 1383 1402 1384
f 1384 1402 1403
f 1384 1403 1385
f 1385 1403 1404
f 1385 1404 1386
f 1386 1404 1387
f 1386 1387 1369
f 1387 1405 1406
f 1387 1406 1388
f 1388 1406 1407
f 1388 1407 1389
f 1389 1407 1408
f 1389 1408 1390
f 1390 1408 1409
f 1390 1409 1391
f 1391 1409 1410
f 1391 1410 1392
f 1392 1410 1411
f 1392 1411 1393
f 1393 1411 1412
f 1393 1412 1394
f 1394 1412 1413
f 1394 1413 1395
f 1395 1413 1414
f 1395 1414 1396
f 1396 1414 1415
f 1396 1415 1397
f 1397 1415 1416
f 1397 1416 1398
f 1398 1416 1417
f 1398 1417 1399
f 1399 1417 1418
f 1399 1418 1400
f 1400 1418 1419
f 1400 1419 1401
f 1401 1419 1420
f 1401 1420 1402
f 1402 1420 1421
f 1402 1421 1403
f 1403 1421 1422
f 1403 1422 1404
f 1404 1422 1405
f 1404 1405 1387
f 1405 1423 1424
f 1405 1424 1406
f 1406 1424 1425
f 1406 1425 1407
f 1407 1425 1426
f 1407 1426 1408
f 1408 1426 1427
f 1408 1427 1409
f 1409 1427 1428
f 1409 1428 1410
f 1410 1428 1429
f 1410 1429 1411
f 1411 1429 1430
f 1411 1430 1412
f 1412 1430 1431
f 1412 1431 1413
f 1413 1431 1432
f 1413 1432 1414
f 1414 1432 1433
f 1414 1433 1415
f 1415 1433 1434
f 1415 1434 1416
f 1416 1434 1435
f 1416 1435 1417
f 1417 1435 1436
f 1417 1436 1418
f 1418 1436 1437
f 1418 1437 1419
f 1419 1437 1438
f 1419 1438 1420
f 1420 1438 1439
f 1420 1439 1421
f 1421 1439 1440
f 1421 1440 1422
f 1422 1440 1423
f 1422 1423 1405
f 1423 1441 1442
f 1423 1442 1424
f 1424 1442 1443
f 1424 1443 1425
f 1425 1443 1444
f 1425 1444 1426
f 1426 1444 1445
f 1426 1445 1427
f 1427 1445 1446
f 1427 1446 1428
f 1428 1446 1447
f 1428 1447 1429
f 1429 1447 1448
f 1429 1448 1430
f 1430 1448 1449
f 1430 1449 1431
f 1431 1449 1450
f 1431 1450 1432
f 1432 1450 1451
f 1432 1451 1433
f 1433 1451 1452
f 1433 1452 1434
f 1434 1452 1453
f 1434 1453 1435
f 1435 1453 1454
f 1435 1454 1436
f 1436 1454 1455
f 1436 1455 1437
f 1437 1455 1456
f 1437 1456 1438
f 1438 1456 1457
f 1438 1457 1439
f 1439 1457 1458
f 1439 1458 1440
f 1440 1458 1441
f 1440 1441 1423
f 1441 1459 1460
f 1441 1460 1442
f 1442 1460 1461
f 1442 1461 1443
f 1443 1461 1462
f 1443 1462 1444
f 1444 1462 1463
f 1444 1463 1445
f 1445 1463 1464
f 1445 1464 1446
f 1446 1464 1465
f 1446 1465 1447
f 1447 1465 1466
f 1447 1466 1448
f 1448 1466 1467
f 1448 1467 1449
f 1449 1467 1468
f 1449 1468 1450
f 1450 1468 1469
f 1450 1469 1451
f 1451 1469 1470
f 1451 1470 1452
f 1452 1470 1471
f 1452 1471 1453
f 1453 1471 1472
f 1453 1472 1454
f 1454 1472 1473
f 1454 1473 1455
f 1455 1473 1474
f 1455 1474 1456
f 1456 1474 1475
f 1456 1475 1457
f 1457 1475 1476
f 1457 1476 1458
f 1458 1476 1459
f 1458 1459 1441
f 1459 1477 1478
f 1459 1478 1460
f 1460 1478 1479
f 1460 1479 1461
f 1461 1479 1480
f 1461 1480 1462
f 1462 1480 1481
f 1462 1481 1463
f 1463 1481 1482
f 1463 1482 1464
f 1464 1482 1483
f 1464 1483 1465
f 1465 1483 1484
f 1465 1484 1466
f 1466 1484 1485
f 1466 1485 1467
f 1467 1485 1486
f 1467 1486 1468
f 1468 1486 1487
f 1468 1487 1469
f 1469 1487 1488
f 1469 1488 1470
f 1470 1488 1489
f 1470 1489 1471
f 1471 1489 1490
f 1471 1490 1472
f 1472 1490 1491
f 1472 1491 1473
f 1473 1491 1492
f 1473 1492 1474
f 1474 1492 1493
f 1474 1493 1475
f 1475 1493 1494
f 1475 1494 1476
f 1476 1494 1477
f 1476 1477 1459
f 1477 1495 1496
f 1477 1496 1478
f 1478 1496 1497
f 1478 1497 1479
f 1479 1497 1498
f 1479 1498 1480
f 1480 1498 1499
f 1480 1499 1481
f 1481 1499 1500
f 1481 1500 1482
f 1482 1500 1501
f 1482 1501 1483
f 1483 1501 1502
f 1483 1502 1484
f 1484 1502 1503
f 1484 1503 1485
f 1485 1503 1504
f 1485 1504 1486
f 1486 1504 1505
f 1486 1505 1487
f 1487 1505 1506
f 1487 1506 1488
f 1488 1506 1507
f 1488 1507 1489
f 1489 1507 1508
f 1489 1508 1490
f 1490 1508 1509
f 1490 1509 1491
f 1491 1509 1510
f 1491 1510 1492
f 1492 1510 1511
f 1492 1511 1493
f 1493 1511 1512
f 1493 1512 1494
f 1494 1512 1495
f 1494 1495 1477
f 1495 1513 1514
f 1495 1514 1496
f 1496 1514 1515
f 1496 1515 1497
f 1497 1515 1516
f 1497 1516 1498
f 1498 1516 1517
f 1498 1517 1499
f 1499 1517 1518
f 1499 1518 1500
f 1500 1518 1519
f 1500 1519 1501
f 1501 1519 1520
f 1501 1520 1502
f 1502 1520 1521
f 1502 1521 1503
f 1503 1521 1522
f 1503 1522 1504
f 1504 1522 1523
f 1504 1523 1505
f 1505 1523 1524
f 1505 1524 1506
f 1506 1524 1525
f 1506 1525 1507
f 1507 1525 1526
f 1507 1526 1508
f 1508 1526 1527
f 1508 1527 1509
f 1509 1527 1528
f 1509 1528 1510
f 1510 1528 1529
f 1510 1529 1511
f 1511 1529 1530
f 1511 1530 1512
f 1512 1530 1513
f 1512 1513 1495
f 1513 1531 1532
f 1513 1532 1514
f 1514 1532 1533
f 1514 1533 1515
f 1515 1533 1534
f 1515 1534 1516
f 1516 1534 1535
f 1516 1535 1517
f 1517 1535 1536
f 1517 1536 1518
f 1518 1536 1537
f 1518 1537 1519
f 1519 1537 1538
f 1519 1538 1520
f 1520 1538 1539
f 1520 1539 1521
f 1521 1539 1540
f 1521 1540 1522
f 1522 1540 1541
f 1522 1541 1523
f 1523 1541 1542
f 1523 1542 1524
f 1524 1542 1543
f 1524 1543 1525
f 1525 1543 1544
f 1525 1544 1526
f 1526 1544 1545
f 1526 1545 1527
f 1527 1545 1546
f 1527 1546 1528
f 1528 1546 1547
f 1528 1547 1529
f 1529 1547 1548
f 1529 1548 1530
f 1530 1548 1531
f 1530 1531 1513
f 1531 1549 1550
f 1531 1550 1532
f 1532 1550 1551
f 1532 1551 1533
f 1533 1551 1552
f 1533 1552 1534
f 1534 1552 1553
f 1534 1553 1535
f 1535 1553 1554
f 1535 1554 1536
f 1536 1554 1555
f 1536 1555 1537
f 1537 1555 1556
f 1537 1556 1538
f 1538 1556 1557
f 1538 1557 1539
f 1539 1557 1558
f 1539 1558 1540
f 1540 1558 1559
f 1540 1559 1541
f 1541 1559 1560
f 1541 1560 1542
f 1542 1560 1561
f 1542 1561 1543
f 1543 1561 1562
f 1543 1562 1544
f 1544 1562 1563
f 1544 1563 1545
f 1545 1563 1564
f 1545 1564 1546
f 1546 1564 1565
f 1546 1565 1547
f 1547 1565 1566
f 1547 1566 1548
f 1548 1566 1549
f 1548 1549 1531
f 1549 1567 1568
f 1549 1568 1550
f 1550 1568 1569
f 1550 1569 1551
f 1551 1569 1570
f 1551 1570 1552
f 1552 1570 1571
f 1552 1571 1553
f 1553 1571 1572
f 1553 1572 1554
f 1554 1572 1573
f 1554 1573 1555
f 1555 1573 1574
f 1555 1574 1556
f 1556 1574 1575
f 1556 1575 1557
f 1557 1575 1576
f 1557 1576 1558
f 1558 1576 1577
f 1558 1577 1559
f 1559 1577 1578
f 1559 1578 1560
f 1560 1578 1579
f 1560 1579 1561
f 1561 1579 1580
f 1561 1580 1562
f 1562 1580 1581
f 1562 1581 1563
f 1563 1581 1582
f 1563 1582 1564
f 1564 1582 1583
f 1564 1583 1565
f 1565 1583 1584
f 1565 1584 1566
f 1566 1584 1567
f 1566 1567 1549
f 1567 1585 1586
f 1567 1586 1568
f 1568 1586 1587
f 1568 1587 1569
f 1569 1587 1588
f 1569 1588 1570
f 1570 1588 1589
f 1570 1589 1571
f 1571 1589 1590
f 1571 1590 1572
f 1572 1590 1591
f 1572 1591 1573
f 1573 1591 1592
f 1573 1592 1574
f 1574 1592 1593
f 1574 1593 1575
f 1575 1593 1594
f 1575 1594 1576
f 1576 1594 1595
f 1576 1595 1577
f 1577 1595 1596
f 1577 1596 1578
f 1578 1596 1597
f 1578 1597 1579
f 1579 1597 1598
f 1579 1598 1580
f 1580 1598 1599
f 1580 1599 1581
f 1581 1599 1600
f 1581 1600 1582
f 1582 1600 1601
f 1582 1601 1583
f 1583 1601 1602
f 1583 1602 1584
f 1584 1602 1585
f 1584 1585 1567
f 1585 1603 1604
f 1585 1604 1586
f 1586 1604 1605
f 1586 1605 1587
f 1587 1605 1606
f 1587 1606 1588
f 1588 1606 1607
f 1588 1607 1589
f 1589 1607 1608
f 1589 1608 1590
f 1590 1608 1609
f 1590 1609 1591
f 1591 1609 1610
f 1591 1610 1592
f 1592 1610 1611
f 1592 1611 1593
f 1593 1611 1612
f 1593 1612 1594
f 1594 1612 1613
f 1594 1613 1595
f 1595 1613 1614
f 1595 1614 1596
f 1596 1614 1615
f 1596 1615 1597
f 1597 1615 1616
f 1597 1616 1598
f 1598 1616 1617
f 1598 1617 1599
f 1599 1617 1618
f 1599 1618 1600
f 1600 1618 1619
f 1600 1619 1601
f 1601 1619 1620
f 1601 1620 1602
f 1602 1620 1603
f 1602 1603 1585
f 1603 1621 1622
f 1603 1622 1604
f 1604 1622 1623
f 1604 1623 1605
f 1605 1623 1624
f 1605 1624 1606
f 1606 1624 1625
f 1606 1625 1607
f 1607 1625 1626
f 1607 1626 1608
f 1608 1626 1627
f 1608 1627 1609
f 1609 1627 1628
f 1609 1628 1610
f 1610 1628 1629
f 1610 1629 1611
f 1611 1629 1630
f 1611 1630 1612
f 1612 1630 1631
f 1612 1631 1613
f 1613 1631 1632
f 1613 1632 1614
f 1614 1632 1633
f 1614 1633 1615
f 1615 1633 1634
f 1615 1634 1616
f 1616 1634 1635
f 1616 1635 1617
f 1617 1635 1636
f 1617 1636 1618
f 1618 1636 1637
f 1618 1637 1619
f 1619 1637 1638
f 1619 1638 1620
f 1620 1638 1621
f 1620 1621 1603
f 1621 1639 1640
f 1621 1640 1622
f 1622 1640 1641
f 1622 1641 1623
f 1623 1641 1642
f 1623 1642 1624
f 1624 1642 1643
f 1624 1643 1625
f 1625 1643 1644
f 1625 1644 1626
f 1626 1644 1645
f 1626 1645 1627
f 1627 1645 1646
f 1627 1646 1628
f 1628 1646 1647
f 1628 1647 1629
f 1629 1647 1648
f 1629 1648 1630
f 1630 1648 1649
f 1630 1649 1631
f 1631 1649 1650
f 1631 1650 1632
f 1632 1650 1651
f 1632 1651 1633
f 1633 1651 1652
f 1633 1652 1634
f 1634 1652 1653
f 1634 1653 1635
f 1635 1653 1654
f 1635 1654 1636
f 1636 1654 1655
f 1636 1655 1637
f 1637 1655 1656
f 1637 1656 1638
f 1638 1656 1639
f 1638 1639 1621
f 1639 1657 1658
f 1639 1658 1640
f 1640 1658 1659
f 1640 1659 1641
f 1641 1659 1660
f 1641 1660 1642
f 1642 1660 1661
f 1642 1661 1643
f 1643 1661 1662
f 1643 1662 1644
f 1644 1662 1663
f 1644 1663 1645
f 1645 1663 1664
f 1645 1664 1646
f 1646 1664 1665
f 1646 1665 1647
f 1647 1665 1666
f 1647 1666 1648
f 1648 1666 1667
f 1648 1667 1649
f 1649 1667 1668
f 1649 1668 1650
f 1650 1668 1669
f 1650 1669 1651
f 1651 1669 1670
f 1651 1670 1652
f 1652 1670 1671
f 1652 1671 1653
f 1653 1671 1672
f 1653 1672 1654
f 1654 1672 1673
f 1654 1673 1655
f 1655 1673 1674
f 1655 1674 1656
f 1656 1674 1657
f 1656 1657 1639
f 1657 1675 1676
f 1657 1676 1658
f 1658 1676 1677
f 1658 1677 1659
f 1659 1677 1678
f 1659 1678 1660
f 1660 1678 1679
f 1660 1679 1661
f 1661 1679 1680
f 1661 1680 1662
f 1662 1680 1681
f 1662 1681 1663
f 1663 1681 1682
f 1663 1682 1664
f 1664 1682 1683
f 1664 1683 1665
f 1665 1683 1684
f 1665 1684 1666
f 1666 1684 1685
f 1666 1685 1667
f 1667 1685 1686
f 1667 1686 1668
f 1668 1686 1687
f 1668 1687 1669
f 1669 1687 1688
f 1669 1688 1670
f 1670 1688 1689
f 1670 1689 1671
f 1671 1689 1690
f 1671 1690 1672
f 1672 1690 1691
f 1672 1691 1673
f 1673 1691 1692
f 1673 1692 1674
f 1674 1692 1675
f 1674 1675 1657
f 1675 1693 1694
f 1675 1694 1676
f 1676 1694 1695
f 1676 1695 1677
f 1677 1695 1696
f 1677 1696 1678
f 1678 1696 1697
f 1678 1697 1679
f 1679 1697 1698
f 1679 1698 1680
f 1680 1698 1699
f 1680 1699 1681
f 1681 1699 1700
f 1681 1700 1682
f 1682 1700 1701
f 1682 1701 1683
f 1683 1701 1702
f 1683 1702 1684
f 1684 1702 1703
f 1684 1703 1685
f 1685 1703 1704
f 1685 1704 1686
f 1686 1704 1705
f 1686 1705 1687
f 1687 1705 1706
f 1687 1706 1688
f 1688 1706 1707
f 1688 1707 1689
f 1689 1707 1708
f 1689 1708 1690
f 1690 1708 1709
f 1690 1709 1691
f 1691 1709 1710
f 1691 1710 1692
f 1692 1710 1693
f 1692 1693 1675
f 1693 1711 1712
f 1693 1712 1694
f 1694 1712 1713
f 1694 1713 1695
f 1695 1713 1714
f 1695 1714 1696
f 1696 1714 1715
f 1696 1715 1697
f 1697 1715 1716
f 1697 1716 1698
f 1698 1716 1717
f 1698 1717 1699
f 1699 1717 1718
f 1699 1718 1700
f 1700 1718 1719
f 1700 1719 1701
f 1701 1719 1720
f 1701 1720 1702
f 1702 1720 1721
f 1702 1721 1703
f 1703 1721 1722
f 1703 1722 1704
f 1704 1722 1723
f 1704 1723 1705
f 1705 1723 1724
f 1705 1724 1706
f 1706 1724 1725
f 1706 1725 1707
f 1707 1725 1726
f 1707 1726 1708
f 1708 1726 1727
f 1708 1727 1709
f 1709 1727 1728
f 1709 1728 1710
f 1710 1728 1711
f 1710 1711 1693
f 1711 1 2
f 1711 2 1712
f 1712 2 3
f 1712 3 1713
f 1713 3 4
f 1713 4 1714
f 1714 4 5
f 1714 5 1715
f 1715 5 6
f 1715 6 1716
f 1716 6 7
f 1716 7 1717
f 1717 7 8
f 1717 8 1718
f 1718 8 9
f 1718 9 1719
f 1719 9 10
f 1719 10 1720
f 1720 10 11
f 1720 11 1721
f 1721 11 12
f 1721 12 1722
f 1722 12 13
f 1722 13 1723
f 1723 13 14
f 1723 14 1724
f 1724 14 15
f 1724 15 1725
f 1725 15 16
f 1725 16 1726
f 1726 16 17
f 1726 17 1727
f 1727 17 18
f 1727 18 1728
f 1728 18 1
f 1728 1 1711
