solid curiosity_knot
  facet normal -0.9803909 -0.1507116 0.1269638
    outer loop
      vertex 3.2500000 0.0000000 0.0000000
      vertex 3.2051402 0.4328513 0.1674142
      vertex 3.1921185 0.4576831 0.0963398
    endloop
  endfacet
  facet normal -0.9803692 -0.1507374 0.1270998
    outer loop
      vertex 3.2500000 0.0000000 0.0000000
      vertex 3.1921185 0.4576831 0.0963398
      vertex 3.2367324 0.0271043 -0.0701932
    endloop
  endfacet
  facet normal -0.8630630 -0.2574887 0.4345364
    outer loop
      vertex 3.2367324 0.0271043 -0.0701932
      vertex 3.1921185 0.4576831 0.0963398
      vertex 3.1546241 0.4747781 0.0319994
    endloop
  endfacet
  facet normal -0.8629906 -0.2575059 0.4346699
    outer loop
      vertex 3.2367324 0.0271043 -0.0701932
      vertex 3.1546241 0.4747781 0.0319994
      vertex 3.1985298 0.0509394 -0.1319200
    endloop
  endfacet
  facet normal -0.6416604 -0.3335784 0.6906500
    outer loop
      vertex 3.1985298 0.0509394 -0.1319200
      vertex 3.1546241 0.4747781 0.0319994
      vertex 3.0971794 0.4820743 -0.0178466
    endloop
  endfacet
  facet normal -0.6415365 -0.3335795 0.6907645
    outer loop
      vertex 3.1985298 0.0509394 -0.1319200
      vertex 3.0971794 0.4820743 -0.0178466
      vertex 3.1400000 0.0686305 -0.1777354
    endloop
  endfacet
  facet normal -0.3419921 -0.3695458 0.8639892
    outer loop
      vertex 3.1400000 0.0686305 -0.1777354
      vertex 3.0971794 0.4820743 -0.0178466
      vertex 3.0267130 0.4786918 -0.0471861
    endloop
  endfacet
  facet normal -0.3418285 -0.3695241 0.8640632
    outer loop
      vertex 3.1400000 0.0686305 -0.1777354
      vertex 3.0267130 0.4786918 -0.0471861
      vertex 3.0682026 0.0780437 -0.2021132
    endloop
  endfacet
  facet normal -0.0001766 -0.3606811 0.9326892
    outer loop
      vertex 3.0682026 0.0780437 -0.2021132
      vertex 3.0267130 0.4786918 -0.0471861
      vertex 2.9517243 0.4650384 -0.0524802
    endloop
  endfacet
  facet normal 0.0000000 -0.3606348 0.9327071
    outer loop
      vertex 3.0682026 0.0780437 -0.2021132
      vertex 2.9517243 0.4650384 -0.0524802
      vertex 2.9917974 0.0780437 -0.2021132
    endloop
  endfacet
  facet normal 0.3416804 -0.3079422 0.8879336
    outer loop
      vertex 2.9917974 0.0780437 -0.2021132
      vertex 2.9517243 0.4650384 -0.0524802
      vertex 2.8812579 0.4427611 -0.0330904
    endloop
  endfacet
  facet normal 0.3418381 -0.3078768 0.8878956
    outer loop
      vertex 2.9917974 0.0780437 -0.2021132
      vertex 2.8812579 0.4427611 -0.0330904
      vertex 2.9200000 0.0686305 -0.1777354
    endloop
  endfacet
  facet normal 0.6414479 -0.2179540 0.7355547
    outer loop
      vertex 2.9200000 0.0686305 -0.1777354
      vertex 2.8812579 0.4427611 -0.0330904
      vertex 2.8238132 0.4145467 0.0086446
    endloop
  endfacet
  facet normal 0.6415638 -0.2178792 0.7354757
    outer loop
      vertex 2.9200000 0.0686305 -0.1777354
      vertex 2.8238132 0.4145467 0.0086446
      vertex 2.8614702 0.0509394 -0.1319200
    endloop
  endfacet
  facet normal 0.8629555 -0.1019439 0.4948891
    outer loop
      vertex 2.8614702 0.0509394 -0.1319200
      vertex 2.8238132 0.4145467 0.0086446
      vertex 2.7863188 0.3837984 0.0676909
    endloop
  endfacet
  facet normal 0.8630227 -0.1018679 0.4947876
    outer loop
      vertex 2.8614702 0.0509394 -0.1319200
      vertex 2.7863188 0.3837984 0.0676909
      vertex 2.8232676 0.0271043 -0.0701932
    endloop
  endfacet
  facet normal 0.9803626 0.0259863 0.1954835
    outer loop
      vertex 2.8232676 0.0271043 -0.0701932
      vertex 2.7863188 0.3837984 0.0676909
      vertex 2.7732972 0.3542249 0.1369267
    endloop
  endfacet
  facet normal 0.9803831 0.0260607 0.1953710
    outer loop
      vertex 2.8232676 0.0271043 -0.0701932
      vertex 2.7732972 0.3542249 0.1369267
      vertex 2.8100000 0.0000000 -0.0000000
    endloop
  endfacet
  facet normal 0.9803955 0.1506677 -0.1269800
    outer loop
      vertex 2.8100000 0.0000000 -0.0000000
      vertex 2.7732972 0.3542249 0.1369267
      vertex 2.7863188 0.3293931 0.2080011
    endloop
  endfacet
  facet normal 0.9803689 0.1507407 -0.1270985
    outer loop
      vertex 2.8100000 0.0000000 -0.0000000
      vertex 2.7863188 0.3293931 0.2080011
      vertex 2.8232676 -0.0271043 0.0701932
    endloop
  endfacet
  facet normal 0.8630699 0.2574340 -0.4345550
    outer loop
      vertex 2.8232676 -0.0271043 0.0701932
      vertex 2.7863188 0.3293931 0.2080011
      vertex 2.8238132 0.3122981 0.2723415
    endloop
  endfacet
  facet normal 0.8629908 0.2575033 -0.4346711
    outer loop
      vertex 2.8232676 -0.0271043 0.0701932
      vertex 2.8238132 0.3122981 0.2723415
      vertex 2.8614702 -0.0509394 0.1319200
    endloop
  endfacet
  facet normal 0.6416694 0.3335230 -0.6906684
    outer loop
      vertex 2.8614702 -0.0509394 0.1319200
      vertex 2.8238132 0.3122981 0.2723415
      vertex 2.8812579 0.3050019 0.3221875
    endloop
  endfacet
  facet normal 0.6415364 0.3335814 -0.6907637
    outer loop
      vertex 2.8614702 -0.0509394 0.1319200
      vertex 2.8812579 0.3050019 0.3221875
      vertex 2.9200000 -0.0686305 0.1777354
    endloop
  endfacet
  facet normal 0.3420009 0.3695003 -0.8640052
    outer loop
      vertex 2.9200000 -0.0686305 0.1777354
      vertex 2.8812579 0.3050019 0.3221875
      vertex 2.9517243 0.3083844 0.3515270
    endloop
  endfacet
  facet normal 0.3418284 0.3695387 -0.8640570
    outer loop
      vertex 2.9200000 -0.0686305 0.1777354
      vertex 2.9517243 0.3083844 0.3515270
      vertex 2.9917974 -0.0780437 0.2021132
    endloop
  endfacet
  facet normal 0.0001828 0.3606510 -0.9327008
    outer loop
      vertex 2.9917974 -0.0780437 0.2021132
      vertex 2.9517243 0.3083844 0.3515270
      vertex 3.0267130 0.3220378 0.3568211
    endloop
  endfacet
  facet normal 0.0000000 0.3606649 -0.9326955
    outer loop
      vertex 2.9917974 -0.0780437 0.2021132
      vertex 3.0267130 0.3220378 0.3568211
      vertex 3.0682026 -0.0780437 0.2021132
    endloop
  endfacet
  facet normal -0.3416771 0.3079257 -0.8879406
    outer loop
      vertex 3.0682026 -0.0780437 0.2021132
      vertex 3.0267130 0.3220378 0.3568211
      vertex 3.0971794 0.3443151 0.3374313
    endloop
  endfacet
  facet normal -0.3418385 0.3079178 -0.8878812
    outer loop
      vertex 3.0682026 -0.0780437 0.2021132
      vertex 3.0971794 0.3443151 0.3374313
      vertex 3.1400000 -0.0686305 0.1777354
    endloop
  endfacet
  facet normal -0.6414461 0.2179433 -0.7355594
    outer loop
      vertex 3.1400000 -0.0686305 0.1777354
      vertex 3.0971794 0.3443151 0.3374313
      vertex 3.1546241 0.3725295 0.2956963
    endloop
  endfacet
  facet normal -0.6415656 0.2179212 -0.7354617
    outer loop
      vertex 3.1400000 -0.0686305 0.1777354
      vertex 3.1546241 0.3725295 0.2956963
      vertex 3.1985298 -0.0509394 0.1319200
    endloop
  endfacet
  facet normal -0.8629535 0.1019287 -0.4948957
    outer loop
      vertex 3.1985298 -0.0509394 0.1319200
      vertex 3.1546241 0.3725295 0.2956963
      vertex 3.1921185 0.4032778 0.2366500
    endloop
  endfacet
  facet normal -0.8630252 0.1019003 -0.4947766
    outer loop
      vertex 3.1985298 -0.0509394 0.1319200
      vertex 3.1921185 0.4032778 0.2366500
      vertex 3.2367324 -0.0271043 0.0701932
    endloop
  endfacet
  facet normal -0.9803596 -0.0260145 -0.1954950
    outer loop
      vertex 3.2367324 -0.0271043 0.0701932
      vertex 3.1921185 0.4032778 0.2366500
      vertex 3.2051402 0.4328513 0.1674142
    endloop
  endfacet
  facet normal -0.9803848 -0.0260437 -0.1953648
    outer loop
      vertex 3.2367324 -0.0271043 0.0701932
      vertex 3.2051402 0.4328513 0.1674142
      vertex 3.2500000 0.0000000 0.0000000
    endloop
  endfacet
  facet normal -0.9440339 -0.3244977 0.0591712
    outer loop
      vertex 3.2051402 0.4328513 0.1674142
      vertex 3.0732363 0.8459755 0.3285752
      vertex 3.0608868 0.8687986 0.2567118
    endloop
  endfacet
  facet normal -0.9439879 -0.3245612 0.0595552
    outer loop
      vertex 3.2051402 0.4328513 0.1674142
      vertex 3.0608868 0.8687986 0.2567118
      vertex 3.1921185 0.4576831 0.0963398
    endloop
  endfacet
  facet normal -0.8309933 -0.4113461 0.3744923
    outer loop
      vertex 3.1921185 0.4576831 0.0963398
      vertex 3.0608868 0.8687986 0.2567118
      vertex 3.0254417 0.8795671 0.1898879
    endloop
  endfacet
  facet normal -0.8308192 -0.4113596 0.3748635
    outer loop
      vertex 3.1921185 0.4576831 0.0963398
      vertex 3.0254417 0.8795671 0.1898879
      vertex 3.1546241 0.4747781 0.0319994
    endloop
  endfacet
  facet normal -0.6177696 -0.4489663 0.6455927
    outer loop
      vertex 3.1546241 0.4747781 0.0319994
      vertex 3.0254417 0.8795671 0.1898879
      vertex 2.9711763 0.8769820 0.1361633
    endloop
  endfacet
  facet normal -0.6174820 -0.4489155 0.6459032
    outer loop
      vertex 3.1546241 0.4747781 0.0319994
      vertex 2.9711763 0.8769820 0.1361633
      vertex 3.0971794 0.4820743 -0.0178466
    endloop
  endfacet
  facet normal -0.3292033 -0.4324091 0.8394329
    outer loop
      vertex 3.0971794 0.4820743 -0.0178466
      vertex 2.9711763 0.8769820 0.1361633
      vertex 2.9046356 0.8613551 0.1020181
    endloop
  endfacet
  facet normal -0.3288408 -0.4322894 0.8396366
    outer loop
      vertex 3.0971794 0.4820743 -0.0178466
      vertex 2.9046356 0.8613551 0.1020181
      vertex 3.0267130 0.4786918 -0.0471861
    endloop
  endfacet
  facet normal -0.0000488 -0.3632858 0.9316777
    outer loop
      vertex 3.0267130 0.4786918 -0.0471861
      vertex 2.9046356 0.8613551 0.1020181
      vertex 2.8338455 0.8345713 0.0915707
    endloop
  endfacet
  facet normal 0.0003316 -0.3631068 0.9317475
    outer loop
      vertex 3.0267130 0.4786918 -0.0471861
      vertex 2.8338455 0.8345713 0.0915707
      vertex 2.9517243 0.4650384 -0.0524802
    endloop
  endfacet
  facet normal 0.3291585 -0.2499651 0.9105889
    outer loop
      vertex 2.9517243 0.4650384 -0.0524802
      vertex 2.8338455 0.8345713 0.0915707
      vertex 2.7673444 0.7998611 0.1060811
    endloop
  endfacet
  facet normal 0.3294991 -0.2497474 0.9105254
    outer loop
      vertex 2.9517243 0.4650384 -0.0524802
      vertex 2.7673444 0.7998611 0.1060811
      vertex 2.8812579 0.4427611 -0.0330904
    endloop
  endfacet
  facet normal 0.6178313 -0.1065350 0.7790602
    outer loop
      vertex 2.8812579 0.4427611 -0.0330904
      vertex 2.7673444 0.7998611 0.1060811
      vertex 2.7131532 0.7614110 0.1437993
    endloop
  endfacet
  facet normal 0.6180906 -0.1063017 0.7788863
    outer loop
      vertex 2.8812579 0.4427611 -0.0330904
      vertex 2.7131532 0.7614110 0.1437993
      vertex 2.8238132 0.4145467 0.0086446
    endloop
  endfacet
  facet normal 0.8311125 0.0493188 0.5539131
    outer loop
      vertex 2.8238132 0.4145467 0.0086446
      vertex 2.7131532 0.7614110 0.1437993
      vertex 2.6778082 0.7238588 0.2001759
    endloop
  endfacet
  facet normal 0.8312685 0.0495502 0.5536582
    outer loop
      vertex 2.8238132 0.4145467 0.0086446
      vertex 2.6778082 0.7238588 0.2001759
      vertex 2.7863188 0.3837984 0.0676909
    endloop
  endfacet
  facet normal 0.9441114 0.1988327 0.2629053
    outer loop
      vertex 2.7863188 0.3837984 0.0676909
      vertex 2.6778082 0.7238588 0.2001759
      vertex 2.6655725 0.6917337 0.2684109
    endloop
  endfacet
  facet normal 0.9441517 0.1990501 0.2625960
    outer loop
      vertex 2.7863188 0.3837984 0.0676909
      vertex 2.6655725 0.6917337 0.2684109
      vertex 2.7732972 0.3542249 0.1369267
    endloop
  endfacet
  facet normal 0.9440682 0.3243907 -0.0592111
    outer loop
      vertex 2.7732972 0.3542249 0.1369267
      vertex 2.6655725 0.6917337 0.2684109
      vertex 2.6779220 0.6689105 0.3402743
    endloop
  endfacet
  facet normal 0.9439815 0.3245814 -0.0595470
    outer loop
      vertex 2.7732972 0.3542249 0.1369267
      vertex 2.6779220 0.6689105 0.3402743
      vertex 2.7863188 0.3293931 0.2080011
    endloop
  endfacet
  facet normal 0.8310312 0.4112350 -0.3745303
    outer loop
      vertex 2.7863188 0.3293931 0.2080011
      vertex 2.6779220 0.6689105 0.3402743
      vertex 2.7133671 0.6581421 0.4070983
    endloop
  endfacet
  facet normal 0.8308125 0.4113822 -0.3748536
    outer loop
      vertex 2.7863188 0.3293931 0.2080011
      vertex 2.7133671 0.6581421 0.4070983
      vertex 2.8238132 0.3122981 0.2723415
    endloop
  endfacet
  facet normal 0.6178081 0.4488644 -0.6456267
    outer loop
      vertex 2.8238132 0.3122981 0.2723415
      vertex 2.7133671 0.6581421 0.4070983
      vertex 2.7676325 0.6607272 0.4608229
    endloop
  endfacet
  facet normal 0.6174727 0.4489513 -0.6458872
    outer loop
      vertex 2.8238132 0.3122981 0.2723415
      vertex 2.7676325 0.6607272 0.4608229
      vertex 2.8812579 0.3050019 0.3221875
    endloop
  endfacet
  facet normal 0.3292382 0.4323250 -0.8394625
    outer loop
      vertex 2.8812579 0.3050019 0.3221875
      vertex 2.7676325 0.6607272 0.4608229
      vertex 2.8341732 0.6763541 0.4949681
    endloop
  endfacet
  facet normal 0.3288286 0.4323434 -0.8396136
    outer loop
      vertex 2.8812579 0.3050019 0.3221875
      vertex 2.8341732 0.6763541 0.4949681
      vertex 2.9517243 0.3083844 0.3515270
    endloop
  endfacet
  facet normal 0.0000778 0.3632194 -0.9317036
    outer loop
      vertex 2.9517243 0.3083844 0.3515270
      vertex 2.8341732 0.6763541 0.4949681
      vertex 2.9049633 0.7031379 0.5054155
    endloop
  endfacet
  facet normal -0.0003461 0.3631758 -0.9317206
    outer loop
      vertex 2.9517243 0.3083844 0.3515270
      vertex 2.9049633 0.7031379 0.5054155
      vertex 3.0267130 0.3220378 0.3568211
    endloop
  endfacet
  facet normal -0.3291341 0.2499082 -0.9106133
    outer loop
      vertex 3.0267130 0.3220378 0.3568211
      vertex 2.9049633 0.7031379 0.5054155
      vertex 2.9714644 0.7378481 0.4909050
    endloop
  endfacet
  facet normal -0.3295152 0.2498209 -0.9104995
    outer loop
      vertex 3.0267130 0.3220378 0.3568211
      vertex 2.9714644 0.7378481 0.4909050
      vertex 3.0971794 0.3443151 0.3374313
    endloop
  endfacet
  facet normal -0.6178078 0.1064756 -0.7790870
    outer loop
      vertex 3.0971794 0.3443151 0.3374313
      vertex 2.9714644 0.7378481 0.4909050
      vertex 3.0256556 0.7762981 0.4531868
    endloop
  endfacet
  facet normal -0.6181068 0.1063666 -0.7788647
    outer loop
      vertex 3.0971794 0.3443151 0.3374313
      vertex 3.0256556 0.7762981 0.4531868
      vertex 3.1546241 0.3725295 0.2956963
    endloop
  endfacet
  facet normal -0.8310866 -0.0493918 -0.5539454
    outer loop
      vertex 3.1546241 0.3725295 0.2956963
      vertex 3.0256556 0.7762981 0.4531868
      vertex 3.0610006 0.8138504 0.3968103
    endloop
  endfacet
  facet normal -0.8312821 -0.0495027 -0.5536421
    outer loop
      vertex 3.1546241 0.3725295 0.2956963
      vertex 3.0610006 0.8138504 0.3968103
      vertex 3.1921185 0.4032778 0.2366500
    endloop
  endfacet
  facet normal -0.9440816 -0.1989245 -0.2629431
    outer loop
      vertex 3.1921185 0.4032778 0.2366500
      vertex 3.0610006 0.8138504 0.3968103
      vertex 3.0732363 0.8459755 0.3285752
    endloop
  endfacet
  facet normal -0.9441611 -0.1990202 -0.2625850
    outer loop
      vertex 3.1921185 0.4032778 0.2366500
      vertex 3.0732363 0.8459755 0.3285752
      vertex 3.2051402 0.4328513 0.1674142
    endloop
  endfacet
  facet normal -0.8724662 -0.4886395 -0.0058466
    outer loop
      vertex 3.0732363 0.8459755 0.3285752
      vertex 2.8620773 1.2212195 0.4773775
      vertex 2.8507531 1.2423072 0.4048184
    endloop
  endfacet
  facet normal -0.8724233 -0.4887223 -0.0052910
    outer loop
      vertex 3.0732363 0.8459755 0.3285752
      vertex 2.8507531 1.2423072 0.4048184
      vertex 3.0608868 0.8687986 0.2567118
    endloop
  endfacet
  facet normal -0.7675207 -0.5573600 0.3166415
    outer loop
      vertex 3.0608868 0.8687986 0.2567118
      vertex 2.8507531 1.2423072 0.4048184
      vertex 2.8185811 1.2473432 0.3357000
    endloop
  endfacet
  facet normal -0.7673105 -0.5573392 0.3171871
    outer loop
      vertex 3.0608868 0.8687986 0.2567118
      vertex 2.8185811 1.2473432 0.3357000
      vertex 3.0254417 0.8795671 0.1898879
    endloop
  endfacet
  facet normal -0.5700563 -0.5592634 0.6018806
    outer loop
      vertex 3.0254417 0.8795671 0.1898879
      vertex 2.8185811 1.2473432 0.3357000
      vertex 2.7694419 1.2357202 0.2783590
    endloop
  endfacet
  facet normal -0.5697035 -0.5591247 0.6023433
    outer loop
      vertex 3.0254417 0.8795671 0.1898879
      vertex 2.7694419 1.2357202 0.2783590
      vertex 2.9711763 0.8769820 0.1361633
    endloop
  endfacet
  facet normal -0.3030690 -0.4935560 0.8152004
    outer loop
      vertex 2.9711763 0.8769820 0.1361633
      vertex 2.7694419 1.2357202 0.2783590
      vertex 2.7092622 1.2088401 0.2397115
    endloop
  endfacet
  facet normal -0.3026284 -0.4933064 0.8155151
    outer loop
      vertex 2.9711763 0.8769820 0.1361633
      vertex 2.7092622 1.2088401 0.2397115
      vertex 2.9046356 0.8613551 0.1020181
    endloop
  endfacet
  facet normal 0.0013004 -0.3677567 0.9299211
    outer loop
      vertex 2.9046356 0.8613551 0.1020181
      vertex 2.7092622 1.2088401 0.2397115
      vertex 2.6453007 1.1699451 0.2244191
    endloop
  endfacet
  facet normal 0.0017571 -0.3674247 0.9300516
    outer loop
      vertex 2.9046356 0.8613551 0.1020181
      vertex 2.6453007 1.1699451 0.2244191
      vertex 2.8338455 0.8345713 0.0915707
    endloop
  endfacet
  facet normal 0.3055742 -0.1972036 0.9315230
    outer loop
      vertex 2.8338455 0.8345713 0.0915707
      vertex 2.6453007 1.1699451 0.2244191
      vertex 2.5852721 1.1237263 0.2343262
    endloop
  endfacet
  facet normal 0.3059799 -0.1968283 0.9314692
    outer loop
      vertex 2.8338455 0.8345713 0.0915707
      vertex 2.5852721 1.1237263 0.2343262
      vertex 2.7673444 0.7998611 0.1060811
    endloop
  endfacet
  facet normal 0.5722291 -0.0030419 0.8200881
    outer loop
      vertex 2.7673444 0.7998611 0.1060811
      vertex 2.5852721 1.1237263 0.2343262
      vertex 2.5364167 1.0757586 0.2682379
    endloop
  endfacet
  facet normal 0.5725366 -0.0026592 0.8198748
    outer loop
      vertex 2.7673444 0.7998611 0.1060811
      vertex 2.5364167 1.0757586 0.2682379
      vertex 2.7131532 0.7614110 0.1437993
    endloop
  endfacet
  facet normal 0.7690522 0.1909054 0.6100114
    outer loop
      vertex 2.7131532 0.7614110 0.1437993
      vertex 2.5364167 1.0757586 0.2682379
      vertex 2.5046272 1.0318275 0.3220639
    endloop
  endfacet
  facet normal 0.7692323 0.1912691 0.6096702
    outer loop
      vertex 2.7131532 0.7614110 0.1437993
      vertex 2.5046272 1.0318275 0.3220639
      vertex 2.6778082 0.7238588 0.2001759
    endloop
  endfacet
  facet normal 0.8730698 0.3614154 0.3273041
    outer loop
      vertex 2.6778082 0.7238588 0.2001759
      vertex 2.5046272 1.0318275 0.3220639
      vertex 2.4937379 0.9972318 0.3893120
    endloop
  endfacet
  facet normal 0.8730999 0.3617378 0.3268675
    outer loop
      vertex 2.6778082 0.7238588 0.2001759
      vertex 2.4937379 0.9972318 0.3893120
      vertex 2.6655725 0.6917337 0.2684109
    endloop
  endfacet
  facet normal 0.8725483 0.4884936 0.0057914
    outer loop
      vertex 2.6655725 0.6917337 0.2684109
      vertex 2.4937379 0.9972318 0.3893120
      vertex 2.5050621 0.9761441 0.4618711
    endloop
  endfacet
  facet normal 0.8724089 0.4887480 0.0053017
    outer loop
      vertex 2.6655725 0.6917337 0.2684109
      vertex 2.5050621 0.9761441 0.4618711
      vertex 2.6779220 0.6689105 0.3402743
    endloop
  endfacet
  facet normal 0.7676032 0.5572187 -0.3166902
    outer loop
      vertex 2.6779220 0.6689105 0.3402743
      vertex 2.5050621 0.9761441 0.4618711
      vertex 2.5372341 0.9711081 0.5309896
    endloop
  endfacet
  facet normal 0.7672904 0.5573762 -0.3171705
    outer loop
      vertex 2.6779220 0.6689105 0.3402743
      vertex 2.5372341 0.9711081 0.5309896
      vertex 2.7133671 0.6581421 0.4070983
    endloop
  endfacet
  facet normal 0.5701331 0.5591409 -0.6019216
    outer loop
      vertex 2.7133671 0.6581421 0.4070983
      vertex 2.5372341 0.9711081 0.5309896
      vertex 2.5863733 0.9827311 0.5883306
    endloop
  endfacet
  facet normal 0.5696748 0.5591823 -0.6023170
    outer loop
      vertex 2.7133671 0.6581421 0.4070983
      vertex 2.5863733 0.9827311 0.5883306
      vertex 2.7676325 0.6607272 0.4608229
    endloop
  endfacet
  facet normal 0.3031359 0.4934569 -0.8152355
    outer loop
      vertex 2.7676325 0.6607272 0.4608229
      vertex 2.5863733 0.9827311 0.5883306
      vertex 2.6465530 1.0096112 0.6269781
    endloop
  endfacet
  facet normal 0.3025923 0.4933851 -0.8154809
    outer loop
      vertex 2.7676325 0.6607272 0.4608229
      vertex 2.6465530 1.0096112 0.6269781
      vertex 2.8341732 0.6763541 0.4949681
    endloop
  endfacet
  facet normal -0.0012425 0.3676743 -0.9299538
    outer loop
      vertex 2.8341732 0.6763541 0.4949681
      vertex 2.6465530 1.0096112 0.6269781
      vertex 2.7105145 1.0485062 0.6422705
    endloop
  endfacet
  facet normal -0.0017965 0.3675148 -0.9300159
    outer loop
      vertex 2.8341732 0.6763541 0.4949681
      vertex 2.7105145 1.0485062 0.6422705
      vertex 2.9049633 0.7031379 0.5054155
    endloop
  endfacet
  facet normal -0.3055190 0.1971244 -0.9315579
    outer loop
      vertex 2.9049633 0.7031379 0.5054155
      vertex 2.7105145 1.0485062 0.6422705
      vertex 2.7705431 1.0947250 0.6323634
    endloop
  endfacet
  facet normal -0.3060181 0.1969144 -0.9314385
    outer loop
      vertex 2.9049633 0.7031379 0.5054155
      vertex 2.7705431 1.0947250 0.6323634
      vertex 2.9714644 0.7378481 0.4909050
    endloop
  endfacet
  facet normal -0.5721693 0.0029513 -0.8201302
    outer loop
      vertex 2.9714644 0.7378481 0.4909050
      vertex 2.7705431 1.0947250 0.6323634
      vertex 2.8193985 1.1426927 0.5984517
    endloop
  endfacet
  facet normal -0.5725690 0.0027273 -0.8198520
    outer loop
      vertex 2.9714644 0.7378481 0.4909050
      vertex 2.8193985 1.1426927 0.5984517
      vertex 3.0256556 0.7762981 0.4531868
    endloop
  endfacet
  facet normal -0.7689838 -0.1910175 -0.6100625
    outer loop
      vertex 3.0256556 0.7762981 0.4531868
      vertex 2.8193985 1.1426927 0.5984517
      vertex 2.8511880 1.1866238 0.5446257
    endloop
  endfacet
  facet normal -0.7692557 -0.1912239 -0.6096548
    outer loop
      vertex 3.0256556 0.7762981 0.4531868
      vertex 2.8511880 1.1866238 0.5446257
      vertex 3.0610006 0.8138504 0.3968103
    endloop
  endfacet
  facet normal -0.8729931 -0.3615495 -0.3273607
    outer loop
      vertex 3.0610006 0.8138504 0.3968103
      vertex 2.8511880 1.1866238 0.5446257
      vertex 2.8620773 1.2212195 0.4773775
    endloop
  endfacet
  facet normal -0.8731158 -0.3617091 -0.3268568
    outer loop
      vertex 3.0610006 0.8138504 0.3968103
      vertex 2.8620773 1.2212195 0.4773775
      vertex 3.0732363 0.8459755 0.3285752
    endloop
  endfacet
  facet normal -0.7682725 -0.6367357 -0.0657651
    outer loop
      vertex 2.8620773 1.2212195 0.4773775
      vertex 2.5838781 1.5433849 0.6081251
      vertex 2.5739061 1.5629747 0.5349503
    endloop
  endfacet
  facet normal -0.7682536 -0.6368190 -0.0651760
    outer loop
      vertex 2.8620773 1.2212195 0.4773775
      vertex 2.5739061 1.5629747 0.5349503
      vertex 2.8507531 1.2423072 0.4048184
    endloop
  endfacet
  facet normal -0.6748360 -0.6894319 0.2632111
    outer loop
      vertex 2.8507531 1.2423072 0.4048184
      vertex 2.5739061 1.5629747 0.5349503
      vertex 2.5461195 1.5630005 0.4637768
    endloop
  endfacet
  facet normal -0.6746629 -0.6893759 0.2638009
    outer loop
      vertex 2.8507531 1.2423072 0.4048184
      vertex 2.5461195 1.5630005 0.4637768
      vertex 2.8185811 1.2473432 0.3357000
    endloop
  endfacet
  facet normal -0.5000490 -0.6593977 0.5613784
    outer loop
      vertex 2.8185811 1.2473432 0.3357000
      vertex 2.5461195 1.5630005 0.4637768
      vertex 2.5038698 1.5434590 0.4031893
    endloop
  endfacet
  facet normal -0.4997485 -0.6591939 0.5618851
    outer loop
      vertex 2.8185811 1.2473432 0.3357000
      vertex 2.5038698 1.5434590 0.4031893
      vertex 2.7694419 1.2357202 0.2783590
    endloop
  endfacet
  facet normal -0.2642675 -0.5495506 0.7925634
    outer loop
      vertex 2.7694419 1.2357202 0.2783590
      vertex 2.5038698 1.5434590 0.4031893
      vertex 2.4522529 1.5067073 0.3604955
    endloop
  endfacet
  facet normal -0.2638946 -0.5492209 0.7929162
    outer loop
      vertex 2.7694419 1.2357202 0.2783590
      vertex 2.4522529 1.5067073 0.3604955
      vertex 2.7092622 1.2088401 0.2397115
    endloop
  endfacet
  facet normal 0.0041231 -0.3727168 0.9279360
    outer loop
      vertex 2.7092622 1.2088401 0.2397115
      vertex 2.4522529 1.5067073 0.3604955
      vertex 2.3974945 1.4571783 0.3408448
    endloop
  endfacet
  facet normal 0.0045028 -0.3723064 0.9280989
    outer loop
      vertex 2.7092622 1.2088401 0.2397115
      vertex 2.3974945 1.4571783 0.3408448
      vertex 2.6453007 1.1699451 0.2244191
    endloop
  endfacet
  facet normal 0.2720731 -0.1505164 0.9504320
    outer loop
      vertex 2.6453007 1.1699451 0.2244191
      vertex 2.3974945 1.4571783 0.3408448
      vertex 2.3461994 1.4008457 0.3466075
    endloop
  endfacet
  facet normal 0.2724041 -0.1500746 0.9504071
    outer loop
      vertex 2.6453007 1.1699451 0.2244191
      vertex 2.3461994 1.4008457 0.3466075
      vertex 2.5852721 1.1237263 0.2343262
    endloop
  endfacet
  facet normal 0.5065370 0.0895338 0.8575570
    outer loop
      vertex 2.5852721 1.1237263 0.2343262
      vertex 2.3461994 1.4008457 0.3466075
      vertex 2.3045544 1.3445043 0.3770885
    endloop
  endfacet
  facet normal 0.5067828 0.0899698 0.8573661
    outer loop
      vertex 2.5852721 1.1237263 0.2343262
      vertex 2.3045544 1.3445043 0.3770885
      vertex 2.5364167 1.0757586 0.2682379
    endloop
  endfacet
  facet normal 0.6791911 0.3180626 0.6614648
    outer loop
      vertex 2.5364167 1.0757586 0.2682379
      vertex 2.3045544 1.3445043 0.3770885
      vertex 2.2775827 1.2949495 0.4286113
    endloop
  endfacet
  facet normal 0.6793265 0.3184667 0.6611311
    outer loop
      vertex 2.5364167 1.0757586 0.2682379
      vertex 2.2775827 1.2949495 0.4286113
      vertex 2.5046272 1.0318275 0.3220639
    endloop
  endfacet
  facet normal 0.7698871 0.5078044 0.3865341
    outer loop
      vertex 2.5046272 1.0318275 0.3220639
      vertex 2.2775827 1.2949495 0.4286113
      vertex 2.2685372 1.2581584 0.4949615
    endloop
  endfacet
  facet normal 0.7698865 0.5081486 0.3860826
    outer loop
      vertex 2.5046272 1.0318275 0.3220639
      vertex 2.2685372 1.2581584 0.4949615
      vertex 2.4937379 0.9972318 0.3893120
    endloop
  endfacet
  facet normal 0.7684009 0.6365866 0.0657077
    outer loop
      vertex 2.4937379 0.9972318 0.3893120
      vertex 2.2685372 1.2581584 0.4949615
      vertex 2.2785092 1.2385686 0.5681363
    endloop
  endfacet
  facet normal 0.7682411 0.6368335 0.0651821
    outer loop
      vertex 2.4937379 0.9972318 0.3893120
      vertex 2.2785092 1.2385686 0.5681363
      vertex 2.5050621 0.9761441 0.4618711
    endloop
  endfacet
  facet normal 0.6749557 0.6892968 -0.2632579
    outer loop
      vertex 2.5050621 0.9761441 0.4618711
      vertex 2.2785092 1.2385686 0.5681363
      vertex 2.3062958 1.2385428 0.6393098
    endloop
  endfacet
  facet normal 0.6746343 0.6894099 -0.2637851
    outer loop
      vertex 2.5050621 0.9761441 0.4618711
      vertex 2.3062958 1.2385428 0.6393098
      vertex 2.5372341 0.9711081 0.5309896
    endloop
  endfacet
  facet normal 0.5001516 0.6592888 -0.5614148
    outer loop
      vertex 2.5372341 0.9711081 0.5309896
      vertex 2.3062958 1.2385428 0.6393098
      vertex 2.3485455 1.2580843 0.6998973
    endloop
  endfacet
  facet normal 0.4997017 0.6592533 -0.5618570
    outer loop
      vertex 2.5372341 0.9711081 0.5309896
      vertex 2.3485455 1.2580843 0.6998973
      vertex 2.5863733 0.9827311 0.5883306
    endloop
  endfacet
  facet normal 0.2643523 0.5494665 -0.7925935
    outer loop
      vertex 2.5863733 0.9827311 0.5883306
      vertex 2.3485455 1.2580843 0.6998973
      vertex 2.4001624 1.2948359 0.7425911
    endloop
  endfacet
  facet normal 0.2638362 0.5493004 -0.7928805
    outer loop
      vertex 2.5863733 0.9827311 0.5883306
      vertex 2.4001624 1.2948359 0.7425911
      vertex 2.6465530 1.0096112 0.6269781
    endloop
  endfacet
  facet normal -0.0040477 0.3726450 -0.9279652
    outer loop
      vertex 2.6465530 1.0096112 0.6269781
      vertex 2.4001624 1.2948359 0.7425911
      vertex 2.4549208 1.3443650 0.7622418
    endloop
  endfacet
  facet normal -0.0045622 0.3723907 -0.9280648
    outer loop
      vertex 2.6465530 1.0096112 0.6269781
      vertex 2.4549208 1.3443650 0.7622418
      vertex 2.7105145 1.0485062 0.6422705
    endloop
  endfacet
  facet normal -0.2719932 0.1504401 -0.9504670
    outer loop
      vertex 2.7105145 1.0485062 0.6422705
      vertex 2.4549208 1.3443650 0.7622418
      vertex 2.5062159 1.4006975 0.7564791
    endloop
  endfacet
  facet normal -0.2724541 0.1501450 -0.9503816
    outer loop
      vertex 2.7105145 1.0485062 0.6422705
      vertex 2.5062159 1.4006975 0.7564791
      vertex 2.7705431 1.0947250 0.6323634
    endloop
  endfacet
  facet normal -0.5064414 -0.0896295 -0.8576034
    outer loop
      vertex 2.7705431 1.0947250 0.6323634
      vertex 2.5062159 1.4006975 0.7564791
      vertex 2.5478609 1.4570390 0.7259981
    endloop
  endfacet
  facet normal -0.5068163 -0.0899251 -0.8573510
    outer loop
      vertex 2.7705431 1.0947250 0.6323634
      vertex 2.5478609 1.4570390 0.7259981
      vertex 2.8193985 1.1426927 0.5984517
    endloop
  endfacet
  facet normal -0.6790774 -0.3181847 -0.6615228
    outer loop
      vertex 2.8193985 1.1426927 0.5984517
      vertex 2.5478609 1.4570390 0.7259981
      vertex 2.5748327 1.5065938 0.6744753
    endloop
  endfacet
  facet normal -0.6793429 -0.3184464 -0.6611242
    outer loop
      vertex 2.8193985 1.1426927 0.5984517
      vertex 2.5748327 1.5065938 0.6744753
      vertex 2.8511880 1.1866238 0.5446257
    endloop
  endfacet
  facet normal -0.7697610 -0.5079480 -0.3865965
    outer loop
      vertex 2.8511880 1.1866238 0.5446257
      vertex 2.5748327 1.5065938 0.6744753
      vertex 2.5838781 1.5433849 0.6081251
    endloop
  endfacet
  facet normal -0.7698940 -0.5081397 -0.3860793
    outer loop
      vertex 2.8511880 1.1866238 0.5446257
      vertex 2.5838781 1.5433849 0.6081251
      vertex 2.8620773 1.2212195 0.4773775
    endloop
  endfacet
  facet normal -0.6355680 -0.7629618 -0.1180791
    outer loop
      vertex 2.5838781 1.5433849 0.6081251
      vertex 2.2542154 1.8013502 0.7157260
      vertex 2.2459692 1.8196297 0.6419994
    endloop
  endfacet
  facet normal -0.6355745 -0.7630215 -0.1176570
    outer loop
      vertex 2.5838781 1.5433849 0.6081251
      vertex 2.2459692 1.8196297 0.6419994
      vertex 2.5739061 1.5629747 0.5349503
    endloop
  endfacet
  facet normal -0.5568482 -0.8018642 0.2166424
    outer loop
      vertex 2.5739061 1.5629747 0.5349503
      vertex 2.2459692 1.8196297 0.6419994
      vertex 2.2235955 1.8154613 0.5690624
    endloop
  endfacet
  facet normal -0.5567640 -0.8018058 0.2170744
    outer loop
      vertex 2.5739061 1.5629747 0.5349503
      vertex 2.2235955 1.8154613 0.5690624
      vertex 2.5461195 1.5630005 0.4637768
    endloop
  endfacet
  facet normal -0.4109815 -0.7444709 0.5261723
    outer loop
      vertex 2.5461195 1.5630005 0.4637768
      vertex 2.2235955 1.8154613 0.5690624
      vertex 2.1897930 1.7893477 0.5057124
    endloop
  endfacet
  facet normal -0.4108262 -0.7442949 0.5265424
    outer loop
      vertex 2.5461195 1.5630005 0.4637768
      vertex 2.1897930 1.7893477 0.5057124
      vertex 2.5038698 1.5434590 0.4031893
    endloop
  endfacet
  facet normal -0.2149675 -0.5968807 0.7729957
    outer loop
      vertex 2.5038698 1.5434590 0.4031893
      vertex 2.1897930 1.7893477 0.5057124
      vertex 2.1486387 1.7444386 0.4595903
    endloop
  endfacet
  facet normal -0.2147793 -0.5966194 0.7732498
    outer loop
      vertex 2.5038698 1.5434590 0.4031893
      vertex 2.1486387 1.7444386 0.4595903
      vertex 2.4522529 1.5067073 0.3604955
    endloop
  endfacet
  facet normal 0.0075788 -0.3764754 0.9263956
    outer loop
      vertex 2.4522529 1.5067073 0.3604955
      vertex 2.1486387 1.7444386 0.4595903
      vertex 2.1050965 1.6861507 0.4362590
    endloop
  endfacet
  facet normal 0.0077604 -0.3761749 0.9265162
    outer loop
      vertex 2.4522529 1.5067073 0.3604955
      vertex 2.1050965 1.6861507 0.4362590
      vertex 2.3974945 1.4571783 0.3408448
    endloop
  endfacet
  facet normal 0.2292444 -0.1102530 0.9671046
    outer loop
      vertex 2.3974945 1.4571783 0.3408448
      vertex 2.1050965 1.6861507 0.4362590
      vertex 2.0644181 1.6215144 0.4385327
    endloop
  endfacet
  facet normal 0.2293943 -0.1099486 0.9671037
    outer loop
      vertex 2.3974945 1.4571783 0.3408448
      vertex 2.0644181 1.6215144 0.4385327
      vertex 2.3461994 1.4008457 0.3466075
    endloop
  endfacet
  facet normal 0.4226990 0.1688420 0.8904032
    outer loop
      vertex 2.3461994 1.4008457 0.3466075
      vertex 2.0644181 1.6215144 0.4385327
      vertex 2.0315101 1.5583257 0.4661372
    endloop
  endfacet
  facet normal 0.4228058 0.1691363 0.8902967
    outer loop
      vertex 2.3461994 1.4008457 0.3466075
      vertex 2.0315101 1.5583257 0.4661372
      vertex 2.3045544 1.3445043 0.3770885
    endloop
  endfacet
  facet normal 0.5645885 0.4267353 0.7064962
    outer loop
      vertex 2.3045544 1.3445043 0.3770885
      vertex 2.0315101 1.5583257 0.4661372
      vertex 2.0103415 1.5042062 0.5157429
    endloop
  endfacet
  facet normal 0.5646405 0.4270126 0.7062870
    outer loop
      vertex 2.3045544 1.3445043 0.3770885
      vertex 2.0103415 1.5042062 0.5157429
      vertex 2.2775827 1.2949495 0.4286113
    endloop
  endfacet
  facet normal 0.6383652 0.6327433 0.4383215
    outer loop
      vertex 2.2775827 1.2949495 0.4286113
      vertex 2.0103415 1.5042062 0.5157429
      vertex 2.0034657 1.4656834 0.5813666
    endloop
  endfacet
  facet normal 0.6383412 0.6329822 0.4380115
    outer loop
      vertex 2.2775827 1.2949495 0.4286113
      vertex 2.0034657 1.4656834 0.5813666
      vertex 2.2685372 1.2581584 0.4949615
    endloop
  endfacet
  facet normal 0.6357117 0.7628489 0.1180350
    outer loop
      vertex 2.2685372 1.2581584 0.4949615
      vertex 2.0034657 1.4656834 0.5813666
      vertex 2.0117119 1.4474039 0.6550932
    endloop
  endfacet
  facet normal 0.6355905 0.7630090 0.1176514
    outer loop
      vertex 2.2685372 1.2581584 0.4949615
      vertex 2.0117119 1.4474039 0.6550932
      vertex 2.2785092 1.2385686 0.5681363
    endloop
  endfacet
  facet normal 0.5569670 0.8017732 -0.2166736
    outer loop
      vertex 2.2785092 1.2385686 0.5681363
      vertex 2.0117119 1.4474039 0.6550932
      vertex 2.0340856 1.4515723 0.7280302
    endloop
  endfacet
  facet normal 0.5567482 0.8018184 -0.2170682
    outer loop
      vertex 2.2785092 1.2385686 0.5681363
      vertex 2.0340856 1.4515723 0.7280302
      vertex 2.3062958 1.2385428 0.6393098
    endloop
  endfacet
  facet normal 0.4110680 0.7444086 -0.5261928
    outer loop
      vertex 2.3062958 1.2385428 0.6393098
      vertex 2.0340856 1.4515723 0.7280302
      vertex 2.0678881 1.4776859 0.7913802
    endloop
  endfacet
  facet normal 0.4107814 0.7443331 -0.5265235
    outer loop
      vertex 2.3062958 1.2385428 0.6393098
      vertex 2.0678881 1.4776859 0.7913802
      vertex 2.3485455 1.2580843 0.6998973
    endloop
  endfacet
  facet normal 0.2150294 0.5968392 -0.7730105
    outer loop
      vertex 2.3485455 1.2580843 0.6998973
      vertex 2.0678881 1.4776859 0.7913802
      vertex 2.1090424 1.5225950 0.8375023
    endloop
  endfacet
  facet normal 0.2147214 0.5966721 -0.7732252
    outer loop
      vertex 2.3485455 1.2580843 0.6998973
      vertex 2.1090424 1.5225950 0.8375023
      vertex 2.4001624 1.2948359 0.7425911
    endloop
  endfacet
  facet normal -0.0075211 0.3764385 -0.9264111
    outer loop
      vertex 2.4001624 1.2948359 0.7425911
      vertex 2.1090424 1.5225950 0.8375023
      vertex 2.1525846 1.5808829 0.8608336
    endloop
  endfacet
  facet normal -0.0078109 0.3762228 -0.9264963
    outer loop
      vertex 2.4001624 1.2948359 0.7425911
      vertex 2.1525846 1.5808829 0.8608336
      vertex 2.4549208 1.3443650 0.7622418
    endloop
  endfacet
  facet normal -0.2291678 0.1102040 -0.9671283
    outer loop
      vertex 2.4549208 1.3443650 0.7622418
      vertex 2.1525846 1.5808829 0.8608336
      vertex 2.1932630 1.6455192 0.8585599
    endloop
  endfacet
  facet normal -0.2294207 0.1099735 -0.9670946
    outer loop
      vertex 2.4549208 1.3443650 0.7622418
      vertex 2.1932630 1.6455192 0.8585599
      vertex 2.5062159 1.4006975 0.7564791
    endloop
  endfacet
  facet normal -0.4225905 -0.1689150 -0.8904409
    outer loop
      vertex 2.5062159 1.4006975 0.7564791
      vertex 2.1932630 1.6455192 0.8585599
      vertex 2.2261710 1.7087079 0.8309554
    endloop
  endfacet
  facet normal -0.4228009 -0.1691407 -0.8902982
    outer loop
      vertex 2.5062159 1.4006975 0.7564791
      vertex 2.2261710 1.7087079 0.8309554
      vertex 2.5478609 1.4570390 0.7259981
    endloop
  endfacet
  facet normal -0.5644510 -0.4268347 -0.7065460
    outer loop
      vertex 2.5478609 1.4570390 0.7259981
      vertex 2.2261710 1.7087079 0.8309554
      vertex 2.2473396 1.7628274 0.7813497
    endloop
  endfacet
  facet normal -0.5646112 -0.4270374 -0.7062955
    outer loop
      vertex 2.5478609 1.4570390 0.7259981
      vertex 2.2473396 1.7628274 0.7813497
      vertex 2.5748327 1.5065938 0.6744753
    endloop
  endfacet
  facet normal -0.6382143 -0.6328593 -0.4383738
    outer loop
      vertex 2.5748327 1.5065938 0.6744753
      vertex 2.2473396 1.7628274 0.7813497
      vertex 2.2542154 1.8013502 0.7157260
    endloop
  endfacet
  facet normal -0.6383070 -0.6330094 -0.4380220
    outer loop
      vertex 2.5748327 1.5065938 0.6744753
      vertex 2.2542154 1.8013502 0.7157260
      vertex 2.5838781 1.5433849 0.6081251
    endloop
  endfacet
  facet normal -0.4800953 -0.8624754 -0.1601396
    outer loop
      vertex 2.2542154 1.8013502 0.7157260
      vertex 1.8907014 1.9888180 0.7958748
      vertex 1.8846805 2.0059495 0.7216588
    endloop
  endfacet
  facet normal -0.4800951 -0.8624751 -0.1601416
    outer loop
      vertex 2.2542154 1.8013502 0.7157260
      vertex 1.8846805 2.0059495 0.7216588
      vertex 2.2459692 1.8196297 0.6419994
    endloop
  endfacet
  facet normal -0.4193544 -0.8899014 0.1794920
    outer loop
      vertex 2.2459692 1.8196297 0.6419994
      vertex 1.8846805 2.0059495 0.7216588
      vertex 1.8686941 1.9984885 0.6473182
    endloop
  endfacet
  facet normal -0.4193539 -0.8899007 0.1794968
    outer loop
      vertex 2.2459692 1.8196297 0.6419994
      vertex 1.8686941 1.9984885 0.6473182
      vertex 2.2235955 1.8154613 0.5690624
    endloop
  endfacet
  facet normal -0.3080177 -0.8103722 0.4984195
    outer loop
      vertex 2.2235955 1.8154613 0.5690624
      vertex 1.8686941 1.9984885 0.6473182
      vertex 1.8446702 1.9673349 0.5818196
    endloop
  endfacet
  facet normal -0.3080216 -0.8103807 0.4984034
    outer loop
      vertex 2.2235955 1.8154613 0.5690624
      vertex 1.8446702 1.9673349 0.5818196
      vertex 2.1897930 1.7893477 0.5057124
    endloop
  endfacet
  facet normal -0.1590799 -0.6325752 0.7579857
    outer loop
      vertex 2.1897930 1.7893477 0.5057124
      vertex 1.8446702 1.9673349 0.5818196
      vertex 1.8155064 1.9162464 0.5330632
    endloop
  endfacet
  facet normal -0.1590983 -0.6326205 0.7579440
    outer loop
      vertex 2.1897930 1.7893477 0.5057124
      vertex 1.8155064 1.9162464 0.5330632
      vertex 2.1486387 1.7444386 0.4595903
    endloop
  endfacet
  facet normal 0.0094878 -0.3775739 0.9259308
    outer loop
      vertex 2.1486387 1.7444386 0.4595903
      vertex 1.8155064 1.9162464 0.5330632
      vertex 1.7847205 1.8513849 0.5069296
    endloop
  endfacet
  facet normal 0.0094533 -0.3776735 0.9258906
    outer loop
      vertex 2.1486387 1.7444386 0.4595903
      vertex 1.7847205 1.8513849 0.5069296
      vertex 2.1050965 1.6861507 0.4362590
    endloop
  endfacet
  facet normal 0.1769101 -0.0766597 0.9812370
    outer loop
      vertex 2.1050965 1.6861507 0.4362590
      vertex 1.7847205 1.8513849 0.5069296
      vertex 1.7560255 1.7805737 0.5065709
    endloop
  endfacet
  facet normal 0.1768724 -0.0767961 0.9812332
    outer loop
      vertex 2.1050965 1.6861507 0.4362590
      vertex 1.7560255 1.7805737 0.5065709
      vertex 2.0644181 1.6215144 0.4385327
    endloop
  endfacet
  facet normal 0.3225593 0.2329594 0.9174342
    outer loop
      vertex 2.0644181 1.6215144 0.4385327
      vertex 1.7560255 1.7805737 0.5065709
      vertex 1.7328826 1.7123537 0.5320304
    endloop
  endfacet
  facet normal 0.3225359 0.2328324 0.9174746
    outer loop
      vertex 2.0644181 1.6215144 0.4385327
      vertex 1.7328826 1.7123537 0.5320304
      vertex 2.0315101 1.5583257 0.4661372
    endloop
  endfacet
  facet normal 0.4288766 0.5135692 0.7431767
    outer loop
      vertex 2.0315101 1.5583257 0.4661372
      vertex 1.7328826 1.7123537 0.5320304
      vertex 1.7180831 1.6549532 0.5802374
    endloop
  endfacet
  facet normal 0.4288730 0.5134918 0.7432322
    outer loop
      vertex 2.0315101 1.5583257 0.4661372
      vertex 1.7180831 1.6549532 0.5802374
      vertex 2.0103415 1.5042062 0.5157429
    endloop
  endfacet
  facet normal 0.4834733 0.7318664 0.4802344
    outer loop
      vertex 2.0103415 1.5042062 0.5157429
      vertex 1.7180831 1.6549532 0.5802374
      vertex 1.7134121 1.6152955 0.6453773
    endloop
  endfacet
  facet normal 0.4834782 0.7318422 0.4802664
    outer loop
      vertex 2.0103415 1.5042062 0.5157429
      vertex 1.7134121 1.6152955 0.6453773
      vertex 2.0034657 1.4656834 0.5813666
    endloop
  endfacet
  facet normal 0.4801846 0.8624290 0.1601216
    outer loop
      vertex 2.0034657 1.4656834 0.5813666
      vertex 1.7134121 1.6152955 0.6453773
      vertex 1.7194329 1.5981640 0.7195933
    endloop
  endfacet
  facet normal 0.4801842 0.8624295 0.1601203
    outer loop
      vertex 2.0034657 1.4656834 0.5813666
      vertex 1.7194329 1.5981640 0.7195933
      vertex 2.0117119 1.4474039 0.6550932
    endloop
  endfacet
  facet normal 0.4193965 0.8898802 -0.1794989
    outer loop
      vertex 2.0117119 1.4474039 0.6550932
      vertex 1.7194329 1.5981640 0.7195933
      vertex 1.7354194 1.6056250 0.7939339
    endloop
  endfacet
  facet normal 0.4193923 0.8898804 -0.1795075
    outer loop
      vertex 2.0117119 1.4474039 0.6550932
      vertex 1.7354194 1.6056250 0.7939339
      vertex 2.0340856 1.4515723 0.7280302
    endloop
  endfacet
  facet normal 0.3080121 0.8103748 -0.4984187
    outer loop
      vertex 2.0340856 1.4515723 0.7280302
      vertex 1.7354194 1.6056250 0.7939339
      vertex 1.7594433 1.6367786 0.8594324
    endloop
  endfacet
  facet normal 0.3080228 0.8103800 -0.4984037
    outer loop
      vertex 2.0340856 1.4515723 0.7280302
      vertex 1.7594433 1.6367786 0.8594324
      vertex 2.0678881 1.4776859 0.7913802
    endloop
  endfacet
  facet normal 0.1590491 0.6325884 -0.7579811
    outer loop
      vertex 2.0678881 1.4776859 0.7913802
      vertex 1.7594433 1.6367786 0.8594324
      vertex 1.7886070 1.6878671 0.9081889
    endloop
  endfacet
  facet normal 0.1590923 0.6326241 -0.7579422
    outer loop
      vertex 2.0678881 1.4776859 0.7913802
      vertex 1.7886070 1.6878671 0.9081889
      vertex 2.1090424 1.5225950 0.8375023
    endloop
  endfacet
  facet normal -0.0095083 0.3775823 -0.9259272
    outer loop
      vertex 2.1090424 1.5225950 0.8375023
      vertex 1.7886070 1.6878671 0.9081889
      vertex 1.8193930 1.7527286 0.9343225
    endloop
  endfacet
  facet normal -0.0094347 0.3776616 -0.9258956
    outer loop
      vertex 2.1090424 1.5225950 0.8375023
      vertex 1.8193930 1.7527286 0.9343225
      vertex 2.1525846 1.5808829 0.8608336
    endloop
  endfacet
  facet normal -0.1768897 0.0766514 -0.9812414
    outer loop
      vertex 2.1525846 1.5808829 0.8608336
      vertex 1.8193930 1.7527286 0.9343225
      vertex 1.8480879 1.8235398 0.9346812
    endloop
  endfacet
  facet normal -0.1768085 0.0767553 -0.9812479
    outer loop
      vertex 2.1525846 1.5808829 0.8608336
      vertex 1.8480879 1.8235398 0.9346812
      vertex 2.1932630 1.6455192 0.8585599
    endloop
  endfacet
  facet normal -0.3224876 -0.2329902 -0.9174515
    outer loop
      vertex 2.1932630 1.6455192 0.8585599
      vertex 1.8480879 1.8235398 0.9346812
      vertex 1.8712308 1.8917598 0.9092216
    endloop
  endfacet
  facet normal -0.3224253 -0.2328995 -0.9174965
    outer loop
      vertex 2.1932630 1.6455192 0.8585599
      vertex 1.8712308 1.8917598 0.9092216
      vertex 2.2261710 1.7087079 0.8309554
    endloop
  endfacet
  facet normal -0.4287679 -0.5136202 -0.7432041
    outer loop
      vertex 2.2261710 1.7087079 0.8309554
      vertex 1.8712308 1.8917598 0.9092216
      vertex 1.8860303 1.9491603 0.8610147
    endloop
  endfacet
  facet normal -0.4287363 -0.5135688 -0.7432579
    outer loop
      vertex 2.2261710 1.7087079 0.8309554
      vertex 1.8860303 1.9491603 0.8610147
      vertex 2.2473396 1.7628274 0.7813497
    endloop
  endfacet
  facet normal -0.4833579 -0.7319248 -0.4802616
    outer loop
      vertex 2.2473396 1.7628274 0.7813497
      vertex 1.8860303 1.9491603 0.8610147
      vertex 1.8907014 1.9888180 0.7958748
    endloop
  endfacet
  facet normal -0.4833497 -0.7319098 -0.4802927
    outer loop
      vertex 2.2473396 1.7628274 0.7813497
      vertex 1.8907014 1.9888180 0.7958748
      vertex 2.2542154 1.8013502 0.7157260
    endloop
  endfacet
  facet normal -0.3092911 -0.9319372 -0.1892938
    outer loop
      vertex 1.8907014 1.9888180 0.7958748
      vertex 1.5115263 2.1046335 0.8452300
      vertex 1.5084179 2.1208191 0.7706235
    endloop
  endfacet
  facet normal -0.3092035 -0.9318204 -0.1900104
    outer loop
      vertex 1.8907014 1.9888180 0.7958748
      vertex 1.5084179 2.1208191 0.7706235
      vertex 1.8846805 2.0059495 0.7216588
    endloop
  endfacet
  facet normal -0.2700836 -0.9504079 0.1542065
    outer loop
      vertex 1.8846805 2.0059495 0.7216588
      vertex 1.5084179 2.1208191 0.7706235
      vertex 1.4997528 2.1110666 0.6953403
    endloop
  endfacet
  facet normal -0.2700671 -0.9505312 0.1534736
    outer loop
      vertex 1.8846805 2.0059495 0.7216588
      vertex 1.4997528 2.1110666 0.6953403
      vertex 1.8686941 1.9984885 0.6473182
    endloop
  endfacet
  facet normal -0.1982665 -0.8545369 0.4800594
    outer loop
      vertex 1.8686941 1.9984885 0.6473182
      vertex 1.4997528 2.1110666 0.6953403
      vertex 1.4865762 2.0765523 0.6284606
    endloop
  endfacet
  facet normal -0.1983097 -0.8549157 0.4793667
    outer loop
      vertex 1.8686941 1.9984885 0.6473182
      vertex 1.4865762 2.0765523 0.6284606
      vertex 1.8446702 1.9673349 0.5818196
    endloop
  endfacet
  facet normal -0.1022398 -0.6549551 0.7487195
    outer loop
      vertex 1.8446702 1.9673349 0.5818196
      vertex 1.4865762 2.0765523 0.6284606
      vertex 1.4704774 2.0214391 0.5780511
    endloop
  endfacet
  facet normal -0.1023257 -0.6555890 0.7481527
    outer loop
      vertex 1.8446702 1.9673349 0.5818196
      vertex 1.4704774 2.0214391 0.5780511
      vertex 1.8155064 1.9162464 0.5330632
    endloop
  endfacet
  facet normal 0.0063831 -0.3754403 0.9268246
    outer loop
      vertex 1.8155064 1.9162464 0.5330632
      vertex 1.4704774 2.0214391 0.5780511
      vertex 1.4533982 1.9523745 0.5501919
    endloop
  endfacet
  facet normal 0.0062836 -0.3762768 0.9264860
    outer loop
      vertex 1.8155064 1.9162464 0.5330632
      vertex 1.4533982 1.9523745 0.5501919
      vertex 1.7847205 1.8513849 0.5069296
    endloop
  endfacet
  facet normal 0.1142056 -0.0503535 0.9921802
    outer loop
      vertex 1.7847205 1.8513849 0.5069296
      vertex 1.4533982 1.9523745 0.5501919
      vertex 1.4373986 1.8776887 0.5482432
    endloop
  endfacet
  facet normal 0.1141312 -0.0512749 0.9921416
    outer loop
      vertex 1.7847205 1.8513849 0.5069296
      vertex 1.4373986 1.8776887 0.5482432
      vertex 1.7560255 1.7805737 0.5065709
    endloop
  endfacet
  facet normal 0.2079581 0.2801574 0.9371581
    outer loop
      vertex 1.7560255 1.7805737 0.5065709
      vertex 1.4373986 1.8776887 0.5482432
      vertex 1.4244083 1.8063899 0.5724401
    endloop
  endfacet
  facet normal 0.2079428 0.2792996 0.9374175
    outer loop
      vertex 1.7560255 1.7805737 0.5065709
      vertex 1.4244083 1.8063899 0.5724401
      vertex 1.7328826 1.7123537 0.5320304
    endloop
  endfacet
  facet normal 0.2763583 0.5759477 0.7693571
    outer loop
      vertex 1.7328826 1.7123537 0.5320304
      vertex 1.4244083 1.8063899 0.5724401
      vertex 1.4159942 1.7470778 0.6198641
    endloop
  endfacet
  facet normal 0.2764184 0.5752713 0.7698414
    outer loop
      vertex 1.7328826 1.7123537 0.5320304
      vertex 1.4159942 1.7470778 0.6198641
      vertex 1.7180831 1.6549532 0.5802374
    endloop
  endfacet
  facet normal 0.3114376 0.8019940 0.5097178
    outer loop
      vertex 1.7180831 1.6549532 0.5802374
      vertex 1.4159942 1.7470778 0.6198641
      vertex 1.4131711 1.7069064 0.6847951
    endloop
  endfacet
  facet normal 0.3115727 0.8015507 0.5103321
    outer loop
      vertex 1.7180831 1.6549532 0.5802374
      vertex 1.4131711 1.7069064 0.6847951
      vertex 1.7134121 1.6152955 0.6453773
    endloop
  endfacet
  facet normal 0.3092167 0.9319602 0.1893019
    outer loop
      vertex 1.7134121 1.6152955 0.6453773
      vertex 1.4131711 1.7069064 0.6847951
      vertex 1.4162796 1.6907208 0.7594015
    endloop
  endfacet
  facet normal 0.3094235 0.9317541 0.1899772
    outer loop
      vertex 1.7134121 1.6152955 0.6453773
      vertex 1.4162796 1.6907208 0.7594015
      vertex 1.7194329 1.5981640 0.7195933
    endloop
  endfacet
  facet normal 0.2699374 0.9504513 -0.1541953
    outer loop
      vertex 1.7194329 1.5981640 0.7195933
      vertex 1.4162796 1.6907208 0.7594015
      vertex 1.4249447 1.7004733 0.8346847
    endloop
  endfacet
  facet normal 0.2702197 0.9504833 -0.1535016
    outer loop
      vertex 1.7194329 1.5981640 0.7195933
      vertex 1.4249447 1.7004733 0.8346847
      vertex 1.7354194 1.6056250 0.7939339
    endloop
  endfacet
  facet normal 0.1980648 0.8545905 -0.4800473
    outer loop
      vertex 1.7354194 1.6056250 0.7939339
      vertex 1.4249447 1.7004733 0.8346847
      vertex 1.4381213 1.7349876 0.9015644
    endloop
  endfacet
  facet normal 0.1984265 0.8548753 -0.4793904
    outer loop
      vertex 1.7354194 1.6056250 0.7939339
      vertex 1.4381213 1.7349876 0.9015644
      vertex 1.7594433 1.6367786 0.8594324
    endloop
  endfacet
  facet normal 0.1020253 0.6550047 -0.7487053
    outer loop
      vertex 1.7594433 1.6367786 0.8594324
      vertex 1.4381213 1.7349876 0.9015644
      vertex 1.4542200 1.7901008 0.9519739
    endloop
  endfacet
  facet normal 0.1024540 0.6555400 -0.7481781
    outer loop
      vertex 1.7594433 1.6367786 0.8594324
      vertex 1.4542200 1.7901008 0.9519739
      vertex 1.7886070 1.6878671 0.9081889
    endloop
  endfacet
  facet normal -0.0065608 0.3754776 -0.9268082
    outer loop
      vertex 1.7886070 1.6878671 0.9081889
      vertex 1.4542200 1.7901008 0.9519739
      vertex 1.4712992 1.8591654 0.9798331
    endloop
  endfacet
  facet normal -0.0061031 0.3762036 -0.9265169
    outer loop
      vertex 1.7886070 1.6878671 0.9081889
      vertex 1.4712992 1.8591654 0.9798331
      vertex 1.8193930 1.7527286 0.9343225
    endloop
  endfacet
  facet normal -0.1143146 0.0503765 -0.9921665
    outer loop
      vertex 1.8193930 1.7527286 0.9343225
      vertex 1.4712992 1.8591654 0.9798331
      vertex 1.4872989 1.9338512 0.9817818
    endloop
  endfacet
  facet normal -0.1138811 0.0511737 -0.9921756
    outer loop
      vertex 1.8193930 1.7527286 0.9343225
      vertex 1.4872989 1.9338512 0.9817818
      vertex 1.8480879 1.8235398 0.9346812
    endloop
  endfacet
  facet normal -0.2079995 -0.2801477 -0.9371518
    outer loop
      vertex 1.8480879 1.8235398 0.9346812
      vertex 1.4872989 1.9338512 0.9817818
      vertex 1.5002892 2.0051500 0.9575849
    endloop
  endfacet
  facet normal -0.2076369 -0.2794157 -0.9374507
    outer loop
      vertex 1.8480879 1.8235398 0.9346812
      vertex 1.5002892 2.0051500 0.9575849
      vertex 1.8712308 1.8917598 0.9092216
    endloop
  endfacet
  facet normal -0.2763647 -0.5759459 -0.7693561
    outer loop
      vertex 1.8712308 1.8917598 0.9092216
      vertex 1.5002892 2.0051500 0.9575849
      vertex 1.5087033 2.0644621 0.9101610
    endloop
  endfacet
  facet normal -0.2760972 -0.5753816 -0.7698742
    outer loop
      vertex 1.8712308 1.8917598 0.9092216
      vertex 1.5087033 2.0644621 0.9101610
      vertex 1.8860303 1.9491603 0.8610147
    endloop
  endfacet
  facet normal -0.3114572 -0.8019881 -0.5097151
    outer loop
      vertex 1.8860303 1.9491603 0.8610147
      vertex 1.5087033 2.0644621 0.9101610
      vertex 1.5115263 2.1046335 0.8452300
    endloop
  endfacet
  facet normal -0.3112855 -0.8016406 -0.5103662
    outer loop
      vertex 1.8860303 1.9491603 0.8610147
      vertex 1.5115263 2.1046335 0.8452300
      vertex 1.8907014 1.9888180 0.7958748
    endloop
  endfacet
  facet normal -0.1322442 -0.9701635 -0.2032098
    outer loop
      vertex 1.5115263 2.1046335 0.8452300
      vertex 1.1340028 2.1526648 0.8616029
      vertex 1.1346897 2.1682383 0.7868048
    endloop
  endfacet
  facet normal -0.1319278 -0.9698492 -0.2049086
    outer loop
      vertex 1.5115263 2.1046335 0.8452300
      vertex 1.1346897 2.1682383 0.7868048
      vertex 1.5084179 2.1208191 0.7706235
    endloop
  endfacet
  facet normal -0.1185011 -0.9826465 0.1427001
    outer loop
      vertex 1.5084179 2.1208191 0.7706235
      vertex 1.1346897 2.1682383 0.7868048
      vertex 1.1342079 2.1573150 0.7111860
    endloop
  endfacet
  facet normal -0.1182498 -0.9829303 0.1409436
    outer loop
      vertex 1.5084179 2.1208191 0.7706235
      vertex 1.1342079 2.1573150 0.7111860
      vertex 1.4997528 2.1110666 0.6953403
    endloop
  endfacet
  facet normal -0.0904522 -0.8767627 0.4723405
    outer loop
      vertex 1.4997528 2.1110666 0.6953403
      vertex 1.1342079 2.1573150 0.7111860
      vertex 1.1326155 2.1212125 0.6438672
    endloop
  endfacet
  facet normal -0.0902485 -0.8776597 0.4707107
    outer loop
      vertex 1.4997528 2.1110666 0.6953403
      vertex 1.1326155 2.1212125 0.6438672
      vertex 1.4865762 2.0765523 0.6284606
    endloop
  endfacet
  facet normal -0.0513747 -0.6643941 0.7456146
    outer loop
      vertex 1.4865762 2.0765523 0.6284606
      vertex 1.1326155 2.1212125 0.6438672
      vertex 1.1301045 2.0642851 0.5929680
    endloop
  endfacet
  facet normal -0.0511965 -0.6658485 0.7443283
    outer loop
      vertex 1.4865762 2.0765523 0.6284606
      vertex 1.1301045 2.0642851 0.5929680
      vertex 1.4704774 2.0214391 0.5780511
    endloop
  endfacet
  facet normal -0.0060045 -0.3709980 0.9286143
    outer loop
      vertex 1.4704774 2.0214391 0.5780511
      vertex 1.1301045 2.0642851 0.5929680
      vertex 1.1269779 1.9933993 0.5646276
    endloop
  endfacet
  facet normal -0.0058249 -0.3728451 0.9278753
    outer loop
      vertex 1.4704774 2.0214391 0.5780511
      vertex 1.1269779 1.9933993 0.5646276
      vertex 1.4533982 1.9523745 0.5501919
    endloop
  endfacet
  facet normal 0.0400552 -0.0327012 0.9986622
    outer loop
      vertex 1.4533982 1.9523745 0.5501919
      vertex 1.1269779 1.9933993 0.5646276
      vertex 1.1236127 1.9171048 0.5622643
    endloop
  endfacet
  facet normal 0.0402642 -0.0346805 0.9985870
    outer loop
      vertex 1.4533982 1.9523745 0.5501919
      vertex 1.1236127 1.9171048 0.5622643
      vertex 1.4373986 1.8776887 0.5482432
    endloop
  endfacet
  facet normal 0.0811351 0.3088033 0.9476590
    outer loop
      vertex 1.4373986 1.8776887 0.5482432
      vertex 1.1236127 1.9171048 0.5622643
      vertex 1.1204148 1.8446040 0.5861632
    endloop
  endfacet
  facet normal 0.0813944 0.3069744 0.9482308
    outer loop
      vertex 1.4373986 1.8776887 0.5482432
      vertex 1.1204148 1.8446040 0.5861632
      vertex 1.4244083 1.8063899 0.5724401
    endloop
  endfacet
  facet normal 0.1122888 0.6121820 0.7827033
    outer loop
      vertex 1.4244083 1.8063899 0.5724401
      vertex 1.1204148 1.8446040 0.5861632
      vertex 1.1177700 1.7846414 0.6334416
    endloop
  endfacet
  facet normal 0.1126098 0.6107226 0.7837965
    outer loop
      vertex 1.4244083 1.8063899 0.5724401
      vertex 1.1177700 1.7846414 0.6334416
      vertex 1.4159942 1.7470778 0.6198641
    endloop
  endfacet
  facet normal 0.1298732 0.8415824 0.5242823
    outer loop
      vertex 1.4159942 1.7470778 0.6198641
      vertex 1.1177700 1.7846414 0.6334416
      vertex 1.1159972 1.7444495 0.6983971
    endloop
  endfacet
  facet normal 0.1302619 0.8406155 0.5257350
    outer loop
      vertex 1.4159942 1.7470778 0.6198641
      vertex 1.1159972 1.7444495 0.6983971
      vertex 1.4131711 1.7069064 0.6847951
    endloop
  endfacet
  facet normal 0.1318723 0.9702127 0.2032166
    outer loop
      vertex 1.4131711 1.7069064 0.6847951
      vertex 1.1159972 1.7444495 0.6983971
      vertex 1.1153103 1.7288760 0.7731952
    endloop
  endfacet
  facet normal 0.1323358 0.9697995 0.2048808
    outer loop
      vertex 1.4131711 1.7069064 0.6847951
      vertex 1.1153103 1.7288760 0.7731952
      vertex 1.4162796 1.6907208 0.7594015
    endloop
  endfacet
  facet normal 0.1180412 0.9827011 -0.1427051
    outer loop
      vertex 1.4162796 1.6907208 0.7594015
      vertex 1.1153103 1.7288760 0.7731952
      vertex 1.1157921 1.7397993 0.8488140
    endloop
  endfacet
  facet normal 0.1185856 0.9828851 -0.1409764
    outer loop
      vertex 1.4162796 1.6907208 0.7594015
      vertex 1.1157921 1.7397993 0.8488140
      vertex 1.4249447 1.7004733 0.8346847
    endloop
  endfacet
  facet normal 0.0899470 0.8768080 -0.4723529
    outer loop
      vertex 1.4249447 1.7004733 0.8346847
      vertex 1.1157921 1.7397993 0.8488140
      vertex 1.1173845 1.7759018 0.9161328
    endloop
  endfacet
  facet normal 0.0905684 0.8776075 -0.4707468
    outer loop
      vertex 1.4249447 1.7004733 0.8346847
      vertex 1.1173845 1.7759018 0.9161328
      vertex 1.4381213 1.7349876 0.9015644
    endloop
  endfacet
  facet normal 0.0508885 0.6644226 -0.7456225
    outer loop
      vertex 1.4381213 1.7349876 0.9015644
      vertex 1.1173845 1.7759018 0.9161328
      vertex 1.1198955 1.8328292 0.9670320
    endloop
  endfacet
  facet normal 0.0515631 0.6657769 -0.7443671
    outer loop
      vertex 1.4381213 1.7349876 0.9015644
      vertex 1.1198955 1.8328292 0.9670320
      vertex 1.4542200 1.7901008 0.9519739
    endloop
  endfacet
  facet normal 0.0055926 0.3710145 -0.9286102
    outer loop
      vertex 1.4542200 1.7901008 0.9519739
      vertex 1.1198955 1.8328292 0.9670320
      vertex 1.1230221 1.9037150 0.9953724
    endloop
  endfacet
  facet normal 0.0062787 0.3727475 -0.9279116
    outer loop
      vertex 1.4542200 1.7901008 0.9519739
      vertex 1.1230221 1.9037150 0.9953724
      vertex 1.4712992 1.8591654 0.9798331
    endloop
  endfacet
  facet normal -0.0403725 0.0327147 -0.9986490
    outer loop
      vertex 1.4712992 1.8591654 0.9798331
      vertex 1.1230221 1.9037150 0.9953724
      vertex 1.1263873 1.9800095 0.9977357
    endloop
  endfacet
  facet normal -0.0397223 0.0345651 -0.9986127
    outer loop
      vertex 1.4712992 1.8591654 0.9798331
      vertex 1.1263873 1.9800095 0.9977357
      vertex 1.4872989 1.9338512 0.9817818
    endloop
  endfacet
  facet normal -0.0813818 -0.3087872 -0.9476431
    outer loop
      vertex 1.4872989 1.9338512 0.9817818
      vertex 1.1263873 1.9800095 0.9977357
      vertex 1.1295852 2.0525103 0.9738368
    endloop
  endfacet
  facet normal -0.0808044 -0.3070867 -0.9482449
    outer loop
      vertex 1.4872989 1.9338512 0.9817818
      vertex 1.1295852 2.0525103 0.9738368
      vertex 1.5002892 2.0051500 0.9575849
    endloop
  endfacet
  facet normal -0.1125217 -0.6121593 -0.7826876
    outer loop
      vertex 1.5002892 2.0051500 0.9575849
      vertex 1.1295852 2.0525103 0.9738368
      vertex 1.1322300 2.1124729 0.9265584
    endloop
  endfacet
  facet normal -0.1120348 -0.6108134 -0.7838081
    outer loop
      vertex 1.5002892 2.0051500 0.9575849
      vertex 1.1322300 2.1124729 0.9265584
      vertex 1.5087033 2.0644621 0.9101610
    endloop
  endfacet
  facet normal -0.1301554 -0.8415475 -0.5242684
    outer loop
      vertex 1.5087033 2.0644621 0.9101610
      vertex 1.1322300 2.1124729 0.9265584
      vertex 1.1340028 2.1526648 0.8616029
    endloop
  endfacet
  facet normal -0.1297591 -0.8406815 -0.5257540
    outer loop
      vertex 1.5087033 2.0644621 0.9101610
      vertex 1.1340028 2.1526648 0.8616029
      vertex 1.5115263 2.1046335 0.8452300
    endloop
  endfacet
  facet normal 0.0406231 -0.9788556 -0.2004780
    outer loop
      vertex 1.1340028 2.1526648 0.8616029
      vertex 0.7732139 2.1412607 0.8441775
      vertex 0.7786989 2.1567698 0.7695642
    endloop
  endfacet
  facet normal 0.0413606 -0.9782430 -0.2032977
    outer loop
      vertex 1.1340028 2.1526648 0.8616029
      vertex 0.7786989 2.1567698 0.7695642
      vertex 1.1346897 2.1682383 0.7868048
    endloop
  endfacet
  facet normal 0.0248068 -0.9890207 0.1456801
    outer loop
      vertex 1.1346897 2.1682383 0.7868048
      vertex 0.7786989 2.1567698 0.7695642
      vertex 0.7870914 2.1459091 0.6944020
    endloop
  endfacet
  facet normal 0.0256088 -0.9894258 0.1427612
    outer loop
      vertex 1.1346897 2.1682383 0.7868048
      vertex 0.7870914 2.1459091 0.6944020
      vertex 1.1342079 2.1573150 0.7111860
    endloop
  endfacet
  facet normal 0.0059372 -0.8798827 0.4751538
    outer loop
      vertex 1.1342079 2.1573150 0.7111860
      vertex 0.7870914 2.1459091 0.6944020
      vertex 0.7973792 2.1099886 0.6277564
    endloop
  endfacet
  facet normal 0.0068004 -0.8813145 0.4724812
    outer loop
      vertex 1.1342079 2.1573150 0.7111860
      vertex 0.7973792 2.1099886 0.6277564
      vertex 1.1326155 2.1212125 0.6438672
    endloop
  endfacet
  facet normal -0.0137095 -0.6638406 0.7477484
    outer loop
      vertex 1.1326155 2.1212125 0.6438672
      vertex 0.7973792 2.1099886 0.6277564
      vertex 0.8083213 2.0533408 0.5776659
    endloop
  endfacet
  facet normal -0.0128034 -0.6661660 0.7456936
    outer loop
      vertex 1.1326155 2.1212125 0.6438672
      vertex 0.8083213 2.0533408 0.5776659
      vertex 1.1301045 2.0642851 0.5929680
    endloop
  endfacet
  facet normal -0.0317294 -0.3669672 0.9296926
    outer loop
      vertex 1.1301045 2.0642851 0.5929680
      vertex 0.8083213 2.0533408 0.5776659
      vertex 0.8185981 1.9827984 0.5501722
    endloop
  endfacet
  facet normal -0.0308116 -0.3698847 0.9285666
    outer loop
      vertex 1.1301045 2.0642851 0.5929680
      vertex 0.8185981 1.9827984 0.5501722
      vertex 1.1269779 1.9933993 0.5646276
    endloop
  endfacet
  facet normal -0.0459214 -0.0258538 0.9986104
    outer loop
      vertex 1.1269779 1.9933993 0.5646276
      vertex 0.8185981 1.9827984 0.5501722
      vertex 0.8269699 1.9068697 0.5485914
    endloop
  endfacet
  facet normal -0.0450273 -0.0289454 0.9985663
    outer loop
      vertex 1.1269779 1.9933993 0.5646276
      vertex 0.8269699 1.9068697 0.5485914
      vertex 1.1236127 1.9171048 0.5622643
    endloop
  endfacet
  facet normal -0.0545914 0.3175953 0.9466536
    outer loop
      vertex 1.1236127 1.9171048 0.5622643
      vertex 0.8269699 1.9068697 0.5485914
      vertex 0.8324271 1.8347128 0.5731142
    endloop
  endfacet
  facet normal -0.0537492 0.3147503 0.9476514
    outer loop
      vertex 1.1236127 1.9171048 0.5622643
      vertex 0.8324271 1.8347128 0.5731142
      vertex 1.1204148 1.8446040 0.5861632
    endloop
  endfacet
  facet normal -0.0567490 0.6219811 0.7809731
    outer loop
      vertex 1.1204148 1.8446040 0.5861632
      vertex 0.8324271 1.8347128 0.5731142
      vertex 0.8343113 1.7750311 0.6207828
    endloop
  endfacet
  facet normal -0.0559708 0.6197072 0.7828347
    outer loop
      vertex 1.1204148 1.8446040 0.5861632
      vertex 0.8343113 1.7750311 0.6207828
      vertex 1.1177700 1.7846414 0.6334416
    endloop
  endfacet
  facet normal -0.0521750 0.8513679 0.5219679
    outer loop
      vertex 1.1177700 1.7846414 0.6334416
      vertex 0.8343113 1.7750311 0.6207828
      vertex 0.8323954 1.7350229 0.6858476
    endloop
  endfacet
  facet normal -0.0514571 0.8498757 0.5244649
    outer loop
      vertex 1.1177700 1.7846414 0.6334416
      vertex 0.8323954 1.7350229 0.6858476
      vertex 1.1159972 1.7444495 0.6983971
    endloop
  endfacet
  facet normal -0.0414042 0.9788355 0.2004164
    outer loop
      vertex 1.1159972 1.7444495 0.6983971
      vertex 0.8323954 1.7350229 0.6858476
      vertex 0.8269103 1.7195138 0.7604608
    endloop
  endfacet
  facet normal -0.0407343 0.9782670 0.2033084
    outer loop
      vertex 1.1159972 1.7444495 0.6983971
      vertex 0.8269103 1.7195138 0.7604608
      vertex 1.1153103 1.7288760 0.7731952
    endloop
  endfacet
  facet normal -0.0256685 0.9889853 -0.1457712
    outer loop
      vertex 1.1153103 1.7288760 0.7731952
      vertex 0.8269103 1.7195138 0.7604608
      vertex 0.8185178 1.7303745 0.8356231
    endloop
  endfacet
  facet normal -0.0250342 0.9894397 -0.1427668
    outer loop
      vertex 1.1153103 1.7288760 0.7731952
      vertex 0.8185178 1.7303745 0.8356231
      vertex 1.1157921 1.7397993 0.8488140
    endloop
  endfacet
  facet normal -0.0068054 0.8798218 -0.4752550
    outer loop
      vertex 1.1157921 1.7397993 0.8488140
      vertex 0.8185178 1.7303745 0.8356231
      vertex 0.8082300 1.7662950 0.9022686
    endloop
  endfacet
  facet normal -0.0061972 0.8813121 -0.4724941
    outer loop
      vertex 1.1157921 1.7397993 0.8488140
      vertex 0.8082300 1.7662950 0.9022686
      vertex 1.1173845 1.7759018 0.9161328
    endloop
  endfacet
  facet normal 0.0129108 0.6637612 -0.7478331
    outer loop
      vertex 1.1173845 1.7759018 0.9161328
      vertex 0.8082300 1.7662950 0.9022686
      vertex 0.7972879 1.8229427 0.9523591
    endloop
  endfacet
  facet normal 0.0135020 0.6661428 -0.7457020
    outer loop
      vertex 1.1173845 1.7759018 0.9161328
      vertex 0.7972879 1.8229427 0.9523591
      vertex 1.1198955 1.8328292 0.9670320
    endloop
  endfacet
  facet normal 0.0310435 0.3668884 -0.9297468
    outer loop
      vertex 1.1198955 1.8328292 0.9670320
      vertex 0.7972879 1.8229427 0.9523591
      vertex 0.7870111 1.8934852 0.9798528
    endloop
  endfacet
  facet normal 0.0316280 0.3698442 -0.9285553
    outer loop
      vertex 1.1198955 1.8328292 0.9670320
      vertex 0.7870111 1.8934852 0.9798528
      vertex 1.1230221 1.9037150 0.9953724
    endloop
  endfacet
  facet normal 0.0453396 0.0257902 -0.9986387
    outer loop
      vertex 1.1230221 1.9037150 0.9953724
      vertex 0.7870111 1.8934852 0.9798528
      vertex 0.7786393 1.9694139 0.9814336
    endloop
  endfacet
  facet normal 0.0459292 0.0289043 -0.9985264
    outer loop
      vertex 1.1230221 1.9037150 0.9953724
      vertex 0.7786393 1.9694139 0.9814336
      vertex 1.1263873 1.9800095 0.9977357
    endloop
  endfacet
  facet normal 0.0540571 -0.3176410 -0.9466689
    outer loop
      vertex 1.1263873 1.9800095 0.9977357
      vertex 0.7786393 1.9694139 0.9814336
      vertex 0.7731822 2.0415707 0.9569108
    endloop
  endfacet
  facet normal 0.0546640 -0.3147711 -0.9475922
    outer loop
      vertex 1.1263873 1.9800095 0.9977357
      vertex 0.7731822 2.0415707 0.9569108
      vertex 1.1295852 2.0525103 0.9738368
    endloop
  endfacet
  facet normal 0.0561824 -0.6220121 -0.7809895
    outer loop
      vertex 1.1295852 2.0525103 0.9738368
      vertex 0.7731822 2.0415707 0.9569108
      vertex 0.7712979 2.1012525 0.9092423
    endloop
  endfacet
  facet normal 0.0568195 -0.6197006 -0.7827788
    outer loop
      vertex 1.1295852 2.0525103 0.9738368
      vertex 0.7712979 2.1012525 0.9092423
      vertex 1.1322300 2.1124729 0.9265584
    endloop
  endfacet
  facet normal 0.0515109 -0.8513885 -0.5220002
    outer loop
      vertex 1.1322300 2.1124729 0.9265584
      vertex 0.7712979 2.1012525 0.9092423
      vertex 0.7732139 2.1412607 0.8441775
    endloop
  endfacet
  facet normal 0.0521917 -0.8498522 -0.5244304
    outer loop
      vertex 1.1322300 2.1124729 0.9265584
      vertex 0.7732139 2.1412607 0.8441775
      vertex 1.1340028 2.1526648 0.8616029
    endloop
  endfacet
  facet normal 0.1983869 -0.9631700 -0.1815109
    outer loop
      vertex 0.7732139 2.1412607 0.8441775
      vertex 0.4408369 2.0823017 0.7937577
      vertex 0.4520644 2.0985247 0.7199436
    endloop
  endfacet
  facet normal 0.1997247 -0.9621689 -0.1853135
    outer loop
      vertex 0.7732139 2.1412607 0.8441775
      vertex 0.4520644 2.0985247 0.7199436
      vertex 0.7786989 2.1567698 0.7695642
    endloop
  endfacet
  facet normal 0.1493657 -0.9754574 0.1617801
    outer loop
      vertex 0.7786989 2.1567698 0.7695642
      vertex 0.4520644 2.0985247 0.7199436
      vertex 0.4696872 2.0889947 0.6462119
    endloop
  endfacet
  facet normal 0.1510122 -0.9758447 0.1578682
    outer loop
      vertex 0.7786989 2.1567698 0.7695642
      vertex 0.4696872 2.0889947 0.6462119
      vertex 0.7870914 2.1459091 0.6944020
    endloop
  endfacet
  facet normal 0.0821517 -0.8699153 0.4863110
    outer loop
      vertex 0.7870914 2.1459091 0.6944020
      vertex 0.4696872 2.0889947 0.6462119
      vertex 0.4915797 2.0548613 0.5814556
    endloop
  endfacet
  facet normal 0.0840425 -0.8716911 0.4827955
    outer loop
      vertex 0.7870914 2.1459091 0.6944020
      vertex 0.4915797 2.0548613 0.5814556
      vertex 0.7973792 2.1099886 0.6277564
    endloop
  endfacet
  facet normal 0.0048291 -0.6587069 0.7523841
    outer loop
      vertex 0.7973792 2.1099886 0.6277564
      vertex 0.4915797 2.0548613 0.5814556
      vertex 0.5151015 2.0002414 0.5334853
    endloop
  endfacet
  facet normal 0.0068492 -0.6616597 0.7497730
    outer loop
      vertex 0.7973792 2.1099886 0.6277564
      vertex 0.5151015 2.0002414 0.5334853
      vertex 0.8083213 2.0533408 0.5776659
    endloop
  endfacet
  facet normal -0.0731467 -0.3674947 0.9271447
    outer loop
      vertex 0.8083213 2.0533408 0.5776659
      vertex 0.5151015 2.0002414 0.5334853
      vertex 0.5374154 1.9317230 0.5080869
    endloop
  endfacet
  facet normal -0.0711434 -0.3712010 0.9258231
    outer loop
      vertex 0.8083213 2.0533408 0.5776659
      vertex 0.5374154 1.9317230 0.5080869
      vertex 0.8185981 1.9827984 0.5501722
    endloop
  endfacet
  facet normal -0.1422310 -0.0321590 0.9893109
    outer loop
      vertex 0.8185981 1.9827984 0.5501722
      vertex 0.5374154 1.9317230 0.5080869
      vertex 0.5558300 1.8575705 0.5083239
    endloop
  endfacet
  facet normal -0.1403837 -0.0360782 0.9894396
    outer loop
      vertex 0.8185981 1.9827984 0.5501722
      vertex 0.5558300 1.8575705 0.5083239
      vertex 0.8269699 1.9068697 0.5485914
    endloop
  endfacet
  facet normal -0.1940948 0.3062919 0.9319402
    outer loop
      vertex 0.8269699 1.9068697 0.5485914
      vertex 0.5558300 1.8575705 0.5083239
      vertex 0.5681243 1.7867276 0.5341677
    endloop
  endfacet
  facet normal -0.1925016 0.3026781 0.9334501
    outer loop
      vertex 0.8269699 1.9068697 0.5485914
      vertex 0.5681243 1.7867276 0.5341677
      vertex 0.8324271 1.8347128 0.5731142
    endloop
  endfacet
  facet normal -0.2226325 0.6072280 0.7626984
    outer loop
      vertex 0.8324271 1.8347128 0.5731142
      vertex 0.5681243 1.7867276 0.5341677
      vertex 0.5728154 1.7277392 0.5825011
    endloop
  endfacet
  facet normal -0.2213400 0.6043261 0.7653747
    outer loop
      vertex 0.8324271 1.8347128 0.5731142
      vertex 0.5728154 1.7277392 0.5825011
      vertex 0.8343113 1.7750311 0.6207828
    endloop
  endfacet
  facet normal -0.2245459 0.8350965 0.5021882
    outer loop
      vertex 0.8343113 1.7750311 0.6207828
      vertex 0.5728154 1.7277392 0.5825011
      vertex 0.5693374 1.6877201 0.6474944
    endloop
  endfacet
  facet normal -0.2235636 0.8332062 0.5057536
    outer loop
      vertex 0.8343113 1.7750311 0.6207828
      vertex 0.5693374 1.6877201 0.6474944
      vertex 0.8323954 1.7350229 0.6858476
    endloop
  endfacet
  facet normal -0.1995896 0.9629645 0.1812828
    outer loop
      vertex 0.8323954 1.7350229 0.6858476
      vertex 0.5693374 1.6877201 0.6474944
      vertex 0.5581099 1.6714972 0.7213084
    endloop
  endfacet
  facet normal -0.1989075 0.9623205 0.1854051
    outer loop
      vertex 0.8323954 1.7350229 0.6858476
      vertex 0.5581099 1.6714972 0.7213084
      vertex 0.8269103 1.7195138 0.7604608
    endloop
  endfacet
  facet normal -0.1506040 0.9752229 -0.1620457
    outer loop
      vertex 0.8269103 1.7195138 0.7604608
      vertex 0.5581099 1.6714972 0.7213084
      vertex 0.5404871 1.6810272 0.7950402
    endloop
  endfacet
  facet normal -0.1501931 0.9759827 -0.1577966
    outer loop
      vertex 0.8269103 1.7195138 0.7604608
      vertex 0.5404871 1.6810272 0.7950402
      vertex 0.8185178 1.7303745 0.8356231
    endloop
  endfacet
  facet normal -0.0833313 0.8696564 -0.4865734
    outer loop
      vertex 0.8185178 1.7303745 0.8356231
      vertex 0.5404871 1.6810272 0.7950402
      vertex 0.5185946 1.7151606 0.8597965
    endloop
  endfacet
  facet normal -0.0831307 0.8718185 -0.4827234
    outer loop
      vertex 0.8185178 1.7303745 0.8356231
      vertex 0.5185946 1.7151606 0.8597965
      vertex 0.8082300 1.7662950 0.9022686
    endloop
  endfacet
  facet normal -0.0058849 0.6584461 -0.7526049
    outer loop
      vertex 0.8082300 1.7662950 0.9022686
      vertex 0.5185946 1.7151606 0.8597965
      vertex 0.4950728 1.7697805 0.9077668
    endloop
  endfacet
  facet normal -0.0057964 0.6617783 -0.7496772
    outer loop
      vertex 0.8082300 1.7662950 0.9022686
      vertex 0.4950728 1.7697805 0.9077668
      vertex 0.7972879 1.8229427 0.9523591
    endloop
  endfacet
  facet normal 0.0722229 0.3672558 -0.9273117
    outer loop
      vertex 0.7972879 1.8229427 0.9523591
      vertex 0.4950728 1.7697805 0.9077668
      vertex 0.4727589 1.8382989 0.9331651
    endloop
  endfacet
  facet normal 0.0723189 0.3713184 -0.9256849
    outer loop
      vertex 0.7972879 1.8229427 0.9523591
      vertex 0.4727589 1.8382989 0.9331651
      vertex 0.7870111 1.8934852 0.9798528
    endloop
  endfacet
  facet normal 0.1413879 0.0319492 -0.9894386
    outer loop
      vertex 0.7870111 1.8934852 0.9798528
      vertex 0.4727589 1.8382989 0.9331651
      vertex 0.4543443 1.9124514 0.9329281
    endloop
  endfacet
  facet normal 0.1416056 0.0362092 -0.9892607
    outer loop
      vertex 0.7870111 1.8934852 0.9798528
      vertex 0.4543443 1.9124514 0.9329281
      vertex 0.7786393 1.9694139 0.9814336
    endloop
  endfacet
  facet normal 0.1932429 -0.3064816 -0.9320548
    outer loop
      vertex 0.7786393 1.9694139 0.9814336
      vertex 0.4543443 1.9124514 0.9329281
      vertex 0.4420500 1.9832942 0.9070844
    endloop
  endfacet
  facet normal 0.1936719 -0.3025242 -0.9332579
    outer loop
      vertex 0.7786393 1.9694139 0.9814336
      vertex 0.4420500 1.9832942 0.9070844
      vertex 0.7731822 2.0415707 0.9569108
    endloop
  endfacet
  facet normal 0.2216844 -0.6074106 -0.7628292
    outer loop
      vertex 0.7731822 2.0415707 0.9569108
      vertex 0.4420500 1.9832942 0.9070844
      vertex 0.4373590 2.0422826 0.8587510
    endloop
  endfacet
  facet normal 0.2223857 -0.6041574 -0.7652048
    outer loop
      vertex 0.7731822 2.0415707 0.9569108
      vertex 0.4373590 2.0422826 0.8587510
      vertex 0.7712979 2.1012525 0.9092423
    endloop
  endfacet
  facet normal 0.2234584 -0.8352838 -0.5023617
    outer loop
      vertex 0.7712979 2.1012525 0.9092423
      vertex 0.4373590 2.0422826 0.8587510
      vertex 0.4408369 2.0823017 0.7937577
    endloop
  endfacet
  facet normal 0.2244701 -0.8330405 -0.5056250
    outer loop
      vertex 0.7712979 2.1012525 0.9092423
      vertex 0.4408369 2.0823017 0.7937577
      vertex 0.7732139 2.1412607 0.8441775
    endloop
  endfacet
  facet normal 0.3311418 -0.9316578 -0.1495286
    outer loop
      vertex 0.4408369 2.0823017 0.7937577
      vertex 0.1442051 1.9898346 0.7129743
      vertex 0.1618079 2.0076755 0.6407967
    endloop
  endfacet
  facet normal 0.3331038 -0.9302640 -0.1537877
    outer loop
      vertex 0.4408369 2.0823017 0.7937577
      vertex 0.1618079 2.0076755 0.6407967
      vertex 0.4520644 2.0985247 0.7199436
    endloop
  endfacet
  facet normal 0.2466909 -0.9509161 0.1868212
    outer loop
      vertex 0.4520644 2.0985247 0.7199436
      vertex 0.1618079 2.0076755 0.6407967
      vertex 0.1884944 2.0006019 0.5695539
    endloop
  endfacet
  facet normal 0.2492239 -0.9510950 0.1824985
    outer loop
      vertex 0.4520644 2.0985247 0.7199436
      vertex 0.1884944 2.0006019 0.5695539
      vertex 0.4696872 2.0889947 0.6462119
    endloop
  endfacet
  facet normal 0.1322023 -0.8551923 0.5011672
    outer loop
      vertex 0.4696872 2.0889947 0.6462119
      vertex 0.1884944 2.0006019 0.5695539
      vertex 0.2210461 1.9694672 0.5078387
    endloop
  endfacet
  facet normal 0.1351455 -0.8569378 0.4973864
    outer loop
      vertex 0.4696872 2.0889947 0.6462119
      vertex 0.2210461 1.9694672 0.5078387
      vertex 0.4915797 2.0548613 0.5814556
    endloop
  endfacet
  facet normal 0.0015201 -0.6557038 0.7550167
    outer loop
      vertex 0.4915797 2.0548613 0.5814556
      vertex 0.2210461 1.9694672 0.5078387
      vertex 0.2555367 1.9180264 0.4630949
    endloop
  endfacet
  facet normal 0.0046304 -0.6587559 0.7523425
    outer loop
      vertex 0.4915797 2.0548613 0.5814556
      vertex 0.2555367 1.9180264 0.4630949
      vertex 0.5151015 2.0002414 0.5334853
    endloop
  endfacet
  facet normal -0.1293771 -0.3768252 0.9172046
    outer loop
      vertex 0.5151015 2.0002414 0.5334853
      vertex 0.2555367 1.9180264 0.4630949
      vertex 0.2878061 1.8524843 0.4407193
    endloop
  endfacet
  facet normal -0.1263720 -0.3807048 0.9160207
    outer loop
      vertex 0.5151015 2.0002414 0.5334853
      vertex 0.2878061 1.8524843 0.4407193
      vertex 0.5374154 1.9317230 0.5080869
    endloop
  endfacet
  facet normal -0.2445371 -0.0528353 0.9681994
    outer loop
      vertex 0.5374154 1.9317230 0.5080869
      vertex 0.2878061 1.8524843 0.4407193
      vertex 0.3139621 1.7807460 0.4434107
    endloop
  endfacet
  facet normal -0.2418702 -0.0569689 0.9686348
    outer loop
      vertex 0.5374154 1.9317230 0.5080869
      vertex 0.3139621 1.7807460 0.4434107
      vertex 0.5558300 1.8575705 0.5083239
    endloop
  endfacet
  facet normal -0.3301336 0.2768627 0.9024183
    outer loop
      vertex 0.5558300 1.8575705 0.5083239
      vertex 0.3139621 1.7807460 0.4434107
      vertex 0.3308499 1.7114644 0.4708444
    endloop
  endfacet
  facet normal -0.3279579 0.2730082 0.9043838
    outer loop
      vertex 0.5558300 1.8575705 0.5083239
      vertex 0.3308499 1.7114644 0.4708444
      vertex 0.5681243 1.7867276 0.5341677
    endloop
  endfacet
  facet normal -0.3760696 0.5728143 0.7283237
    outer loop
      vertex 0.5681243 1.7867276 0.5341677
      vertex 0.3308499 1.7114644 0.4708444
      vertex 0.3364327 1.6529958 0.5197117
    endloop
  endfacet
  facet normal -0.3744633 0.5696766 0.7316050
    outer loop
      vertex 0.5681243 1.7867276 0.5341677
      vertex 0.3364327 1.6529958 0.5197117
      vertex 0.5728154 1.7277392 0.5825011
    endloop
  endfacet
  facet normal -0.3769581 0.7999548 0.4668779
    outer loop
      vertex 0.5728154 1.7277392 0.5825011
      vertex 0.3364327 1.6529958 0.5197117
      vertex 0.3300370 1.6123924 0.5841183
    endloop
  endfacet
  facet normal -0.3759535 0.7979007 0.4711830
    outer loop
      vertex 0.5728154 1.7277392 0.5825011
      vertex 0.3300370 1.6123924 0.5841183
      vertex 0.5693374 1.6877201 0.6474944
    endloop
  endfacet
  facet normal -0.3326067 0.9312108 0.1490609
    outer loop
      vertex 0.5693374 1.6877201 0.6474944
      vertex 0.3300370 1.6123924 0.5841183
      vertex 0.3124343 1.5945515 0.6562959
    endloop
  endfacet
  facet normal -0.3321997 0.9305540 0.1539890
    outer loop
      vertex 0.5693374 1.6877201 0.6474944
      vertex 0.3124343 1.5945515 0.6562959
      vertex 0.5581099 1.6714972 0.7213084
    endloop
  endfacet
  facet normal -0.2481144 0.9504498 -0.1873082
    outer loop
      vertex 0.5581099 1.6714972 0.7213084
      vertex 0.3124343 1.5945515 0.6562959
      vertex 0.2857477 1.6016250 0.7275387
    endloop
  endfacet
  facet normal -0.2482410 0.9513898 -0.1823017
    outer loop
      vertex 0.5581099 1.6714972 0.7213084
      vertex 0.2857477 1.6016250 0.7275387
      vertex 0.5404871 1.6810272 0.7950402
    endloop
  endfacet
  facet normal -0.1334986 0.8547275 -0.5016165
    outer loop
      vertex 0.5404871 1.6810272 0.7950402
      vertex 0.2857477 1.6016250 0.7275387
      vertex 0.2531961 1.6327598 0.7892539
    endloop
  endfacet
  facet normal -0.1340112 0.8572446 -0.4971647
    outer loop
      vertex 0.5404871 1.6810272 0.7950402
      vertex 0.2531961 1.6327598 0.7892539
      vertex 0.5185946 1.7151606 0.8597965
    endloop
  endfacet
  facet normal -0.0026637 0.6552653 -0.7553941
    outer loop
      vertex 0.5185946 1.7151606 0.8597965
      vertex 0.2531961 1.6327598 0.7892539
      vertex 0.2187055 1.6842005 0.8339977
    endloop
  endfacet
  facet normal -0.0033426 0.6590728 -0.7520718
    outer loop
      vertex 0.5185946 1.7151606 0.8597965
      vertex 0.2187055 1.6842005 0.8339977
      vertex 0.4950728 1.7697805 0.9077668
    endloop
  endfacet
  facet normal 0.1283437 0.3764224 -0.9175151
    outer loop
      vertex 0.4950728 1.7697805 0.9077668
      vertex 0.2187055 1.6842005 0.8339977
      vertex 0.1864361 1.7497427 0.8563733
    endloop
  endfacet
  facet normal 0.1277416 0.3810302 -0.9156954
    outer loop
      vertex 0.4950728 1.7697805 0.9077668
      vertex 0.1864361 1.7497427 0.8563733
      vertex 0.4727589 1.8382989 0.9331651
    endloop
  endfacet
  facet normal 0.2435217 0.0524547 -0.9684760
    outer loop
      vertex 0.4727589 1.8382989 0.9331651
      vertex 0.1864361 1.7497427 0.8563733
      vertex 0.1602801 1.8214809 0.8536819
    endloop
  endfacet
  facet normal 0.2432108 0.0573029 -0.9682793
    outer loop
      vertex 0.4727589 1.8382989 0.9331651
      vertex 0.1602801 1.8214809 0.8536819
      vertex 0.4543443 1.9124514 0.9329281
    endloop
  endfacet
  facet normal 0.3290329 -0.2772438 -0.9027033
    outer loop
      vertex 0.4543443 1.9124514 0.9329281
      vertex 0.1602801 1.8214809 0.8536819
      vertex 0.1433923 1.8907625 0.8262482
    endloop
  endfacet
  facet normal 0.3291738 -0.2726729 -0.9040432
    outer loop
      vertex 0.4543443 1.9124514 0.9329281
      vertex 0.1433923 1.8907625 0.8262482
      vertex 0.4420500 1.9832942 0.9070844
    endloop
  endfacet
  facet normal 0.3748173 -0.5732119 -0.7286564
    outer loop
      vertex 0.4420500 1.9832942 0.9070844
      vertex 0.1433923 1.8907625 0.8262482
      vertex 0.1378095 1.9492312 0.7773809
    endloop
  endfacet
  facet normal 0.3755187 -0.5693547 -0.7313146
    outer loop
      vertex 0.4420500 1.9832942 0.9070844
      vertex 0.1378095 1.9492312 0.7773809
      vertex 0.4373590 2.0422826 0.8587510
    endloop
  endfacet
  facet normal 0.3755605 -0.8003760 -0.4672822
    outer loop
      vertex 0.4373590 2.0422826 0.8587510
      vertex 0.1378095 1.9492312 0.7773809
      vertex 0.1442051 1.9898346 0.7129743
    endloop
  endfacet
  facet normal 0.3768865 -0.7975995 -0.4709476
    outer loop
      vertex 0.4373590 2.0422826 0.8587510
      vertex 0.1442051 1.9898346 0.7129743
      vertex 0.4408369 2.0823017 0.7937577
    endloop
  endfacet
  facet normal 0.4320149 -0.8950055 -0.1110330
    outer loop
      vertex 0.1442051 1.9898346 0.7129743
      vertex -0.1142695 1.8783056 0.6062868
      vertex -0.0902143 1.8985558 0.5366519
    endloop
  endfacet
  facet normal 0.4343092 -0.8934039 -0.1149125
    outer loop
      vertex 0.1442051 1.9898346 0.7129743
      vertex -0.0902143 1.8985558 0.5366519
      vertex 0.1618079 2.0076755 0.6407967
    endloop
  endfacet
  facet normal 0.3123717 -0.9255718 0.2138708
    outer loop
      vertex 0.1618079 2.0076755 0.6407967
      vertex -0.0902143 1.8985558 0.5366519
      vertex -0.0552778 1.8946710 0.4688130
    endloop
  endfacet
  facet normal 0.3153594 -0.9254418 0.2100142
    outer loop
      vertex 0.1618079 2.0076755 0.6407967
      vertex -0.0552778 1.8946710 0.4688130
      vertex 0.1884944 2.0006019 0.5695539
    endloop
  endfacet
  facet normal 0.1547403 -0.8441834 0.5132347
    outer loop
      vertex 0.1884944 2.0006019 0.5695539
      vertex -0.0552778 1.8946710 0.4688130
      vertex -0.0136741 1.8671200 0.4109526
    endloop
  endfacet
  facet normal 0.1581714 -0.8455168 0.5099834
    outer loop
      vertex 0.1884944 2.0006019 0.5695539
      vertex -0.0136741 1.8671200 0.4109526
      vertex 0.2210461 1.9694672 0.5078387
    endloop
  endfacet
  facet normal -0.0217439 -0.6605532 0.7504643
    outer loop
      vertex 0.2210461 1.9694672 0.5078387
      vertex -0.0136741 1.8671200 0.4109526
      vertex 0.0295789 1.8192256 0.3700496
    endloop
  endfacet
  facet normal -0.0182008 -0.6630958 0.7483133
    outer loop
      vertex 0.2210461 1.9694672 0.5078387
      vertex 0.0295789 1.8192256 0.3700496
      vertex 0.2555367 1.9180264 0.4630949
    endloop
  endfacet
  facet normal -0.1955593 -0.3971829 0.8966617
    outer loop
      vertex 0.2555367 1.9180264 0.4630949
      vertex 0.0295789 1.8192256 0.3700496
      vertex 0.0692643 1.7567647 0.3510374
    endloop
  endfacet
  facet normal -0.1922324 -0.4005002 0.8959053
    outer loop
      vertex 0.2555367 1.9180264 0.4630949
      vertex 0.0692643 1.7567647 0.3510374
      vertex 0.2878061 1.8524843 0.4407193
    endloop
  endfacet
  facet normal -0.3456441 -0.0862954 0.9343893
    outer loop
      vertex 0.2878061 1.8524843 0.4407193
      vertex 0.0692643 1.7567647 0.3510374
      vertex 0.1005954 1.6872711 0.3562091
    endloop
  endfacet
  facet normal -0.3427858 -0.0898988 0.9351022
    outer loop
      vertex 0.2878061 1.8524843 0.4407193
      vertex 0.1005954 1.6872711 0.3562091
      vertex 0.3139621 1.7807460 0.4434107
    endloop
  endfacet
  facet normal -0.4540369 0.2345092 0.8595673
    outer loop
      vertex 0.3139621 1.7807460 0.4434107
      vertex 0.1005954 1.6872711 0.3562091
      vertex 0.1197932 1.6191265 0.3849410
    endloop
  endfacet
  facet normal -0.4518071 0.2310691 0.8616713
    outer loop
      vertex 0.3139621 1.7807460 0.4434107
      vertex 0.1197932 1.6191265 0.3849410
      vertex 0.3308499 1.7114644 0.4708444
    endloop
  endfacet
  facet normal -0.5078934 0.5268879 0.6814935
    outer loop
      vertex 0.3308499 1.7114644 0.4708444
      vertex 0.1197932 1.6191265 0.3849410
      vertex 0.1245422 1.5605504 0.4337676
    endloop
  endfacet
  facet normal -0.5063885 0.5240129 0.6848220
    outer loop
      vertex 0.3308499 1.7114644 0.4708444
      vertex 0.1245422 1.5605504 0.4337676
      vertex 0.3364327 1.6529958 0.5197117
    endloop
  endfacet
  facet normal -0.5007925 0.7560293 0.4214576
    outer loop
      vertex 0.3364327 1.6529958 0.5197117
      vertex 0.1245422 1.5605504 0.4337676
      vertex 0.1142695 1.5186078 0.4967997
    endloop
  endfacet
  facet normal -0.5000693 0.7541026 0.4257464
    outer loop
      vertex 0.3364327 1.6529958 0.5197117
      vertex 0.1142695 1.5186078 0.4967997
      vertex 0.3300370 1.6123924 0.5841183
    endloop
  endfacet
  facet normal -0.4334244 0.8944056 0.1103716
    outer loop
      vertex 0.3300370 1.6123924 0.5841183
      vertex 0.1142695 1.5186078 0.4967997
      vertex 0.0902143 1.4983577 0.5664347
    endloop
  endfacet
  facet normal -0.4334785 0.8937696 0.1152055
    outer loop
      vertex 0.3300370 1.6123924 0.5841183
      vertex 0.0902143 1.4983577 0.5664347
      vertex 0.3124343 1.5945515 0.6562959
    endloop
  endfacet
  facet normal -0.3136648 0.9249879 -0.2145033
    outer loop
      vertex 0.3124343 1.5945515 0.6562959
      vertex 0.0902143 1.4983577 0.5664347
      vertex 0.0552778 1.5022424 0.6342736
    endloop
  endfacet
  facet normal -0.3143853 0.9258467 -0.2096896
    outer loop
      vertex 0.3124343 1.5945515 0.6562959
      vertex 0.0552778 1.5022424 0.6342736
      vertex 0.2857477 1.6016250 0.7275387
    endloop
  endfacet
  facet normal -0.1558738 0.8436371 -0.5137896
    outer loop
      vertex 0.2857477 1.6016250 0.7275387
      vertex 0.0552778 1.5022424 0.6342736
      vertex 0.0136741 1.5297935 0.6921339
    endloop
  endfacet
  facet normal -0.1570311 0.8459578 -0.5096044
    outer loop
      vertex 0.2857477 1.6016250 0.7275387
      vertex 0.0136741 1.5297935 0.6921339
      vertex 0.2531961 1.6327598 0.7892539
    endloop
  endfacet
  facet normal 0.0207410 0.6600498 -0.7509354
    outer loop
      vertex 0.2531961 1.6327598 0.7892539
      vertex 0.0136741 1.5297935 0.6921339
      vertex -0.0295789 1.5776878 0.7330370
    endloop
  endfacet
  facet normal 0.0194504 0.6635534 -0.7478761
    outer loop
      vertex 0.2531961 1.6327598 0.7892539
      vertex -0.0295789 1.5776878 0.7330370
      vertex 0.2187055 1.6842005 0.8339977
    endloop
  endfacet
  facet normal 0.1946008 0.3967021 -0.8970830
    outer loop
      vertex 0.2187055 1.6842005 0.8339977
      vertex -0.0295789 1.5776878 0.7330370
      vertex -0.0692643 1.6401487 0.7520492
    endloop
  endfacet
  facet normal 0.1934809 0.4009539 -0.8954335
    outer loop
      vertex 0.2187055 1.6842005 0.8339977
      vertex -0.0692643 1.6401487 0.7520492
      vertex 0.1864361 1.7497427 0.8563733
    endloop
  endfacet
  facet normal 0.3446218 0.0858030 -0.9348121
    outer loop
      vertex 0.1864361 1.7497427 0.8563733
      vertex -0.0692643 1.6401487 0.7520492
      vertex -0.1005954 1.7096424 0.7468775
    endloop
  endfacet
  facet normal 0.3439244 0.0903312 -0.9346423
    outer loop
      vertex 0.1864361 1.7497427 0.8563733
      vertex -0.1005954 1.7096424 0.7468775
      vertex 0.1602801 1.8214809 0.8536819
    endloop
  endfacet
  facet normal 0.4528684 -0.2350374 -0.8600393
    outer loop
      vertex 0.1602801 1.8214809 0.8536819
      vertex -0.1005954 1.7096424 0.7468775
      vertex -0.1197932 1.7777869 0.7181455
    endloop
  endfacet
  facet normal 0.4527811 -0.2306714 -0.8612665
    outer loop
      vertex 0.1602801 1.8214809 0.8536819
      vertex -0.1197932 1.7777869 0.7181455
      vertex 0.1433923 1.8907625 0.8262482
    endloop
  endfacet
  facet normal 0.5065641 -0.5274547 -0.6820442
    outer loop
      vertex 0.1433923 1.8907625 0.8262482
      vertex -0.1197932 1.7777869 0.7181455
      vertex -0.1245422 1.8363630 0.6693189
    endloop
  endfacet
  facet normal 0.5072204 -0.5236505 -0.6844834
    outer loop
      vertex 0.1433923 1.8907625 0.8262482
      vertex -0.1245422 1.8363630 0.6693189
      vertex 0.1378095 1.9492312 0.7773809
    endloop
  endfacet
  facet normal 0.4993673 -0.7566222 -0.4220844
    outer loop
      vertex 0.1378095 1.9492312 0.7773809
      vertex -0.1245422 1.8363630 0.6693189
      vertex -0.1142695 1.8783056 0.6062868
    endloop
  endfacet
  facet normal 0.5008450 -0.7537549 -0.4254502
    outer loop
      vertex 0.1378095 1.9492312 0.7773809
      vertex -0.1142695 1.8783056 0.6062868
      vertex 0.1442051 1.9898346 0.7129743
    endloop
  endfacet
  facet normal 0.4988625 -0.8634363 -0.0749264
    outer loop
      vertex -0.1142695 1.8783056 0.6062868
      vertex -0.3370936 1.7605613 0.4795771
      vertex -0.3071846 1.7836058 0.4131530
    endloop
  endfacet
  facet normal 0.5008914 -0.8620201 -0.0776475
    outer loop
      vertex -0.1142695 1.8783056 0.6062868
      vertex -0.3071846 1.7836058 0.4131530
      vertex -0.0902143 1.8985558 0.5366519
    endloop
  endfacet
  facet normal 0.3473308 -0.9078683 0.2348116
    outer loop
      vertex -0.0902143 1.8985558 0.5366519
      vertex -0.3071846 1.7836058 0.4131530
      vertex -0.2654369 1.7830275 0.3491643
    endloop
  endfacet
  facet normal 0.3499320 -0.9075457 0.2321818
    outer loop
      vertex -0.0902143 1.8985558 0.5366519
      vertex -0.2654369 1.7830275 0.3491643
      vertex -0.0552778 1.8946710 0.4688130
    endloop
  endfacet
  facet normal 0.1536714 -0.8425387 0.5162496
    outer loop
      vertex -0.0552778 1.8946710 0.4688130
      vertex -0.2654369 1.7830275 0.3491643
      vertex -0.2168859 1.7588962 0.2953291
    endloop
  endfacet
  facet normal 0.1565789 -0.8432965 0.5141343
    outer loop
      vertex -0.0552778 1.8946710 0.4688130
      vertex -0.2168859 1.7588962 0.2953291
      vertex -0.0136741 1.8671200 0.4109526
    endloop
  endfacet
  facet normal -0.0585962 -0.6753786 0.7351396
    outer loop
      vertex -0.0136741 1.8671200 0.4109526
      vertex -0.2168859 1.7588962 0.2953291
      vertex -0.1673876 1.7141225 0.2581405
    endloop
  endfacet
  facet normal -0.0556850 -0.6770202 0.7338548
    outer loop
      vertex -0.0136741 1.8671200 0.4109526
      vertex -0.1673876 1.7141225 0.2581405
      vertex 0.0295789 1.8192256 0.3700496
    endloop
  endfacet
  facet normal -0.2637045 -0.4268457 0.8650218
    outer loop
      vertex 0.0295789 1.8192256 0.3700496
      vertex -0.1673876 1.7141225 0.2581405
      vertex -0.1229121 1.6541068 0.2420842
    endloop
  endfacet
  facet normal -0.2610474 -0.4290711 0.8647267
    outer loop
      vertex 0.0295789 1.8192256 0.3700496
      vertex -0.1229121 1.6541068 0.2420842
      vertex 0.0692643 1.7567647 0.3510374
    endloop
  endfacet
  facet normal -0.4369177 -0.1271601 0.8904680
    outer loop
      vertex 0.0692643 1.7567647 0.3510374
      vertex -0.1229121 1.6541068 0.2420842
      vertex -0.0888239 1.5860879 0.2490968
    endloop
  endfacet
  facet normal -0.4346921 -0.1296569 0.8911969
    outer loop
      vertex 0.0692643 1.7567647 0.3510374
      vertex -0.0888239 1.5860879 0.2490968
      vertex 0.1005954 1.6872711 0.3562091
    endloop
  endfacet
  facet normal -0.5575060 0.1875853 0.8087019
    outer loop
      vertex 0.1005954 1.6872711 0.3562091
      vertex -0.0888239 1.5860879 0.2490968
      vertex -0.0692346 1.5182698 0.2783323
    endloop
  endfacet
  facet normal -0.5558321 0.1851103 0.8104226
    outer loop
      vertex 0.1005954 1.6872711 0.3562091
      vertex -0.0692346 1.5182698 0.2783323
      vertex 0.1197932 1.6191265 0.3849410
    endloop
  endfacet
  facet normal -0.6110711 0.4797254 0.6296473
    outer loop
      vertex 0.1197932 1.6191265 0.3849410
      vertex -0.0692346 1.5182698 0.2783323
      vertex -0.0665068 1.4588324 0.3262647
    endloop
  endfacet
  facet normal -0.6100469 0.4775751 0.6322696
    outer loop
      vertex 0.1197932 1.6191265 0.3849410
      vertex -0.0665068 1.4588324 0.3262647
      vertex 0.1245422 1.5605504 0.4337676
    endloop
  endfacet
  facet normal -0.5911243 0.7142736 0.3746802
    outer loop
      vertex 0.1245422 1.5605504 0.4337676
      vertex -0.0665068 1.4588324 0.3262647
      vertex -0.0809697 1.4149448 0.3871125
    endloop
  endfacet
  facet normal -0.5908171 0.7127751 0.3780038
    outer loop
      vertex 0.1245422 1.5605504 0.4337676
      vertex -0.0809697 1.4149448 0.3871125
      vertex 0.1142695 1.5186078 0.4967997
    endloop
  endfacet
  facet normal -0.4998893 0.8628984 0.0742774
    outer loop
      vertex 0.1142695 1.5186078 0.4967997
      vertex -0.0809697 1.4149448 0.3871125
      vertex -0.1108787 1.3919003 0.4535366
    endloop
  endfacet
  facet normal -0.5002841 0.8623453 0.0779519
    outer loop
      vertex 0.1142695 1.5186078 0.4967997
      vertex -0.1108787 1.3919003 0.4535366
      vertex 0.0902143 1.4983577 0.5664347
    endloop
  endfacet
  facet normal -0.3482131 0.9073823 -0.2353828
    outer loop
      vertex 0.0902143 1.4983577 0.5664347
      vertex -0.1108787 1.3919003 0.4535366
      vertex -0.1526264 1.3924786 0.5175252
    endloop
  endfacet
  facet normal -0.3491721 0.9079327 -0.2318126
    outer loop
      vertex 0.0902143 1.4983577 0.5664347
      vertex -0.1526264 1.3924786 0.5175252
      vertex 0.0552778 1.5022424 0.6342736
    endloop
  endfacet
  facet normal -0.1544221 0.8421054 -0.5167324
    outer loop
      vertex 0.0552778 1.5022424 0.6342736
      vertex -0.1526264 1.3924786 0.5175252
      vertex -0.2011774 1.4166099 0.5713605
    endloop
  endfacet
  facet normal -0.1557034 0.8437194 -0.5137062
    outer loop
      vertex 0.0552778 1.5022424 0.6342736
      vertex -0.2011774 1.4166099 0.5713605
      vertex 0.0136741 1.5297935 0.6921339
    endloop
  endfacet
  facet normal 0.0579066 0.6749719 -0.7355677
    outer loop
      vertex 0.0136741 1.5297935 0.6921339
      vertex -0.2011774 1.4166099 0.5713605
      vertex -0.2506757 1.4613836 0.6085490
    endloop
  endfacet
  facet normal 0.0565819 0.6774403 -0.7333983
    outer loop
      vertex 0.0136741 1.5297935 0.6921339
      vertex -0.2506757 1.4613836 0.6085490
      vertex -0.0295789 1.5776878 0.7330370
    endloop
  endfacet
  facet normal 0.2629780 0.4264223 -0.8654517
    outer loop
      vertex -0.0295789 1.5776878 0.7330370
      vertex -0.2506757 1.4613836 0.6085490
      vertex -0.2951512 1.5213992 0.6246053
    endloop
  endfacet
  facet normal 0.2618609 0.4294550 -0.8642900
    outer loop
      vertex -0.0295789 1.5776878 0.7330370
      vertex -0.2951512 1.5213992 0.6246053
      vertex -0.0692643 1.6401487 0.7520492
    endloop
  endfacet
  facet normal 0.4360699 0.1266853 -0.8909511
    outer loop
      vertex -0.0692643 1.6401487 0.7520492
      vertex -0.2951512 1.5213992 0.6246053
      vertex -0.3292394 1.5894182 0.6175928
    endloop
  endfacet
  facet normal 0.4353596 0.1299857 -0.8908231
    outer loop
      vertex -0.0692643 1.6401487 0.7520492
      vertex -0.3292394 1.5894182 0.6175928
      vertex -0.1005954 1.7096424 0.7468775
    endloop
  endfacet
  facet normal 0.5565070 -0.1881172 -0.8092663
    outer loop
      vertex -0.1005954 1.7096424 0.7468775
      vertex -0.3292394 1.5894182 0.6175928
      vertex -0.3488287 1.6572363 0.5883572
    endloop
  endfacet
  facet normal 0.5563609 -0.1848349 -0.8101226
    outer loop
      vertex -0.1005954 1.7096424 0.7468775
      vertex -0.3488287 1.6572363 0.5883572
      vertex -0.1197932 1.7777869 0.7181455
    endloop
  endfacet
  facet normal 0.6099644 -0.4802925 -0.6302876
    outer loop
      vertex -0.1197932 1.7777869 0.7181455
      vertex -0.3488287 1.6572363 0.5883572
      vertex -0.3515565 1.7166737 0.5404249
    endloop
  endfacet
  facet normal 0.6105064 -0.4773253 -0.6320147
    outer loop
      vertex -0.1197932 1.7777869 0.7181455
      vertex -0.3515565 1.7166737 0.5404249
      vertex -0.1245422 1.8363630 0.6693189
    endloop
  endfacet
  facet normal 0.5900074 -0.7148422 -0.3753558
    outer loop
      vertex -0.1245422 1.8363630 0.6693189
      vertex -0.3515565 1.7166737 0.5404249
      vertex -0.3370936 1.7605613 0.4795771
    endloop
  endfacet
  facet normal 0.5913070 -0.7125060 -0.3777449
    outer loop
      vertex -0.1245422 1.8363630 0.6693189
      vertex -0.3370936 1.7605613 0.4795771
      vertex -0.1142695 1.8783056 0.6062868
    endloop
  endfacet
  facet normal 0.5345561 -0.8436608 -0.0498622
    outer loop
      vertex -0.3370936 1.7605613 0.4795771
      vertex -0.5309185 1.6460421 0.3392927
      vertex -0.4963694 1.6716651 0.2761454
    endloop
  endfacet
  facet normal 0.5357524 -0.8428236 -0.0511647
    outer loop
      vertex -0.3370936 1.7605613 0.4795771
      vertex -0.4963694 1.6716651 0.2761454
      vertex -0.3071846 1.7836058 0.4131530
    endloop
  endfacet
  facet normal 0.3572730 -0.9017247 0.2434103
    outer loop
      vertex -0.3071846 1.7836058 0.4131530
      vertex -0.4963694 1.6716651 0.2761454
      vertex -0.4496938 1.6738402 0.2156936
    endloop
  endfacet
  facet normal 0.3587470 -0.9014648 0.2422019
    outer loop
      vertex -0.3071846 1.7836058 0.4131530
      vertex -0.4496938 1.6738402 0.2156936
      vertex -0.2654369 1.7830275 0.3491643
    endloop
  endfacet
  facet normal 0.1367924 -0.8508835 0.5072327
    outer loop
      vertex -0.2654369 1.7830275 0.3491643
      vertex -0.4496938 1.6738402 0.2156936
      vertex -0.3965217 1.6523050 0.1652287
    endloop
  endfacet
  facet normal 0.1383663 -0.8511741 0.5063175
    outer loop
      vertex -0.2654369 1.7830275 0.3491643
      vertex -0.3965217 1.6523050 0.1652287
      vertex -0.2168859 1.7588962 0.2953291
    endloop
  endfacet
  facet normal -0.1001757 -0.6973721 0.7096738
    outer loop
      vertex -0.2168859 1.7588962 0.2953291
      vertex -0.3965217 1.6523050 0.1652287
      vertex -0.3432662 1.6096570 0.1308374
    endloop
  endfacet
  facet normal -0.0986601 -0.6981003 0.7091701
    outer loop
      vertex -0.2168859 1.7588962 0.2953291
      vertex -0.3432662 1.6096570 0.1308374
      vertex -0.1673876 1.7141225 0.2581405
    endloop
  endfacet
  facet normal -0.3249912 -0.4598756 0.8263747
    outer loop
      vertex -0.1673876 1.7141225 0.2581405
      vertex -0.3432662 1.6096570 0.1308374
      vertex -0.2963508 1.5510402 0.1166678
    endloop
  endfacet
  facet normal -0.3236370 -0.4609083 0.8263308
    outer loop
      vertex -0.1673876 1.7141225 0.2581405
      vertex -0.2963508 1.5510402 0.1166678
      vertex -0.1229121 1.6541068 0.2420842
    endloop
  endfacet
  facet normal -0.5105941 -0.1671041 0.8434275
    outer loop
      vertex -0.1229121 1.6541068 0.2420842
      vertex -0.2963508 1.5510402 0.1166678
      vertex -0.2614343 1.4835247 0.1244291
    endloop
  endfacet
  facet normal -0.5094665 -0.1683228 0.8438669
    outer loop
      vertex -0.1229121 1.6541068 0.2420842
      vertex -0.2614343 1.4835247 0.1244291
      vertex -0.0888239 1.5860879 0.2490968
    endloop
  endfacet
  facet normal -0.6347027 0.1457374 0.7588894
    outer loop
      vertex -0.0888239 1.5860879 0.2490968
      vertex -0.2614343 1.4835247 0.1244291
      vertex -0.2427280 1.4152537 0.1531850
    endloop
  endfacet
  facet normal -0.6338697 0.1444592 0.7598294
    outer loop
      vertex -0.0888239 1.5860879 0.2490968
      vertex -0.2427280 1.4152537 0.1531850
      vertex -0.0692346 1.5182698 0.2783323
    endloop
  endfacet
  facet normal -0.6823862 0.4410924 0.5829122
    outer loop
      vertex -0.0692346 1.5182698 0.2783323
      vertex -0.2427280 1.4152537 0.1531850
      vertex -0.2424881 1.3544619 0.1994673
    endloop
  endfacet
  facet normal -0.6819281 0.4399263 0.5843278
    outer loop
      vertex -0.0692346 1.5182698 0.2783323
      vertex -0.2424881 1.3544619 0.1994673
      vertex -0.0665068 1.4588324 0.3262647
    endloop
  endfacet
  facet normal -0.6478196 0.6834111 0.3365695
    outer loop
      vertex -0.0665068 1.4588324 0.3262647
      vertex -0.2424881 1.3544619 0.1994673
      vertex -0.2607437 1.3084815 0.2576935
    endloop
  endfacet
  facet normal -0.6477895 0.6825645 0.3383407
    outer loop
      vertex -0.0665068 1.4588324 0.3262647
      vertex -0.2607437 1.3084815 0.2576935
      vertex -0.0809697 1.4149448 0.3871125
    endloop
  endfacet
  facet normal -0.5350580 0.8433658 0.0494678
    outer loop
      vertex -0.0809697 1.4149448 0.3871125
      vertex -0.2607437 1.3084815 0.2576935
      vertex -0.2952929 1.2828585 0.3208407
    endloop
  endfacet
  facet normal -0.5354315 0.8430146 0.0513755
    outer loop
      vertex -0.0809697 1.4149448 0.3871125
      vertex -0.2952929 1.2828585 0.3208407
      vertex -0.1108787 1.3919003 0.4535366
    endloop
  endfacet
  facet normal -0.3576657 0.9014848 -0.2437221
    outer loop
      vertex -0.1108787 1.3919003 0.4535366
      vertex -0.2952929 1.2828585 0.3208407
      vertex -0.3419684 1.2806834 0.3812925
    endloop
  endfacet
  facet normal -0.3583303 0.9017029 -0.2419322
    outer loop
      vertex -0.1108787 1.3919003 0.4535366
      vertex -0.3419684 1.2806834 0.3812925
      vertex -0.1526264 1.3924786 0.5175252
    endloop
  endfacet
  facet normal -0.1371264 0.8506734 -0.5074950
    outer loop
      vertex -0.1526264 1.3924786 0.5175252
      vertex -0.3419684 1.2806834 0.3812925
      vertex -0.3951406 1.3022186 0.4317575
    endloop
  endfacet
  facet normal -0.1379228 0.8514186 -0.5060273
    outer loop
      vertex -0.1526264 1.3924786 0.5175252
      vertex -0.3951406 1.3022186 0.4317575
      vertex -0.2011774 1.4166099 0.5713605
    endloop
  endfacet
  facet normal 0.0998242 0.6971495 -0.7099421
    outer loop
      vertex -0.2011774 1.4166099 0.5713605
      vertex -0.3951406 1.3022186 0.4317575
      vertex -0.4483960 1.3448666 0.4661488
    endloop
  endfacet
  facet normal 0.0990473 0.6983110 -0.7089085
    outer loop
      vertex -0.2011774 1.4166099 0.5713605
      vertex -0.4483960 1.3448666 0.4661488
      vertex -0.2506757 1.4613836 0.6085490
    endloop
  endfacet
  facet normal 0.3245524 0.4596027 -0.8266989
    outer loop
      vertex -0.2506757 1.4613836 0.6085490
      vertex -0.4483960 1.3448666 0.4661488
      vertex -0.4953114 1.4034834 0.4803183
    endloop
  endfacet
  facet normal 0.3239130 0.4610611 -0.8261374
    outer loop
      vertex -0.2506757 1.4613836 0.6085490
      vertex -0.4953114 1.4034834 0.4803183
      vertex -0.2951512 1.5213992 0.6246053
    endloop
  endfacet
  facet normal 0.5100368 0.1667695 -0.8438308
    outer loop
      vertex -0.2951512 1.5213992 0.6246053
      vertex -0.4953114 1.4034834 0.4803183
      vertex -0.5302279 1.4709989 0.4725571
    endloop
  endfacet
  facet normal 0.5096306 0.1684172 -0.8437490
    outer loop
      vertex -0.2951512 1.5213992 0.6246053
      vertex -0.5302279 1.4709989 0.4725571
      vertex -0.3292394 1.5894182 0.6175928
    endloop
  endfacet
  facet normal 0.6340519 -0.1461142 -0.7593608
    outer loop
      vertex -0.3292394 1.5894182 0.6175928
      vertex -0.5302279 1.4709989 0.4725571
      vertex -0.5489343 1.5392699 0.4438011
    endloop
  endfacet
  facet normal 0.6339723 -0.1443977 -0.7597555
    outer loop
      vertex -0.3292394 1.5894182 0.6175928
      vertex -0.5489343 1.5392699 0.4438011
      vertex -0.3488287 1.6572363 0.5883572
    endloop
  endfacet
  facet normal 0.6817134 -0.4414742 -0.5834102
    outer loop
      vertex -0.3488287 1.6572363 0.5883572
      vertex -0.5489343 1.5392699 0.4438011
      vertex -0.5491741 1.6000617 0.3975189
    endloop
  endfacet
  facet normal 0.6820459 -0.4398539 -0.5842447
    outer loop
      vertex -0.3488287 1.6572363 0.5883572
      vertex -0.5491741 1.6000617 0.3975189
      vertex -0.3515565 1.7166737 0.5404249
    endloop
  endfacet
  facet normal 0.6472066 -0.6837609 -0.3370379
    outer loop
      vertex -0.3515565 1.7166737 0.5404249
      vertex -0.5491741 1.6000617 0.3975189
      vertex -0.5309185 1.6460421 0.3392927
    endloop
  endfacet
  facet normal 0.6479926 -0.6824401 -0.3382027
    outer loop
      vertex -0.3515565 1.7166737 0.5404249
      vertex -0.5309185 1.6460421 0.3392927
      vertex -0.3370936 1.7605613 0.4795771
    endloop
  endfacet
  facet normal 0.5455773 -0.8370744 -0.0406438
    outer loop
      vertex -0.5309185 1.6460421 0.3392927
      vertex -0.7050989 1.5396963 0.1914341
      vertex -0.6675580 1.5671085 0.1307958
    endloop
  endfacet
  facet normal 0.5458722 -0.8368688 -0.0409149
    outer loop
      vertex -0.5309185 1.6460421 0.3392927
      vertex -0.6675580 1.5671085 0.1307958
      vertex -0.4963694 1.6716651 0.2761454
    endloop
  endfacet
  facet normal 0.3505771 -0.9056386 0.2385673
    outer loop
      vertex -0.4963694 1.6716651 0.2761454
      vertex -0.6675580 1.5671085 0.1307958
      vertex -0.6180427 1.5709817 0.0727356
    endloop
  endfacet
  facet normal 0.3508936 -0.9055743 0.2383462
    outer loop
      vertex -0.4963694 1.6716651 0.2761454
      vertex -0.6180427 1.5709817 0.0727356
      vertex -0.4496938 1.6738402 0.2156936
    endloop
  endfacet
  facet normal 0.1132782 -0.8649385 0.4889269
    outer loop
      vertex -0.4496938 1.6738402 0.2156936
      vertex -0.6180427 1.5709817 0.0727356
      vertex -0.5625253 1.5508486 0.0242564
    endloop
  endfacet
  facet normal 0.1135712 -0.8649819 0.4887821
    outer loop
      vertex -0.4496938 1.6738402 0.2156936
      vertex -0.5625253 1.5508486 0.0242564
      vertex -0.3965217 1.6523050 0.1652287
    endloop
  endfacet
  facet normal -0.1376607 -0.7199451 0.6802416
    outer loop
      vertex -0.3965217 1.6523050 0.1652287
      vertex -0.5625253 1.5508486 0.0242564
      vertex -0.5077020 1.5091377 -0.0087945
    endloop
  endfacet
  facet normal -0.1373989 -0.7200621 0.6801706
    outer loop
      vertex -0.3965217 1.6523050 0.1652287
      vertex -0.5077020 1.5091377 -0.0087945
      vertex -0.3432662 1.6096570 0.1308374
    endloop
  endfacet
  facet normal -0.3719777 -0.4881885 0.7894964
    outer loop
      vertex -0.3432662 1.6096570 0.1308374
      vertex -0.5077020 1.5091377 -0.0087945
      vertex -0.4601853 1.4508798 -0.0224306
    endloop
  endfacet
  facet normal -0.3717321 -0.4883717 0.7894988
    outer loop
      vertex -0.3432662 1.6096570 0.1308374
      vertex -0.4601853 1.4508798 -0.0224306
      vertex -0.2963508 1.5510402 0.1166678
    endloop
  endfacet
  facet normal -0.5614471 -0.1975986 0.8035745
    outer loop
      vertex -0.2963508 1.5510402 0.1166678
      vertex -0.4601853 1.4508798 -0.0224306
      vertex -0.4257064 1.3831018 -0.0150072
    endloop
  endfacet
  facet normal -0.5612160 -0.1978539 0.8036731
    outer loop
      vertex -0.2963508 1.5510402 0.1166678
      vertex -0.4257064 1.3831018 -0.0150072
      vertex -0.2614343 1.4835247 0.1244291
    endloop
  endfacet
  facet normal -0.6832402 0.1168437 0.7207846
    outer loop
      vertex -0.2614343 1.4835247 0.1244291
      vertex -0.4257064 1.3831018 -0.0150072
      vertex -0.4084241 1.3139787 0.0125802
    endloop
  endfacet
  facet normal -0.6830548 0.1165341 0.7210104
    outer loop
      vertex -0.2614343 1.4835247 0.1244291
      vertex -0.4084241 1.3139787 0.0125802
      vertex -0.2427280 1.4152537 0.1531850
    endloop
  endfacet
  facet normal -0.7226498 0.4172605 0.5510635
    outer loop
      vertex -0.2427280 1.4152537 0.1531850
      vertex -0.4084241 1.3139787 0.0125802
      vertex -0.4104227 1.2518477 0.0570043
    endloop
  endfacet
  facet normal -0.7225558 0.4169560 0.5514171
    outer loop
      vertex -0.2427280 1.4152537 0.1531850
      vertex -0.4104227 1.2518477 0.0570043
      vertex -0.2424881 1.3544619 0.1994673
    endloop
  endfacet
  facet normal -0.6748803 0.6673983 0.3148272
    outer loop
      vertex -0.2424881 1.3544619 0.1994673
      vertex -0.4104227 1.2518477 0.0570043
      vertex -0.4314613 1.2042028 0.1129068
    endloop
  endfacet
  facet normal -0.6749000 0.6671751 0.3152577
    outer loop
      vertex -0.2424881 1.3544619 0.1994673
      vertex -0.4314613 1.2042028 0.1129068
      vertex -0.2607437 1.3084815 0.2576935
    endloop
  endfacet
  facet normal -0.5456711 0.8370173 0.0405599
    outer loop
      vertex -0.2607437 1.3084815 0.2576935
      vertex -0.4314613 1.2042028 0.1129068
      vertex -0.4690022 1.1767906 0.1735451
    endloop
  endfacet
  facet normal -0.5457836 0.8369232 0.0409855
    outer loop
      vertex -0.2607437 1.3084815 0.2576935
      vertex -0.4690022 1.1767906 0.1735451
      vertex -0.2952929 1.2828585 0.3208407
    endloop
  endfacet
  facet normal -0.3506331 0.9056038 -0.2386173
    outer loop
      vertex -0.2952929 1.2828585 0.3208407
      vertex -0.4690022 1.1767906 0.1735451
      vertex -0.5185175 1.1729174 0.2316053
    endloop
  endfacet
  facet normal -0.3507901 0.9056360 -0.2382641
    outer loop
      vertex -0.2952929 1.2828585 0.3208407
      vertex -0.5185175 1.1729174 0.2316053
      vertex -0.3419684 1.2806834 0.3812925
    endloop
  endfacet
  facet normal -0.1133465 0.8648954 -0.4889872
    outer loop
      vertex -0.3419684 1.2806834 0.3812925
      vertex -0.5185175 1.1729174 0.2316053
      vertex -0.5740349 1.1930505 0.2800845
    endloop
  endfacet
  facet normal -0.1135059 0.8650201 -0.4887296
    outer loop
      vertex -0.3419684 1.2806834 0.3812925
      vertex -0.5740349 1.1930505 0.2800845
      vertex -0.3951406 1.3022186 0.4317575
    endloop
  endfacet
  facet normal 0.1375352 0.7198663 -0.6803503
    outer loop
      vertex -0.3951406 1.3022186 0.4317575
      vertex -0.5740349 1.1930505 0.2800845
      vertex -0.6288582 1.2347614 0.3131354
    endloop
  endfacet
  facet normal 0.1373917 0.7200579 -0.6801765
    outer loop
      vertex -0.3951406 1.3022186 0.4317575
      vertex -0.6288582 1.2347614 0.3131354
      vertex -0.4483960 1.3448666 0.4661488
    endloop
  endfacet
  facet normal 0.3717758 0.4880640 -0.7896685
    outer loop
      vertex -0.4483960 1.3448666 0.4661488
      vertex -0.6288582 1.2347614 0.3131354
      vertex -0.6763749 1.2930193 0.3267715
    endloop
  endfacet
  facet normal 0.3716533 0.4883246 -0.7895650
    outer loop
      vertex -0.4483960 1.3448666 0.4661488
      vertex -0.6763749 1.2930193 0.3267715
      vertex -0.4953114 1.4034834 0.4803183
    endloop
  endfacet
  facet normal 0.5611853 0.1974411 -0.8037961
    outer loop
      vertex -0.4953114 1.4034834 0.4803183
      vertex -0.6763749 1.2930193 0.3267715
      vertex -0.7108538 1.3607973 0.3193481
    endloop
  endfacet
  facet normal 0.5610996 0.1977823 -0.8037719
    outer loop
      vertex -0.4953114 1.4034834 0.4803183
      vertex -0.7108538 1.3607973 0.3193481
      vertex -0.5302279 1.4709989 0.4725571
    endloop
  endfacet
  facet normal 0.6829642 -0.1170066 -0.7210197
    outer loop
      vertex -0.5302279 1.4709989 0.4725571
      vertex -0.7108538 1.3607973 0.3193481
      vertex -0.7281361 1.4299204 0.2917607
    endloop
  endfacet
  facet normal 0.6829512 -0.1165994 -0.7210980
    outer loop
      vertex -0.5302279 1.4709989 0.4725571
      vertex -0.7281361 1.4299204 0.2917607
      vertex -0.5489343 1.5392699 0.4438011
    endloop
  endfacet
  facet normal 0.7224124 -0.4173999 -0.5512691
    outer loop
      vertex -0.5489343 1.5392699 0.4438011
      vertex -0.7281361 1.4299204 0.2917607
      vertex -0.7261375 1.4920514 0.2473366
    endloop
  endfacet
  facet normal 0.7225091 -0.4169857 -0.5514558
    outer loop
      vertex -0.5489343 1.5392699 0.4438011
      vertex -0.7261375 1.4920514 0.2473366
      vertex -0.5491741 1.6000617 0.3975189
    endloop
  endfacet
  facet normal 0.6747152 -0.6674964 -0.3149730
    outer loop
      vertex -0.5491741 1.6000617 0.3975189
      vertex -0.7261375 1.4920514 0.2473366
      vertex -0.7050989 1.5396963 0.1914341
    endloop
  endfacet
  facet normal 0.6749290 -0.6671569 -0.3152342
    outer loop
      vertex -0.5491741 1.6000617 0.3975189
      vertex -0.7050989 1.5396963 0.1914341
      vertex -0.5309185 1.6460421 0.3392927
    endloop
  endfacet
  facet normal 0.5401484 -0.8403319 -0.0456294
    outer loop
      vertex -0.7050989 1.5396963 0.1914341
      vertex -0.8700447 1.4418461 0.0409059
      vertex -0.8314232 1.4699103 -0.0187475
    endloop
  endfacet
  facet normal 0.5400620 -0.8403913 -0.0455578
    outer loop
      vertex -0.7050989 1.5396963 0.1914341
      vertex -0.8314232 1.4699103 -0.0187475
      vertex -0.6675580 1.5671085 0.1307958
    endloop
  endfacet
  facet normal 0.3363644 -0.9142907 0.2256803
    outer loop
      vertex -0.6675580 1.5671085 0.1307958
      vertex -0.8314232 1.4699103 -0.0187475
      vertex -0.7811717 1.4742312 -0.0761398
    endloop
  endfacet
  facet normal 0.3362393 -0.9143168 0.2257607
    outer loop
      vertex -0.6675580 1.5671085 0.1307958
      vertex -0.7811717 1.4742312 -0.0761398
      vertex -0.6180427 1.5709817 0.0727356
    endloop
  endfacet
  facet normal 0.0920129 -0.8779861 0.4697595
    outer loop
      vertex -0.6180427 1.5709817 0.0727356
      vertex -0.7811717 1.4742312 -0.0761398
      vertex -0.7253512 1.4542875 -0.1243484
    endloop
  endfacet
  facet normal 0.0918727 -0.8779662 0.4698241
    outer loop
      vertex -0.6180427 1.5709817 0.0727356
      vertex -0.7253512 1.4542875 -0.1243484
      vertex -0.5625253 1.5508486 0.0242564
    endloop
  endfacet
  facet normal -0.1634360 -0.7357962 0.6571854
    outer loop
      vertex -0.5625253 1.5508486 0.0242564
      vertex -0.7253512 1.4542875 -0.1243484
      vertex -0.6706945 1.4124848 -0.1575588
    endloop
  endfacet
  facet normal -0.1635593 -0.7357409 0.6572167
    outer loop
      vertex -0.5625253 1.5508486 0.0242564
      vertex -0.6706945 1.4124848 -0.1575588
      vertex -0.5077020 1.5091377 -0.0087945
    endloop
  endfacet
  facet normal -0.3991750 -0.5048577 0.7653613
    outer loop
      vertex -0.5077020 1.5091377 -0.0087945
      vertex -0.6706945 1.4124848 -0.1575588
      vertex -0.6237939 1.3538651 -0.1717653
    endloop
  endfacet
  facet normal -0.3992610 -0.5047919 0.7653599
    outer loop
      vertex -0.5077020 1.5091377 -0.0087945
      vertex -0.6237939 1.3538651 -0.1717653
      vertex -0.4601853 1.4508798 -0.0224306
    endloop
  endfacet
  facet normal -0.5867684 -0.2130111 0.7812356
    outer loop
      vertex -0.4601853 1.4508798 -0.0224306
      vertex -0.6237939 1.3538651 -0.1717653
      vertex -0.5903065 1.2854988 -0.1652543
    endloop
  endfacet
  facet normal -0.5868178 -0.2129537 0.7812142
    outer loop
      vertex -0.4601853 1.4508798 -0.0224306
      vertex -0.5903065 1.2854988 -0.1652543
      vertex -0.4257064 1.3831018 -0.0150072
    endloop
  endfacet
  facet normal -0.7035826 0.1045444 0.7028812
    outer loop
      vertex -0.4257064 1.3831018 -0.0150072
      vertex -0.5903065 1.2854988 -0.1652543
      vertex -0.5742712 1.2156318 -0.1388113
    endloop
  endfacet
  facet normal -0.7036089 0.1045924 0.7028478
    outer loop
      vertex -0.4257064 1.3831018 -0.0150072
      vertex -0.5742712 1.2156318 -0.1388113
      vertex -0.4084241 1.3139787 0.0125802
    endloop
  endfacet
  facet normal -0.7355238 0.4094944 0.5397399
    outer loop
      vertex -0.4084241 1.3139787 0.0125802
      vertex -0.5742712 1.2156318 -0.1388113
      vertex -0.5776222 1.1526913 -0.0956255
    endloop
  endfacet
  facet normal -0.7355356 0.4095415 0.5396881
    outer loop
      vertex -0.4084241 1.3139787 0.0125802
      vertex -0.5776222 1.1526913 -0.0956255
      vertex -0.4104227 1.2518477 0.0570043
    endloop
  endfacet
  facet normal -0.6787446 0.6650412 0.3114898
    outer loop
      vertex -0.4104227 1.2518477 0.0570043
      vertex -0.5776222 1.1526913 -0.0956255
      vertex -0.5999553 1.1042686 -0.0409059
    endloop
  endfacet
  facet normal -0.6787375 0.6650876 0.3114062
    outer loop
      vertex -0.4104227 1.2518477 0.0570043
      vertex -0.5999553 1.1042686 -0.0409059
      vertex -0.4314613 1.2042028 0.1129068
    endloop
  endfacet
  facet normal -0.5401064 0.8403567 0.0456683
    outer loop
      vertex -0.4314613 1.2042028 0.1129068
      vertex -0.5999553 1.1042686 -0.0409059
      vertex -0.6385768 1.0762044 0.0187475
    endloop
  endfacet
  facet normal -0.5400708 0.8403861 0.0455499
    outer loop
      vertex -0.4314613 1.2042028 0.1129068
      vertex -0.6385768 1.0762044 0.0187475
      vertex -0.4690022 1.1767906 0.1735451
    endloop
  endfacet
  facet normal -0.3363413 0.9143044 -0.2256590
    outer loop
      vertex -0.4690022 1.1767906 0.1735451
      vertex -0.6385768 1.0762044 0.0187475
      vertex -0.6888283 1.0718835 0.0761398
    endloop
  endfacet
  facet normal -0.3362768 0.9142948 -0.2257941
    outer loop
      vertex -0.4690022 1.1767906 0.1735451
      vertex -0.6888283 1.0718835 0.0761398
      vertex -0.5185175 1.1729174 0.2316053
    endloop
  endfacet
  facet normal -0.0920241 0.8779795 -0.4697697
    outer loop
      vertex -0.5185175 1.1729174 0.2316053
      vertex -0.6888283 1.0718835 0.0761398
      vertex -0.7446488 1.0918272 0.1243484
    endloop
  endfacet
  facet normal -0.0919465 0.8779230 -0.4698905
    outer loop
      vertex -0.5185175 1.1729174 0.2316053
      vertex -0.7446488 1.0918272 0.1243484
      vertex -0.5740349 1.1930505 0.2800845
    endloop
  endfacet
  facet normal 0.1633911 0.7357698 -0.6572261
    outer loop
      vertex -0.5740349 1.1930505 0.2800845
      vertex -0.7446488 1.0918272 0.1243484
      vertex -0.7993055 1.1336299 0.1575588
    endloop
  endfacet
  facet normal 0.1634590 0.7356814 -0.6573081
    outer loop
      vertex -0.5740349 1.1930505 0.2800845
      vertex -0.7993055 1.1336299 0.1575588
      vertex -0.6288582 1.2347614 0.3131354
    endloop
  endfacet
  facet normal 0.3991127 0.5048215 -0.7654177
    outer loop
      vertex -0.6288582 1.2347614 0.3131354
      vertex -0.7993055 1.1336299 0.1575588
      vertex -0.8462061 1.1922496 0.1717653
    endloop
  endfacet
  facet normal 0.3991559 0.5047288 -0.7654563
    outer loop
      vertex -0.6288582 1.2347614 0.3131354
      vertex -0.8462061 1.1922496 0.1717653
      vertex -0.6763749 1.2930193 0.3267715
    endloop
  endfacet
  facet normal 0.5867135 0.2129794 -0.7812855
    outer loop
      vertex -0.6763749 1.2930193 0.3267715
      vertex -0.8462061 1.1922496 0.1717653
      vertex -0.8796935 1.2606159 0.1652543
    endloop
  endfacet
  facet normal 0.5867319 0.2129013 -0.7812930
    outer loop
      vertex -0.6763749 1.2930193 0.3267715
      vertex -0.8796935 1.2606159 0.1652543
      vertex -0.7108538 1.3607973 0.3193481
    endloop
  endfacet
  facet normal 0.7035563 -0.1045596 -0.7029053
    outer loop
      vertex -0.7108538 1.3607973 0.3193481
      vertex -0.8796935 1.2606159 0.1652543
      vertex -0.8957288 1.3304828 0.1388113
    endloop
  endfacet
  facet normal 0.7035569 -0.1046243 -0.7028951
    outer loop
      vertex -0.7108538 1.3607973 0.3193481
      vertex -0.8957288 1.3304828 0.1388113
      vertex -0.7281361 1.4299204 0.2917607
    endloop
  endfacet
  facet normal 0.7355337 -0.4094886 -0.5397307
    outer loop
      vertex -0.7281361 1.4299204 0.2917607
      vertex -0.8957288 1.3304828 0.1388113
      vertex -0.8923778 1.3934234 0.0956255
    endloop
  endfacet
  facet normal 0.7355170 -0.4095529 -0.5397048
    outer loop
      vertex -0.7281361 1.4299204 0.2917607
      vertex -0.8923778 1.3934234 0.0956255
      vertex -0.7261375 1.4920514 0.2473366
    endloop
  endfacet
  facet normal 0.6787814 -0.6650197 -0.3114558
    outer loop
      vertex -0.7261375 1.4920514 0.2473366
      vertex -0.8923778 1.3934234 0.0956255
      vertex -0.8700447 1.4418461 0.0409059
    endloop
  endfacet
  facet normal 0.6787361 -0.6650885 -0.3114074
    outer loop
      vertex -0.7261375 1.4920514 0.2473366
      vertex -0.8700447 1.4418461 0.0409059
      vertex -0.7050989 1.5396963 0.1914341
    endloop
  endfacet
  facet normal 0.5274836 -0.8476475 -0.0570501
    outer loop
      vertex -0.8700447 1.4418461 0.0409059
      vertex -1.0357970 1.3487485 -0.1083959
      vertex -0.9981513 1.3762492 -0.1689291
    endloop
  endfacet
  facet normal 0.5276069 -0.8475639 -0.0571515
    outer loop
      vertex -0.8700447 1.4418461 0.0409059
      vertex -0.9981513 1.3762492 -0.1689291
      vertex -0.8314232 1.4699103 -0.0187475
    endloop
  endfacet
  facet normal 0.3241463 -0.9213163 0.2147216
    outer loop
      vertex -0.8314232 1.4699103 -0.0187475
      vertex -0.9981513 1.3762492 -0.1689291
      vertex -0.9491499 1.3798526 -0.2274409
    endloop
  endfacet
  facet normal 0.3243203 -0.9212815 0.2146084
    outer loop
      vertex -0.8314232 1.4699103 -0.0187475
      vertex -0.9491499 1.3798526 -0.2274409
      vertex -0.7811717 1.4742312 -0.0761398
    endloop
  endfacet
  facet normal 0.0817056 -0.8838355 0.4606072
    outer loop
      vertex -0.7811717 1.4742312 -0.0761398
      vertex -0.9491499 1.3798526 -0.2274409
      vertex -0.8947031 1.3591241 -0.2768739
    endloop
  endfacet
  facet normal 0.0819191 -0.8838687 0.4605055
    outer loop
      vertex -0.7811717 1.4742312 -0.0761398
      vertex -0.8947031 1.3591241 -0.2768739
      vertex -0.7253512 1.4542875 -0.1243484
    endloop
  endfacet
  facet normal -0.1705814 -0.7397260 0.6509282
    outer loop
      vertex -0.7253512 1.4542875 -0.1243484
      vertex -0.8947031 1.3591241 -0.2768739
      vertex -0.8413780 1.3165637 -0.3112660
    endloop
  endfacet
  facet normal -0.1703601 -0.7398302 0.6508676
    outer loop
      vertex -0.7253512 1.4542875 -0.1243484
      vertex -0.8413780 1.3165637 -0.3112660
      vertex -0.6706945 1.4124848 -0.1575588
    endloop
  endfacet
  facet normal -0.4022749 -0.5063926 0.7627197
    outer loop
      vertex -0.6706945 1.4124848 -0.1575588
      vertex -0.8413780 1.3165637 -0.3112660
      vertex -0.7956065 1.2573050 -0.3264687
    endloop
  endfacet
  facet normal -0.4020845 -0.5065451 0.7627189
    outer loop
      vertex -0.6706945 1.4124848 -0.1575588
      vertex -0.7956065 1.2573050 -0.3264687
      vertex -0.6237939 1.3538651 -0.1717653
    endloop
  endfacet
  facet normal -0.5854372 -0.2120035 0.7825074
    outer loop
      vertex -0.6237939 1.3538651 -0.1717653
      vertex -0.7956065 1.2573050 -0.3264687
      vertex -0.7629092 1.1884954 -0.3206485
    endloop
  endfacet
  facet normal -0.5853030 -0.2121669 0.7825635
    outer loop
      vertex -0.6237939 1.3538651 -0.1717653
      vertex -0.7629092 1.1884954 -0.3206485
      vertex -0.5903065 1.2854988 -0.1652543
    endloop
  endfacet
  facet normal -0.6979974 0.1079303 0.7079200
    outer loop
      vertex -0.5903065 1.2854988 -0.1652543
      vertex -0.7629092 1.1884954 -0.3206485
      vertex -0.7472298 1.1184343 -0.2945073
    endloop
  endfacet
  facet normal -0.6979229 0.1077865 0.7080153
    outer loop
      vertex -0.5903065 1.2854988 -0.1652543
      vertex -0.7472298 1.1184343 -0.2945073
      vertex -0.5742712 1.2156318 -0.1388113
    endloop
  endfacet
  facet normal -0.7263952 0.4148397 0.5479581
    outer loop
      vertex -0.5742712 1.2156318 -0.1388113
      vertex -0.7472298 1.1184343 -0.2945073
      vertex -0.7504597 1.0555722 -0.2511983
    endloop
  endfacet
  facet normal -0.7263693 0.4147275 0.5480773
    outer loop
      vertex -0.5742712 1.2156318 -0.1388113
      vertex -0.7504597 1.0555722 -0.2511983
      vertex -0.5776222 1.1526913 -0.0956255
    endloop
  endfacet
  facet normal -0.6672007 0.6717300 0.3219039
    outer loop
      vertex -0.5776222 1.1526913 -0.0956255
      vertex -0.7504597 1.0555722 -0.2511983
      vertex -0.7722092 1.0074911 -0.1959450
    endloop
  endfacet
  facet normal -0.6672134 0.6716500 0.3220444
    outer loop
      vertex -0.5776222 1.1526913 -0.0956255
      vertex -0.7722092 1.0074911 -0.1959450
      vertex -0.5999553 1.1042686 -0.0409059
    endloop
  endfacet
  facet normal -0.5275308 0.8476209 0.0570086
    outer loop
      vertex -0.5999553 1.1042686 -0.0409059
      vertex -0.7722092 1.0074911 -0.1959450
      vertex -0.8098549 0.9799904 -0.1354118
    endloop
  endfacet
  facet normal -0.5275808 0.8475786 0.0571753
    outer loop
      vertex -0.5999553 1.1042686 -0.0409059
      vertex -0.8098549 0.9799904 -0.1354118
      vertex -0.6385768 1.0762044 0.0187475
    endloop
  endfacet
  facet normal -0.3242104 0.9212808 -0.2147775
    outer loop
      vertex -0.6385768 1.0762044 0.0187475
      vertex -0.8098549 0.9799904 -0.1354118
      vertex -0.8588563 0.9763870 -0.0769000
    endloop
  endfacet
  facet normal -0.3242985 0.9212938 -0.2145884
    outer loop
      vertex -0.6385768 1.0762044 0.0187475
      vertex -0.8588563 0.9763870 -0.0769000
      vertex -0.6888283 1.0718835 0.0761398
    endloop
  endfacet
  facet normal -0.0817612 0.8838051 -0.4606557
    outer loop
      vertex -0.6888283 1.0718835 0.0761398
      vertex -0.8588563 0.9763870 -0.0769000
      vertex -0.9133031 0.9971155 -0.0274670
    endloop
  endfacet
  facet normal -0.0818774 0.8838926 -0.4604671
    outer loop
      vertex -0.6888283 1.0718835 0.0761398
      vertex -0.9133031 0.9971155 -0.0274670
      vertex -0.7446488 1.0918272 0.1243484
    endloop
  endfacet
  facet normal 0.1705557 0.7397121 -0.6509507
    outer loop
      vertex -0.7446488 1.0918272 0.1243484
      vertex -0.9133031 0.9971155 -0.0274670
      vertex -0.9666282 1.0396758 0.0069250
    endloop
  endfacet
  facet normal 0.1704365 0.7398744 -0.6507975
    outer loop
      vertex -0.7446488 1.0918272 0.1243484
      vertex -0.9666282 1.0396758 0.0069250
      vertex -0.7993055 1.1336299 0.1575588
    endloop
  endfacet
  facet normal 0.4022863 0.5063988 -0.7627096
    outer loop
      vertex -0.7993055 1.1336299 0.1575588
      vertex -0.9666282 1.0396758 0.0069250
      vertex -1.0123997 1.0989346 0.0221278
    endloop
  endfacet
  facet normal 0.4021944 0.5066087 -0.7626187
    outer loop
      vertex -0.7993055 1.1336299 0.1575588
      vertex -1.0123997 1.0989346 0.0221278
      vertex -0.8462061 1.1922496 0.1717653
    endloop
  endfacet
  facet normal 0.5854753 0.2120245 -0.7824732
    outer loop
      vertex -0.8462061 1.1922496 0.1717653
      vertex -1.0123997 1.0989346 0.0221278
      vertex -1.0450970 1.1677442 0.0163076
    endloop
  endfacet
  facet normal 0.5854297 0.2122399 -0.7824489
    outer loop
      vertex -0.8462061 1.1922496 0.1717653
      vertex -1.0450970 1.1677442 0.0163076
      vertex -0.8796935 1.2606159 0.1652543
    endloop
  endfacet
  facet normal 0.6980396 -0.1079067 -0.7078820
    outer loop
      vertex -0.8796935 1.2606159 0.1652543
      vertex -1.0450970 1.1677442 0.0163076
      vertex -1.0607764 1.2378053 -0.0098336
    endloop
  endfacet
  facet normal 0.6980416 -0.1077189 -0.7079086
    outer loop
      vertex -0.8796935 1.2606159 0.1652543
      vertex -1.0607764 1.2378053 -0.0098336
      vertex -0.8957288 1.3304828 0.1388113
    endloop
  endfacet
  facet normal 0.7264172 -0.4148272 -0.5479384
    outer loop
      vertex -0.8957288 1.3304828 0.1388113
      vertex -1.0607764 1.2378053 -0.0098336
      vertex -1.0575465 1.3006674 -0.0531426
    endloop
  endfacet
  facet normal 0.7264588 -0.4146771 -0.5479968
    outer loop
      vertex -0.8957288 1.3304828 0.1388113
      vertex -1.0575465 1.3006674 -0.0531426
      vertex -0.8923778 1.3934234 0.0956255
    endloop
  endfacet
  facet normal 0.6671875 -0.6717374 -0.3219156
    outer loop
      vertex -0.8923778 1.3934234 0.0956255
      vertex -1.0575465 1.3006674 -0.0531426
      vertex -1.0357970 1.3487485 -0.1083959
    endloop
  endfacet
  facet normal 0.6672662 -0.6716204 -0.3219966
    outer loop
      vertex -0.8923778 1.3934234 0.0956255
      vertex -1.0357970 1.3487485 -0.1083959
      vertex -0.8700447 1.4418461 0.0409059
    endloop
  endfacet
  facet normal 0.5180215 -0.8529182 -0.0646860
    outer loop
      vertex -1.0357970 1.3487485 -0.1083959
      vertex -1.2108143 1.2534060 -0.2528381
      vertex -1.1761953 1.2792125 -0.3158723
    endloop
  endfacet
  facet normal 0.5183724 -0.8526809 -0.0650030
    outer loop
      vertex -1.0357970 1.3487485 -0.1083959
      vertex -1.1761953 1.2792125 -0.3158723
      vertex -0.9981513 1.3762492 -0.1689291
    endloop
  endfacet
  facet normal 0.3241840 -0.9211250 0.2154841
    outer loop
      vertex -0.9981513 1.3762492 -0.1689291
      vertex -1.1761953 1.2792125 -0.3158723
      vertex -1.1301463 1.2811636 -0.3768102
    endloop
  endfacet
  facet normal 0.3246427 -0.9210406 0.2151543
    outer loop
      vertex -0.9981513 1.3762492 -0.1689291
      vertex -1.1301463 1.2811636 -0.3768102
      vertex -0.9491499 1.3798526 -0.2274409
    endloop
  endfacet
  facet normal 0.0912657 -0.8781465 0.4696055
    outer loop
      vertex -0.9491499 1.3798526 -0.2274409
      vertex -1.1301463 1.2811636 -0.3768102
      vertex -1.0782214 1.2590239 -0.4283020
    endloop
  endfacet
  facet normal 0.0917649 -0.8782369 0.4693391
    outer loop
      vertex -0.9491499 1.3798526 -0.2274409
      vertex -1.0782214 1.2590239 -0.4283020
      vertex -0.8947031 1.3591241 -0.2768739
    endloop
  endfacet
  facet normal -0.1525967 -0.7292591 0.6670048
    outer loop
      vertex -0.8947031 1.3591241 -0.2768739
      vertex -1.0782214 1.2590239 -0.4283020
      vertex -1.0266837 1.2154639 -0.4641368
    endloop
  endfacet
  facet normal -0.1521374 -0.7294894 0.6668578
    outer loop
      vertex -0.8947031 1.3591241 -0.2768739
      vertex -1.0266837 1.2154639 -0.4641368
      vertex -0.8413780 1.3165637 -0.3112660
    endloop
  endfacet
  facet normal -0.3780120 -0.4925057 0.7839293
    outer loop
      vertex -0.8413780 1.3165637 -0.3112660
      vertex -1.0266837 1.2154639 -0.4641368
      vertex -0.9817492 1.1557375 -0.4799926
    endloop
  endfacet
  facet normal -0.3776479 -0.4928082 0.7839147
    outer loop
      vertex -0.8413780 1.3165637 -0.3112660
      vertex -0.9817492 1.1557375 -0.4799926
      vertex -0.7956065 1.2573050 -0.3264687
    endloop
  endfacet
  facet normal -0.5578635 -0.1964388 0.8063498
    outer loop
      vertex -0.7956065 1.2573050 -0.3264687
      vertex -0.9817492 1.1557375 -0.4799926
      vertex -0.9488378 1.0870486 -0.4739569
    endloop
  endfacet
  facet normal -0.5576084 -0.1967546 0.8064493
    outer loop
      vertex -0.7956065 1.2573050 -0.3264687
      vertex -0.9488378 1.0870486 -0.4739569
      vertex -0.7629092 1.1884954 -0.3206485
    endloop
  endfacet
  facet normal -0.6705118 0.1233184 0.7315781
    outer loop
      vertex -0.7629092 1.1884954 -0.3206485
      vertex -0.9488378 1.0870486 -0.4739569
      vertex -0.9319190 1.0176821 -0.4467577
    endloop
  endfacet
  facet normal -0.6703535 0.1230172 0.7317738
    outer loop
      vertex -0.7629092 1.1884954 -0.3206485
      vertex -0.9319190 1.0176821 -0.4467577
      vertex -0.7472298 1.1184343 -0.2945073
    endloop
  endfacet
  facet normal -0.7023494 0.4282835 0.5685759
    outer loop
      vertex -0.7472298 1.1184343 -0.2945073
      vertex -0.9319190 1.0176821 -0.4467577
      vertex -0.9330336 0.9560047 -0.4016755
    endloop
  endfacet
  facet normal -0.7022787 0.4280082 0.5688705
    outer loop
      vertex -0.7472298 1.1184343 -0.2945073
      vertex -0.9330336 0.9560047 -0.4016755
      vertex -0.7504597 1.0555722 -0.2511983
    endloop
  endfacet
  facet normal -0.6494565 0.6816750 0.3369355
    outer loop
      vertex -0.7504597 1.0555722 -0.2511983
      vertex -0.9330336 0.9560047 -0.4016755
      vertex -0.9520471 0.9094554 -0.3441480
    endloop
  endfacet
  facet normal -0.6494809 0.6814520 0.3373391
    outer loop
      vertex -0.7504597 1.0555722 -0.2511983
      vertex -0.9520471 0.9094554 -0.3441480
      vertex -0.7722092 1.0074911 -0.1959450
    endloop
  endfacet
  facet normal -0.5181455 0.8528502 0.0645901
    outer loop
      vertex -0.7722092 1.0074911 -0.1959450
      vertex -0.9520471 0.9094554 -0.3441480
      vertex -0.9866661 0.8836489 -0.2811139
    endloop
  endfacet
  facet normal -0.5182754 0.8527334 0.0650872
    outer loop
      vertex -0.7722092 1.0074911 -0.1959450
      vertex -0.9866661 0.8836489 -0.2811139
      vertex -0.8098549 0.9799904 -0.1354118
    endloop
  endfacet
  facet normal -0.3242623 0.9210833 -0.2155446
    outer loop
      vertex -0.8098549 0.9799904 -0.1354118
      vertex -0.9866661 0.8836489 -0.2811139
      vertex -1.0327151 0.8816978 -0.2201759
    endloop
  endfacet
  facet normal -0.3244836 0.9211290 -0.2150156
    outer loop
      vertex -0.8098549 0.9799904 -0.1354118
      vertex -1.0327151 0.8816978 -0.2201759
      vertex -0.8588563 0.9763870 -0.0769000
    endloop
  endfacet
  facet normal -0.0912670 0.8781458 -0.4696065
    outer loop
      vertex -0.8588563 0.9763870 -0.0769000
      vertex -1.0327151 0.8816978 -0.2201759
      vertex -1.0846400 0.9038375 -0.1686842
    endloop
  endfacet
  facet normal -0.0915301 0.8783698 -0.4691362
    outer loop
      vertex -0.8588563 0.9763870 -0.0769000
      vertex -1.0846400 0.9038375 -0.1686842
      vertex -0.9133031 0.9971155 -0.0274670
    endloop
  endfacet
  facet normal 0.1526665 0.7292957 -0.6669488
    outer loop
      vertex -0.9133031 0.9971155 -0.0274670
      vertex -1.0846400 0.9038375 -0.1686842
      vertex -1.1361778 0.9473975 -0.1328493
    endloop
  endfacet
  facet normal 0.1524273 0.7296538 -0.6666118
    outer loop
      vertex -0.9133031 0.9971155 -0.0274670
      vertex -1.1361778 0.9473975 -0.1328493
      vertex -0.9666282 1.0396758 0.0069250
    endloop
  endfacet
  facet normal 0.3781134 0.4925600 -0.7838462
    outer loop
      vertex -0.9666282 1.0396758 0.0069250
      vertex -1.1361778 0.9473975 -0.1328493
      vertex -1.1811122 1.0071239 -0.1169935
    endloop
  endfacet
  facet normal 0.3779463 0.4929749 -0.7836660
    outer loop
      vertex -0.9666282 1.0396758 0.0069250
      vertex -1.1811122 1.0071239 -0.1169935
      vertex -1.0123997 1.0989346 0.0221278
    endloop
  endfacet
  facet normal 0.5579434 0.1964829 -0.8062838
    outer loop
      vertex -1.0123997 1.0989346 0.0221278
      vertex -1.1811122 1.0071239 -0.1169935
      vertex -1.2140236 1.0758128 -0.1230292
    endloop
  endfacet
  facet normal 0.5578638 0.1968937 -0.8062387
    outer loop
      vertex -1.0123997 1.0989346 0.0221278
      vertex -1.2140236 1.0758128 -0.1230292
      vertex -1.0450970 1.1677442 0.0163076
    endloop
  endfacet
  facet normal 0.6705277 -0.1233094 -0.7315650
    outer loop
      vertex -1.0450970 1.1677442 0.0163076
      vertex -1.2140236 1.0758128 -0.1230292
      vertex -1.2309424 1.1451793 -0.1502285
    endloop
  endfacet
  facet normal 0.6705340 -0.1229211 -0.7316246
    outer loop
      vertex -1.0450970 1.1677442 0.0163076
      vertex -1.2309424 1.1451793 -0.1502285
      vertex -1.0607764 1.2378053 -0.0098336
    endloop
  endfacet
  facet normal 0.7022880 -0.4283185 -0.5686254
    outer loop
      vertex -1.0607764 1.2378053 -0.0098336
      vertex -1.2309424 1.1451793 -0.1502285
      vertex -1.2298278 1.2068567 -0.1953106
    endloop
  endfacet
  facet normal 0.7023885 -0.4279504 -0.5687784
    outer loop
      vertex -1.0607764 1.2378053 -0.0098336
      vertex -1.2298278 1.2068567 -0.1953106
      vertex -1.0575465 1.3006674 -0.0531426
    endloop
  endfacet
  facet normal 0.6493396 -0.6817408 -0.3370274
    outer loop
      vertex -1.0575465 1.3006674 -0.0531426
      vertex -1.2298278 1.2068567 -0.1953106
      vertex -1.2108143 1.2534060 -0.2528381
    endloop
  endfacet
  facet normal 0.6495581 -0.6814111 -0.3372731
    outer loop
      vertex -1.0575465 1.3006674 -0.0531426
      vertex -1.2108143 1.2534060 -0.2528381
      vertex -1.0357970 1.3487485 -0.1083959
    endloop
  endfacet
  facet normal 0.5226719 -0.8503435 -0.0610744
    outer loop
      vertex -1.2108143 1.2534060 -0.2528381
      vertex -1.4006621 1.1464352 -0.3881843
      vertex -1.3708500 1.1695321 -0.4546338
    endloop
  endfacet
  facet normal 0.5226737 -0.8503422 -0.0610763
    outer loop
      vertex -1.2108143 1.2534060 -0.2528381
      vertex -1.3708500 1.1695321 -0.4546338
      vertex -1.1761953 1.2792125 -0.3158723
    endloop
  endfacet
  facet normal 0.3462922 -0.9088371 0.2325874
    outer loop
      vertex -1.1761953 1.2792125 -0.3158723
      vertex -1.3708500 1.1695321 -0.4546338
      vertex -1.3289365 1.1691539 -0.5185154
    endloop
  endfacet
  facet normal 0.3462942 -0.9088367 0.2325857
    outer loop
      vertex -1.1761953 1.2792125 -0.3158723
      vertex -1.3289365 1.1691539 -0.5185154
      vertex -1.1301463 1.2811636 -0.3768102
    endloop
  endfacet
  facet normal 0.1282472 -0.8576395 0.4980031
    outer loop
      vertex -1.1301463 1.2811636 -0.3768102
      vertex -1.3289365 1.1691539 -0.5185154
      vertex -1.2799769 1.1453462 -0.5721243
    endloop
  endfacet
  facet normal 0.1282020 -0.8576300 0.4980311
    outer loop
      vertex -1.1301463 1.2811636 -0.3768102
      vertex -1.2799769 1.1453462 -0.5721243
      vertex -1.0782214 1.2590239 -0.4283020
    endloop
  endfacet
  facet normal -0.1051268 -0.7031396 0.7032375
    outer loop
      vertex -1.0782214 1.2590239 -0.4283020
      vertex -1.2799769 1.1453462 -0.5721243
      vertex -1.2298765 1.1009806 -0.6089942
    endloop
  endfacet
  facet normal -0.1052442 -0.7030777 0.7032818
    outer loop
      vertex -1.0782214 1.2590239 -0.4283020
      vertex -1.2298765 1.1009806 -0.6089942
      vertex -1.0266837 1.2154639 -0.4641368
    endloop
  endfacet
  facet normal -0.3257856 -0.4640459 0.8237264
    outer loop
      vertex -1.0266837 1.2154639 -0.4641368
      vertex -1.2298765 1.1009806 -0.6089942
      vertex -1.1846781 1.0414081 -0.6246783
    endloop
  endfacet
  facet normal -0.3259515 -0.4639071 0.8237390
    outer loop
      vertex -1.0266837 1.2154639 -0.4641368
      vertex -1.1846781 1.0414081 -0.6246783
      vertex -0.9817492 1.1557375 -0.4799926
    endloop
  endfacet
  facet normal -0.5072603 -0.1690597 0.8450478
    outer loop
      vertex -0.9817492 1.1557375 -0.4799926
      vertex -1.1846781 1.0414081 -0.6246783
      vertex -1.1498334 0.9738142 -0.6172847
    endloop
  endfacet
  facet normal -0.5074168 -0.1688725 0.8449913
    outer loop
      vertex -0.9817492 1.1557375 -0.4799926
      vertex -1.1498334 0.9738142 -0.6172847
      vertex -0.9488378 1.0870486 -0.4739569
    endloop
  endfacet
  facet normal -0.6277016 0.1464529 0.7645536
    outer loop
      vertex -0.9488378 1.0870486 -0.4739569
      vertex -1.1498334 0.9738142 -0.6172847
      vertex -1.1295451 0.9063517 -0.5877052
    endloop
  endfacet
  facet normal -0.6277995 0.1466218 0.7644408
    outer loop
      vertex -0.9488378 1.0870486 -0.4739569
      vertex -1.1295451 0.9063517 -0.5877052
      vertex -0.9319190 1.0176821 -0.4467577
    endloop
  endfacet
  facet normal -0.6724669 0.4445190 0.5917696
    outer loop
      vertex -0.9319190 1.0176821 -0.4467577
      vertex -1.1295451 0.9063517 -0.5877052
      vertex -1.1262603 0.8471575 -0.5395076
    endloop
  endfacet
  facet normal -0.6724996 0.4446163 0.5916592
    outer loop
      vertex -0.9319190 1.0176821 -0.4467577
      vertex -1.1262603 0.8471575 -0.5395076
      vertex -0.9330336 0.9560047 -0.4016755
    endloop
  endfacet
  facet normal -0.6359898 0.6890610 0.3474361
    outer loop
      vertex -0.9330336 0.9560047 -0.4016755
      vertex -1.1262603 0.8471575 -0.5395076
      vertex -1.1403752 0.8033713 -0.4785052
    endloop
  endfacet
  facet normal -0.6359898 0.6890872 0.3473841
    outer loop
      vertex -0.9330336 0.9560047 -0.4016755
      vertex -1.1403752 0.8033713 -0.4785052
      vertex -0.9520471 0.9094554 -0.3441480
    endloop
  endfacet
  facet normal -0.5226120 0.8503775 0.0611130
    outer loop
      vertex -0.9520471 0.9094554 -0.3441480
      vertex -1.1403752 0.8033713 -0.4785052
      vertex -1.1701873 0.7802744 -0.4120558
    endloop
  endfacet
  facet normal -0.5226139 0.8503756 0.0611228
    outer loop
      vertex -0.9520471 0.9094554 -0.3441480
      vertex -1.1701873 0.7802744 -0.4120558
      vertex -0.9866661 0.8836489 -0.2811139
    endloop
  endfacet
  facet normal -0.3461179 0.9089326 -0.2324735
    outer loop
      vertex -0.9866661 0.8836489 -0.2811139
      vertex -1.1701873 0.7802744 -0.4120558
      vertex -1.2121008 0.7806526 -0.3481741
    endloop
  endfacet
  facet normal -0.3461247 0.9089349 -0.2324544
    outer loop
      vertex -0.9866661 0.8836489 -0.2811139
      vertex -1.2121008 0.7806526 -0.3481741
      vertex -1.0327151 0.8816978 -0.2201759
    endloop
  endfacet
  facet normal -0.1279698 0.8577894 -0.4978163
    outer loop
      vertex -1.0327151 0.8816978 -0.2201759
      vertex -1.2121008 0.7806526 -0.3481741
      vertex -1.2610604 0.8044603 -0.2945653
    endloop
  endfacet
  facet normal -0.1279556 0.8577749 -0.4978449
    outer loop
      vertex -1.0327151 0.8816978 -0.2201759
      vertex -1.2610604 0.8044603 -0.2945653
      vertex -1.0846400 0.9038375 -0.1686842
    endloop
  endfacet
  facet normal 0.1054460 0.7033147 -0.7030146
    outer loop
      vertex -1.0846400 0.9038375 -0.1686842
      vertex -1.2610604 0.8044603 -0.2945653
      vertex -1.3111608 0.8488259 -0.2576953
    endloop
  endfacet
  facet normal 0.1054992 0.7032261 -0.7030953
    outer loop
      vertex -1.0846400 0.9038375 -0.1686842
      vertex -1.3111608 0.8488259 -0.2576953
      vertex -1.1361778 0.9473975 -0.1328493
    endloop
  endfacet
  facet normal 0.3260671 0.4642064 -0.8235245
    outer loop
      vertex -1.1361778 0.9473975 -0.1328493
      vertex -1.3111608 0.8488259 -0.2576953
      vertex -1.3563592 0.9083984 -0.2420113
    endloop
  endfacet
  facet normal 0.3261407 0.4640136 -0.8236040
    outer loop
      vertex -1.1361778 0.9473975 -0.1328493
      vertex -1.3563592 0.9083984 -0.2420113
      vertex -1.1811122 1.0071239 -0.1169935
    endloop
  endfacet
  facet normal 0.5074446 0.1691692 -0.8449153
    outer loop
      vertex -1.1811122 1.0071239 -0.1169935
      vertex -1.3563592 0.9083984 -0.2420113
      vertex -1.3912039 0.9759923 -0.2494049
    endloop
  endfacet
  facet normal 0.5074952 0.1689149 -0.8449358
    outer loop
      vertex -1.1811122 1.0071239 -0.1169935
      vertex -1.3912039 0.9759923 -0.2494049
      vertex -1.2140236 1.0758128 -0.1230292
    endloop
  endfacet
  facet normal 0.6277738 -0.1464089 -0.7645028
    outer loop
      vertex -1.2140236 1.0758128 -0.1230292
      vertex -1.3912039 0.9759923 -0.2494049
      vertex -1.4114922 1.0434548 -0.2789843
    endloop
  endfacet
  facet normal 0.6277755 -0.1466345 -0.7644581
    outer loop
      vertex -1.2140236 1.0758128 -0.1230292
      vertex -1.4114922 1.0434548 -0.2789843
      vertex -1.2309424 1.1451793 -0.1502285
    endloop
  endfacet
  facet normal 0.6724622 -0.4445218 -0.5917727
    outer loop
      vertex -1.2309424 1.1451793 -0.1502285
      vertex -1.4114922 1.0434548 -0.2789843
      vertex -1.4147770 1.1026490 -0.3271819
    endloop
  endfacet
  facet normal 0.6724316 -0.4446520 -0.5917096
    outer loop
      vertex -1.2309424 1.1451793 -0.1502285
      vertex -1.4147770 1.1026490 -0.3271819
      vertex -1.2298278 1.2068567 -0.1953106
    endloop
  endfacet
  facet normal 0.6359794 -0.6890672 -0.3474430
    outer loop
      vertex -1.2298278 1.2068567 -0.1953106
      vertex -1.4147770 1.1026490 -0.3271819
      vertex -1.4006621 1.1464352 -0.3881843
    endloop
  endfacet
  facet normal 0.6359559 -0.6891055 -0.3474101
    outer loop
      vertex -1.2298278 1.2068567 -0.1953106
      vertex -1.4006621 1.1464352 -0.3881843
      vertex -1.2108143 1.2534060 -0.2528381
    endloop
  endfacet
  facet normal 0.5499726 -0.8339722 -0.0449495
    outer loop
      vertex -1.4006621 1.1464352 -0.3881843
      vertex -1.6066258 1.0171362 -0.5092672
      vertex -1.5828168 1.0366070 -0.5792084
    endloop
  endfacet
  facet normal 0.5490994 -0.8346112 -0.0437495
    outer loop
      vertex -1.4006621 1.1464352 -0.3881843
      vertex -1.5828168 1.0366070 -0.5792084
      vertex -1.3708500 1.1695321 -0.4546338
    endloop
  endfacet
  facet normal 0.3966077 -0.8793657 0.2634736
    outer loop
      vertex -1.3708500 1.1695321 -0.4546338
      vertex -1.5828168 1.0366070 -0.5792084
      vertex -1.5455098 1.0334772 -0.6458128
    endloop
  endfacet
  facet normal 0.3954403 -0.8795350 0.2646605
    outer loop
      vertex -1.3708500 1.1695321 -0.4546338
      vertex -1.5455098 1.0334772 -0.6458128
      vertex -1.3289365 1.1691539 -0.5185154
    endloop
  endfacet
  facet normal 0.1956261 -0.8187396 0.5398109
    outer loop
      vertex -1.3289365 1.1691539 -0.5185154
      vertex -1.5455098 1.0334772 -0.6458128
      vertex -1.4992045 1.0081243 -0.7010469
    endloop
  endfacet
  facet normal 0.1942180 -0.8184036 0.5408280
    outer loop
      vertex -1.3289365 1.1691539 -0.5185154
      vertex -1.4992045 1.0081243 -0.7010469
      vertex -1.2799769 1.1453462 -0.5721243
    endloop
  endfacet
  facet normal -0.0287364 -0.6596725 0.7510036
    outer loop
      vertex -1.2799769 1.1453462 -0.5721243
      vertex -1.4992045 1.0081243 -0.7010469
      vertex -1.4494861 0.9636062 -0.7382486
    endloop
  endfacet
  facet normal -0.0302673 -0.6588497 0.7516655
    outer loop
      vertex -1.2799769 1.1453462 -0.5721243
      vertex -1.4494861 0.9636062 -0.7382486
      vertex -1.2298765 1.1009806 -0.6089942
    endloop
  endfacet
  facet normal -0.2496260 -0.4212979 0.8718916
    outer loop
      vertex -1.2298765 1.1009806 -0.6089942
      vertex -1.4494861 0.9636062 -0.7382486
      vertex -1.4023513 0.9052924 -0.7529310
    endloop
  endfacet
  facet normal -0.2511050 -0.4201053 0.8720423
    outer loop
      vertex -1.2298765 1.1009806 -0.6089942
      vertex -1.4023513 0.9052924 -0.7529310
      vertex -1.1846781 1.0414081 -0.6246783
    endloop
  endfacet
  facet normal -0.4406003 -0.1320467 0.8879387
    outer loop
      vertex -1.1846781 1.0414081 -0.6246783
      vertex -1.4023513 0.9052924 -0.7529310
      vertex -1.3634853 0.8402165 -0.7433230
    endloop
  endfacet
  facet normal -0.4418459 -0.1306928 0.8875199
    outer loop
      vertex -1.1846781 1.0414081 -0.6246783
      vertex -1.3634853 0.8402165 -0.7433230
      vertex -1.1498334 0.9738142 -0.6172847
    endloop
  endfacet
  facet normal -0.5786080 0.1734697 0.7969448
    outer loop
      vertex -1.1498334 0.9738142 -0.6172847
      vertex -1.3634853 0.8402165 -0.7433230
      vertex -1.3375759 0.7762275 -0.7105835
    endloop
  endfacet
  facet normal -0.5794941 0.1747477 0.7960212
    outer loop
      vertex -1.1498334 0.9738142 -0.6172847
      vertex -1.3375759 0.7762275 -0.7105835
      vertex -1.1295451 0.9063517 -0.5877052
    endloop
  endfacet
  facet normal -0.6467719 0.4583642 0.6095805
    outer loop
      vertex -1.1295451 0.9063517 -0.5877052
      vertex -1.3375759 0.7762275 -0.7105835
      vertex -1.3277482 0.7210435 -0.6586615
    endloop
  endfacet
  facet normal -0.6472597 0.4593767 0.6082992
    outer loop
      vertex -1.1295451 0.9063517 -0.5877052
      vertex -1.3277482 0.7210435 -0.6586615
      vertex -1.1262603 0.8471575 -0.5395076
    endloop
  endfacet
  facet normal -0.6366450 0.6879624 0.3484118
    outer loop
      vertex -1.1262603 0.8471575 -0.5395076
      vertex -1.3277482 0.7210435 -0.6586615
      vertex -1.3351875 0.6813205 -0.5938194
    endloop
  endfacet
  facet normal -0.6367658 0.6886011 0.3469264
    outer loop
      vertex -1.1262603 0.8471575 -0.5395076
      vertex -1.3351875 0.6813205 -0.5938194
      vertex -1.1403752 0.8033713 -0.4785052
    endloop
  endfacet
  facet normal -0.5494560 0.8342983 0.0452162
    outer loop
      vertex -1.1403752 0.8033713 -0.4785052
      vertex -1.3351875 0.6813205 -0.5938194
      vertex -1.3589965 0.6618497 -0.5238782
    endloop
  endfacet
  facet normal -0.5492647 0.8345082 0.0436395
    outer loop
      vertex -1.1403752 0.8033713 -0.4785052
      vertex -1.3589965 0.6618497 -0.5238782
      vertex -1.1701873 0.7802744 -0.4120558
    endloop
  endfacet
  facet normal -0.3959622 0.8797592 -0.2631305
    outer loop
      vertex -1.1701873 0.7802744 -0.4120558
      vertex -1.3589965 0.6618497 -0.5238782
      vertex -1.3963035 0.6649795 -0.4572738
    endloop
  endfacet
  facet normal -0.3955099 0.8794900 -0.2647059
    outer loop
      vertex -1.1701873 0.7802744 -0.4120558
      vertex -1.3963035 0.6649795 -0.4572738
      vertex -1.2121008 0.7806526 -0.3481741
    endloop
  endfacet
  facet normal -0.1949227 0.8191667 -0.5394173
    outer loop
      vertex -1.2121008 0.7806526 -0.3481741
      vertex -1.3963035 0.6649795 -0.4572738
      vertex -1.4426088 0.6903324 -0.4020397
    endloop
  endfacet
  facet normal -0.1942723 0.8183683 -0.5408618
    outer loop
      vertex -1.2121008 0.7806526 -0.3481741
      vertex -1.4426088 0.6903324 -0.4020397
      vertex -1.2610604 0.8044603 -0.2945653
    endloop
  endfacet
  facet normal 0.0293995 0.6600871 -0.7506136
    outer loop
      vertex -1.2610604 0.8044603 -0.2945653
      vertex -1.4426088 0.6903324 -0.4020397
      vertex -1.4923272 0.7348506 -0.3648380
    endloop
  endfacet
  facet normal 0.0301392 0.6587684 -0.7517418
    outer loop
      vertex -1.2610604 0.8044603 -0.2945653
      vertex -1.4923272 0.7348506 -0.3648380
      vertex -1.3111608 0.8488259 -0.2576953
    endloop
  endfacet
  facet normal 0.2501727 0.4216567 -0.8715614
    outer loop
      vertex -1.3111608 0.8488259 -0.2576953
      vertex -1.4923272 0.7348506 -0.3648380
      vertex -1.5394620 0.7931643 -0.3501556
    endloop
  endfacet
  facet normal 0.2508451 0.4199478 -0.8721930
    outer loop
      vertex -1.3111608 0.8488259 -0.2576953
      vertex -1.5394620 0.7931643 -0.3501556
      vertex -1.3563592 0.9083984 -0.2420113
    endloop
  endfacet
  facet normal 0.4410106 0.1323280 -0.8876931
    outer loop
      vertex -1.3563592 0.9083984 -0.2420113
      vertex -1.5394620 0.7931643 -0.3501556
      vertex -1.5783280 0.8582403 -0.3597636
    endloop
  endfacet
  facet normal 0.4414586 0.1304685 -0.8877456
    outer loop
      vertex -1.3563592 0.9083984 -0.2420113
      vertex -1.5783280 0.8582403 -0.3597636
      vertex -1.3912039 0.9759923 -0.2494049
    endloop
  endfacet
  facet normal 0.5789227 -0.1732499 -0.7967641
    outer loop
      vertex -1.3912039 0.9759923 -0.2494049
      vertex -1.5783280 0.8582403 -0.3597636
      vertex -1.6042374 0.9222292 -0.3925031
    endloop
  endfacet
  facet normal 0.5790468 -0.1750006 -0.7962911
    outer loop
      vertex -1.3912039 0.9759923 -0.2494049
      vertex -1.6042374 0.9222292 -0.3925031
      vertex -1.4114922 1.0434548 -0.2789843
    endloop
  endfacet
  facet normal 0.6470740 -0.4581560 -0.6094164
    outer loop
      vertex -1.4114922 1.0434548 -0.2789843
      vertex -1.6042374 0.9222292 -0.3925031
      vertex -1.6140651 0.9774132 -0.4444251
    endloop
  endfacet
  facet normal 0.6468485 -0.4596113 -0.6085594
    outer loop
      vertex -1.4114922 1.0434548 -0.2789843
      vertex -1.6140651 0.9774132 -0.4444251
      vertex -1.4147770 1.1026490 -0.3271819
    endloop
  endfacet
  facet normal 0.6370257 -0.6877104 -0.3482137
    outer loop
      vertex -1.4147770 1.1026490 -0.3271819
      vertex -1.6140651 0.9774132 -0.4444251
      vertex -1.6066258 1.0171362 -0.5092672
    endloop
  endfacet
  facet normal 0.6364666 -0.6887785 -0.3471230
    outer loop
      vertex -1.4147770 1.1026490 -0.3271819
      vertex -1.6066258 1.0171362 -0.5092672
      vertex -1.4006621 1.1464352 -0.3881843
    endloop
  endfacet
  facet normal 0.6027858 -0.7976286 -0.0209253
    outer loop
      vertex -1.6066258 1.0171362 -0.5092672
      vertex -1.8247856 0.8549219 -0.6104311
      vertex -1.8074025 0.8699703 -0.6832948
    endloop
  endfacet
  facet normal 0.6010832 -0.7989880 -0.0178115
    outer loop
      vertex -1.6066258 1.0171362 -0.5092672
      vertex -1.8074025 0.8699703 -0.6832948
      vertex -1.5828168 1.0366070 -0.5792084
    endloop
  endfacet
  facet normal 0.4746486 -0.8273348 0.3003762
    outer loop
      vertex -1.5828168 1.0366070 -0.5792084
      vertex -1.8074025 0.8699703 -0.6832948
      vertex -1.7744562 0.8639392 -0.7519674
    endloop
  endfacet
  facet normal 0.4722048 -0.8276347 0.3033868
    outer loop
      vertex -1.5828168 1.0366070 -0.5792084
      vertex -1.7744562 0.8639392 -0.7519674
      vertex -1.5455098 1.0334772 -0.6458128
    endloop
  endfacet
  facet normal 0.2896180 -0.7574695 0.5851166
    outer loop
      vertex -1.5455098 1.0334772 -0.6458128
      vertex -1.7744562 0.8639392 -0.7519674
      vertex -1.7299206 0.8375562 -0.8081659
    endloop
  endfacet
  facet normal 0.2866041 -0.7566918 0.5876015
    outer loop
      vertex -1.5455098 1.0334772 -0.6458128
      vertex -1.7299206 0.8375562 -0.8081659
      vertex -1.4992045 1.0081243 -0.7010469
    endloop
  endfacet
  facet normal 0.0699408 -0.5966624 0.7994387
    outer loop
      vertex -1.4992045 1.0081243 -0.7010469
      vertex -1.7299206 0.8375562 -0.8081659
      vertex -1.6791673 0.7940034 -0.8451119
    endloop
  endfacet
  facet normal 0.0666383 -0.5949394 0.8010034
    outer loop
      vertex -1.4992045 1.0081243 -0.7010469
      vertex -1.6791673 0.7940034 -0.8451119
      vertex -1.4494861 0.9636062 -0.7382486
    endloop
  endfacet
  facet normal -0.1582067 -0.3640634 0.9178390
    outer loop
      vertex -1.4494861 0.9636062 -0.7382486
      vertex -1.6791673 0.7940034 -0.8451119
      vertex -1.6283179 0.7385339 -0.8583491
    endloop
  endfacet
  facet normal -0.1614485 -0.3616875 0.9182138
    outer loop
      vertex -1.4494861 0.9636062 -0.7382486
      vertex -1.6283179 0.7385339 -0.8583491
      vertex -1.4023513 0.9052924 -0.7529310
    endloop
  endfacet
  facet normal -0.3675489 -0.0872700 0.9259005
    outer loop
      vertex -1.4023513 0.9052924 -0.7529310
      vertex -1.6283179 0.7385339 -0.8583491
      vertex -1.5835055 0.6778381 -0.8462811
    endloop
  endfacet
  facet normal -0.3703911 -0.0846414 0.9250115
    outer loop
      vertex -1.4023513 0.9052924 -0.7529310
      vertex -1.5835055 0.6778381 -0.8462811
      vertex -1.3634853 0.8402165 -0.7433230
    endloop
  endfacet
  facet normal -0.5327445 0.2005537 0.8221688
    outer loop
      vertex -1.3634853 0.8402165 -0.7433230
      vertex -1.5835055 0.6778381 -0.8462811
      vertex -1.5501353 0.6192370 -0.8103633
    endloop
  endfacet
  facet normal -0.5349352 0.2030200 0.8201386
    outer loop
      vertex -1.3634853 0.8402165 -0.7433230
      vertex -1.5501353 0.6192370 -0.8103633
      vertex -1.3375759 0.7762275 -0.7105835
    endloop
  endfacet
  facet normal -0.6335204 0.4644586 0.6188135
    outer loop
      vertex -1.3375759 0.7762275 -0.7105835
      vertex -1.5501353 0.6192370 -0.8103633
      vertex -1.5322322 0.5697985 -0.7549280
    endloop
  endfacet
  facet normal -0.6349282 0.4664133 0.6158935
    outer loop
      vertex -1.3375759 0.7762275 -0.7105835
      vertex -1.5322322 0.5697985 -0.7549280
      vertex -1.3277482 0.7210435 -0.6586615
    endloop
  endfacet
  facet normal -0.6574616 0.6721582 0.3405108
    outer loop
      vertex -1.3277482 0.7210435 -0.6586615
      vertex -1.5322322 0.5697985 -0.7549280
      vertex -1.5319555 0.5354858 -0.6866615
    endloop
  endfacet
  facet normal -0.6580574 0.6733437 0.3369996
    outer loop
      vertex -1.3277482 0.7210435 -0.6586615
      vertex -1.5319555 0.5354858 -0.6866615
      vertex -1.3351875 0.6813205 -0.5938194
    endloop
  endfacet
  facet normal -0.6017784 0.7983785 0.0213205
    outer loop
      vertex -1.3351875 0.6813205 -0.5938194
      vertex -1.5319555 0.5354858 -0.6866615
      vertex -1.5493386 0.5204375 -0.6137978
    endloop
  endfacet
  facet normal -0.6015969 0.7986074 0.0175307
    outer loop
      vertex -1.3351875 0.6813205 -0.5938194
      vertex -1.5493386 0.5204375 -0.6137978
      vertex -1.3589965 0.6618497 -0.5238782
    endloop
  endfacet
  facet normal -0.4735579 0.8281241 -0.2999222
    outer loop
      vertex -1.3589965 0.6618497 -0.5238782
      vertex -1.5493386 0.5204375 -0.6137978
      vertex -1.5822849 0.5264685 -0.5451252
    endloop
  endfacet
  facet normal -0.4726852 0.8272680 -0.3036387
    outer loop
      vertex -1.3589965 0.6618497 -0.5238782
      vertex -1.5822849 0.5264685 -0.5451252
      vertex -1.3963035 0.6649795 -0.4572738
    endloop
  endfacet
  facet normal -0.2885491 0.7582486 -0.5846353
    outer loop
      vertex -1.3963035 0.6649795 -0.4572738
      vertex -1.5822849 0.5264685 -0.5451252
      vertex -1.6268205 0.5528515 -0.4889267
    endloop
  endfacet
  facet normal -0.2871473 0.7562792 -0.5878675
    outer loop
      vertex -1.3963035 0.6649795 -0.4572738
      vertex -1.6268205 0.5528515 -0.4889267
      vertex -1.4426088 0.6903324 -0.4020397
    endloop
  endfacet
  facet normal -0.0689865 0.5973862 -0.7989810
    outer loop
      vertex -1.4426088 0.6903324 -0.4020397
      vertex -1.6268205 0.5528515 -0.4889267
      vertex -1.6775739 0.5964043 -0.4519807
    endloop
  endfacet
  facet normal -0.0673145 0.5944442 -0.8013145
    outer loop
      vertex -1.4426088 0.6903324 -0.4020397
      vertex -1.6775739 0.5964043 -0.4519807
      vertex -1.4923272 0.7348506 -0.3648380
    endloop
  endfacet
  facet normal 0.1590115 0.3647070 -0.9174444
    outer loop
      vertex -1.4923272 0.7348506 -0.3648380
      vertex -1.6775739 0.5964043 -0.4519807
      vertex -1.7284233 0.6518738 -0.4387434
    endloop
  endfacet
  facet normal 0.1606289 0.3611177 -0.9185817
    outer loop
      vertex -1.4923272 0.7348506 -0.3648380
      vertex -1.7284233 0.6518738 -0.4387434
      vertex -1.5394620 0.7931643 -0.3501556
    endloop
  endfacet
  facet normal 0.3682385 0.0878445 -0.9255721
    outer loop
      vertex -1.5394620 0.7931643 -0.3501556
      vertex -1.7284233 0.6518738 -0.4387434
      vertex -1.7732356 0.7125696 -0.4508115
    endloop
  endfacet
  facet normal 0.3694877 0.0840405 -0.9254275
    outer loop
      vertex -1.5394620 0.7931643 -0.3501556
      vertex -1.7732356 0.7125696 -0.4508115
      vertex -1.5783280 0.8582403 -0.3597636
    endloop
  endfacet
  facet normal 0.5334027 -0.1999999 -0.8218769
    outer loop
      vertex -1.5783280 0.8582403 -0.3597636
      vertex -1.7732356 0.7125696 -0.4508115
      vertex -1.8066058 0.7711707 -0.4867293
    endloop
  endfacet
  facet normal 0.5340499 -0.2036000 -0.8205716
    outer loop
      vertex -1.5783280 0.8582403 -0.3597636
      vertex -1.8066058 0.7711707 -0.4867293
      vertex -1.6042374 0.9222292 -0.3925031
    endloop
  endfacet
  facet normal 0.6342448 -0.4638641 -0.6185173
    outer loop
      vertex -1.6042374 0.9222292 -0.3925031
      vertex -1.8066058 0.7711707 -0.4867293
      vertex -1.8245090 0.8206092 -0.5421646
    endloop
  endfacet
  facet normal 0.6341530 -0.4669326 -0.6162986
    outer loop
      vertex -1.6042374 0.9222292 -0.3925031
      vertex -1.8245090 0.8206092 -0.5421646
      vertex -1.6140651 0.9774132 -0.4444251
    endloop
  endfacet
  facet normal 0.6583230 -0.6714844 -0.3401757
    outer loop
      vertex -1.6140651 0.9774132 -0.4444251
      vertex -1.8245090 0.8206092 -0.5421646
      vertex -1.8247856 0.8549219 -0.6104311
    endloop
  endfacet
  facet normal 0.6574288 -0.6737858 -0.3373425
    outer loop
      vertex -1.6140651 0.9774132 -0.4444251
      vertex -1.8247856 0.8549219 -0.6104311
      vertex -1.6066258 1.0171362 -0.5092672
    endloop
  endfacet
  facet normal 0.6770300 -0.7359470 0.0035111
    outer loop
      vertex -1.8247856 0.8549219 -0.6104311
      vertex -2.0460783 0.6509826 -0.6863943
      vertex -2.0348056 0.6609956 -0.7612971
    endloop
  endfacet
  facet normal 0.6750035 -0.7377636 0.0086674
    outer loop
      vertex -1.8247856 0.8549219 -0.6104311
      vertex -2.0348056 0.6609956 -0.7612971
      vertex -1.8074025 0.8699703 -0.6832948
    endloop
  endfacet
  facet normal 0.5730319 -0.7483022 0.3341829
    outer loop
      vertex -1.8074025 0.8699703 -0.6832948
      vertex -2.0348056 0.6609956 -0.7612971
      vertex -2.0054654 0.6522037 -0.8312943
    endloop
  endfacet
  facet normal 0.5697271 -0.7486234 0.3390782
    outer loop
      vertex -1.8074025 0.8699703 -0.6832948
      vertex -2.0054654 0.6522037 -0.8312943
      vertex -1.7744562 0.8639392 -0.7519674
    endloop
  endfacet
  facet normal 0.4004212 -0.6707619 0.6242926
    outer loop
      vertex -1.7744562 0.8639392 -0.7519674
      vertex -2.0054654 0.6522037 -0.8312943
      vertex -1.9615966 0.6256674 -0.8879433
    endloop
  endfacet
  facet normal 0.3960951 -0.6696272 0.6282580
    outer loop
      vertex -1.7744562 0.8639392 -0.7519674
      vertex -1.9615966 0.6256674 -0.8879433
      vertex -1.7299206 0.8375562 -0.8081659
    endloop
  endfacet
  facet normal 0.1798610 -0.5127328 0.8394969
    outer loop
      vertex -1.7299206 0.8375562 -0.8081659
      vertex -1.9615966 0.6256674 -0.8879433
      vertex -1.9084904 0.5845873 -0.9244113
    endloop
  endfacet
  facet normal 0.1749322 -0.5103873 0.8419641
    outer loop
      vertex -1.7299206 0.8375562 -0.8081659
      vertex -1.9084904 0.5845873 -0.9244113
      vertex -1.6791673 0.7940034 -0.8451119
    endloop
  endfacet
  facet normal -0.0624942 -0.2928579 0.9541115
    outer loop
      vertex -1.6791673 0.7940034 -0.8451119
      vertex -1.9084904 0.5845873 -0.9244113
      vertex -1.8525523 0.5339183 -0.9362999
    endloop
  endfacet
  facet normal -0.0675137 -0.2897268 0.9547252
    outer loop
      vertex -1.6791673 0.7940034 -0.8451119
      vertex -1.8525523 0.5339183 -0.9362999
      vertex -1.6283179 0.7385339 -0.8583491
    endloop
  endfacet
  facet normal -0.2976961 -0.0371737 0.9539367
    outer loop
      vertex -1.6283179 0.7385339 -0.8583491
      vertex -1.8525523 0.5339183 -0.9362999
      vertex -1.8005292 0.4797719 -0.9221750
    endloop
  endfacet
  facet normal -0.3022992 -0.0337841 0.9526142
    outer loop
      vertex -1.6283179 0.7385339 -0.8583491
      vertex -1.8005292 0.4797719 -0.9221750
      vertex -1.5835055 0.6778381 -0.8462811
    endloop
  endfacet
  facet normal -0.4971968 0.2235534 0.8383431
    outer loop
      vertex -1.5835055 0.6778381 -0.8462811
      vertex -1.8005292 0.4797719 -0.9221750
      vertex -1.7586958 0.4286789 -0.8837403
    endloop
  endfacet
  facet normal -0.5009684 0.2266695 0.8352554
    outer loop
      vertex -1.5835055 0.6778381 -0.8462811
      vertex -1.7586958 0.4286789 -0.8837403
      vertex -1.5501353 0.6192370 -0.8103633
    endloop
  endfacet
  facet normal -0.6364607 0.4574624 0.6210040
    outer loop
      vertex -1.5501353 0.6192370 -0.8103633
      vertex -1.7586958 0.4286789 -0.8837403
      vertex -1.7320979 0.3868018 -0.8256316
    endloop
  endfacet
  facet normal -0.6391190 0.4598392 0.6165020
    outer loop
      vertex -1.5501353 0.6192370 -0.8103633
      vertex -1.7320979 0.3868018 -0.8256316
      vertex -1.5322322 0.5697985 -0.7549280
    endloop
  endfacet
  facet normal -0.6984017 0.6358513 0.3285241
    outer loop
      vertex -1.5322322 0.5697985 -0.7549280
      vertex -1.7320979 0.3868018 -0.8256316
      vertex -1.7239436 0.3591917 -0.7548577
    endloop
  endfacet
  facet normal -0.6997927 0.6371158 0.3230691
    outer loop
      vertex -1.5322322 0.5697985 -0.7549280
      vertex -1.7239436 0.3591917 -0.7548577
      vertex -1.5319555 0.5354858 -0.6866615
    endloop
  endfacet
  facet normal -0.6757477 0.7371262 -0.0031605
    outer loop
      vertex -1.5319555 0.5354858 -0.6866615
      vertex -1.7239436 0.3591917 -0.7548577
      vertex -1.7352163 0.3491787 -0.6799550
    endloop
  endfacet
  facet normal -0.6758287 0.7370036 -0.0090212
    outer loop
      vertex -1.5319555 0.5354858 -0.6866615
      vertex -1.7352163 0.3491787 -0.6799550
      vertex -1.5493386 0.5204375 -0.6137978
    endloop
  endfacet
  facet normal -0.5717300 0.7494749 -0.3337845
    outer loop
      vertex -1.5493386 0.5204375 -0.6137978
      vertex -1.7352163 0.3491787 -0.6799550
      vertex -1.7645565 0.3579706 -0.6099578
    endloop
  endfacet
  facet normal -0.5705807 0.7478193 -0.3394171
    outer loop
      vertex -1.5493386 0.5204375 -0.6137978
      vertex -1.7645565 0.3579706 -0.6099578
      vertex -1.5822849 0.5264685 -0.5451252
    endloop
  endfacet
  facet normal -0.3992014 0.6718797 -0.6238717
    outer loop
      vertex -1.5822849 0.5264685 -0.5451252
      vertex -1.7645565 0.3579706 -0.6099578
      vertex -1.8084253 0.3845070 -0.5533088
    endloop
  endfacet
  facet normal -0.3970563 0.6687354 -0.6286011
    outer loop
      vertex -1.5822849 0.5264685 -0.5451252
      vertex -1.8084253 0.3845070 -0.5533088
      vertex -1.6268205 0.5528515 -0.4889267
    endloop
  endfacet
  facet normal -0.1787822 0.5137694 -0.8390936
    outer loop
      vertex -1.6268205 0.5528515 -0.4889267
      vertex -1.8084253 0.3845070 -0.5533088
      vertex -1.8615314 0.4255870 -0.5168407
    endloop
  endfacet
  facet normal -0.1760341 0.5094103 -0.8423260
    outer loop
      vertex -1.6268205 0.5528515 -0.4889267
      vertex -1.8615314 0.4255870 -0.5168407
      vertex -1.6775739 0.5964043 -0.4519807
    endloop
  endfacet
  facet normal 0.0634426 0.2938208 -0.9537528
    outer loop
      vertex -1.6775739 0.5964043 -0.4519807
      vertex -1.8615314 0.4255870 -0.5168407
      vertex -1.9174695 0.4762560 -0.5049522
    endloop
  endfacet
  facet normal 0.0663032 0.2887109 -0.9551178
    outer loop
      vertex -1.6775739 0.5964043 -0.4519807
      vertex -1.9174695 0.4762560 -0.5049522
      vertex -1.7284233 0.6518738 -0.4387434
    endloop
  endfacet
  facet normal 0.2985824 0.0381071 -0.9536228
    outer loop
      vertex -1.7284233 0.6518738 -0.4387434
      vertex -1.9174695 0.4762560 -0.5049522
      vertex -1.9694927 0.5304024 -0.5190771
    endloop
  endfacet
  facet normal 0.3010671 0.0327899 -0.9530390
    outer loop
      vertex -1.7284233 0.6518738 -0.4387434
      vertex -1.9694927 0.5304024 -0.5190771
      vertex -1.7732356 0.7125696 -0.4508115
    endloop
  endfacet
  facet normal 0.4981139 -0.2225865 -0.8380560
    outer loop
      vertex -1.7732356 0.7125696 -0.4508115
      vertex -1.9694927 0.5304024 -0.5190771
      vertex -2.0113261 0.5814955 -0.5575118
    endloop
  endfacet
  facet normal 0.4998138 -0.2275964 -0.8356950
    outer loop
      vertex -1.7732356 0.7125696 -0.4508115
      vertex -2.0113261 0.5814955 -0.5575118
      vertex -1.8066058 0.7711707 -0.4867293
    endloop
  endfacet
  facet normal 0.6374887 -0.4564154 -0.6207199
    outer loop
      vertex -1.8066058 0.7711707 -0.4867293
      vertex -2.0113261 0.5814955 -0.5575118
      vertex -2.0379240 0.6233725 -0.6156204
    endloop
  endfacet
  facet normal 0.6381015 -0.4606831 -0.6169260
    outer loop
      vertex -1.8066058 0.7711707 -0.4867293
      vertex -2.0379240 0.6233725 -0.6156204
      vertex -1.8245090 0.8206092 -0.5421646
    endloop
  endfacet
  facet normal 0.6995739 -0.6347199 -0.3282178
    outer loop
      vertex -1.8245090 0.8206092 -0.5421646
      vertex -2.0379240 0.6233725 -0.6156204
      vertex -2.0460783 0.6509826 -0.6863943
    endloop
  endfacet
  facet normal 0.6989044 -0.6378938 -0.3234566
    outer loop
      vertex -1.8245090 0.8206092 -0.5421646
      vertex -2.0460783 0.6509826 -0.6863943
      vertex -1.8247856 0.8549219 -0.6104311
    endloop
  endfacet
  facet normal 0.7631224 -0.6459064 0.0211915
    outer loop
      vertex -2.0460783 0.6509826 -0.6863943
      vertex -2.2573591 0.3998301 -0.7330144
      vertex -2.2513544 0.4044300 -0.8090442
    endloop
  endfacet
  facet normal 0.7613142 -0.6477790 0.0279820
    outer loop
      vertex -2.0460783 0.6509826 -0.6863943
      vertex -2.2513544 0.4044300 -0.8090442
      vertex -2.0348056 0.6609956 -0.7612971
    endloop
  endfacet
  facet normal 0.6798214 -0.6403255 0.3575278
    outer loop
      vertex -2.0348056 0.6609956 -0.7612971
      vertex -2.2513544 0.4044300 -0.8090442
      vertex -2.2246676 0.3932767 -0.8797632
    endloop
  endfacet
  facet normal 0.6761988 -0.6405742 0.3638955
    outer loop
      vertex -2.0348056 0.6609956 -0.7612971
      vertex -2.2246676 0.3932767 -0.8797632
      vertex -2.0054654 0.6522037 -0.8312943
    endloop
  endfacet
  facet normal 0.5151751 -0.5579279 0.6506236
    outer loop
      vertex -2.0054654 0.6522037 -0.8312943
      vertex -2.2246676 0.3932767 -0.8797632
      vertex -2.1805176 0.3677154 -0.9366416
    endloop
  endfacet
  facet normal 0.5100413 -0.5566611 0.6557334
    outer loop
      vertex -2.0054654 0.6522037 -0.8312943
      vertex -2.1805176 0.3677154 -0.9366416
      vertex -1.9615966 0.6256674 -0.8879433
    endloop
  endfacet
  facet normal 0.2887752 -0.4085431 0.8658530
    outer loop
      vertex -1.9615966 0.6256674 -0.8879433
      vertex -2.1805176 0.3677154 -0.9366416
      vertex -2.1242294 0.3308291 -0.9728189
    endloop
  endfacet
  facet normal 0.2826452 -0.4060765 0.8690303
    outer loop
      vertex -1.9615966 0.6256674 -0.8879433
      vertex -2.1242294 0.3308291 -0.9728189
      vertex -1.9084904 0.5845873 -0.9244113
    endloop
  endfacet
  facet normal 0.0273375 -0.2096903 0.9773856
    outer loop
      vertex -1.9084904 0.5845873 -0.9244113
      vertex -2.1242294 0.3308291 -0.9728189
      vertex -2.0625924 0.2870668 -0.9839317
    endloop
  endfacet
  facet normal 0.0208539 -0.2064999 0.9782244
    outer loop
      vertex -1.9084904 0.5845873 -0.9244113
      vertex -2.0625924 0.2870668 -0.9839317
      vertex -1.8525523 0.5339183 -0.9362999
    endloop
  endfacet
  facet normal -0.2379214 0.0150474 0.9711679
    outer loop
      vertex -1.8525523 0.5339183 -0.9362999
      vertex -2.0625924 0.2870668 -0.9839317
      vertex -2.0030408 0.2417070 -0.9686397
    endloop
  endfacet
  facet normal -0.2440966 0.0184038 0.9695763
    outer loop
      vertex -1.8525523 0.5339183 -0.9362999
      vertex -2.0030408 0.2417070 -0.9686397
      vertex -1.8005292 0.4797719 -0.9221750
    endloop
  endfacet
  facet normal -0.4747200 0.2384672 0.8472156
    outer loop
      vertex -1.8005292 0.4797719 -0.9221750
      vertex -2.0030408 0.2417070 -0.9686397
      vertex -1.9527574 0.2002207 -0.9287872
    endloop
  endfacet
  facet normal -0.4799994 0.2414325 0.8433925
    outer loop
      vertex -1.8005292 0.4797719 -0.9221750
      vertex -1.9527574 0.2002207 -0.9287872
      vertex -1.7586958 0.4286789 -0.8837403
    endloop
  endfacet
  facet normal -0.6538869 0.4331175 0.6203557
    outer loop
      vertex -1.7586958 0.4286789 -0.8837403
      vertex -1.9527574 0.2002207 -0.9287872
      vertex -1.9178071 0.1676118 -0.8691810
    endloop
  endfacet
  facet normal -0.6578102 0.4351948 0.6147286
    outer loop
      vertex -1.7586958 0.4286789 -0.8837403
      vertex -1.9178071 0.1676118 -0.8691810
      vertex -1.7320979 0.3868018 -0.8256316
    endloop
  endfacet
  facet normal -0.7534997 0.5751096 0.3185706
    outer loop
      vertex -1.7320979 0.3868018 -0.8256316
      vertex -1.9178071 0.1676118 -0.8691810
      vertex -1.9024055 0.1478133 -0.7970106
    endloop
  endfacet
  facet normal -0.7557513 0.5758964 0.3117423
    outer loop
      vertex -1.7320979 0.3868018 -0.8256316
      vertex -1.9024055 0.1478133 -0.7970106
      vertex -1.7239436 0.3591917 -0.7548577
    endloop
  endfacet
  facet normal -0.7618560 0.6474059 -0.0210008
    outer loop
      vertex -1.7239436 0.3591917 -0.7548577
      vertex -1.9024055 0.1478133 -0.7970106
      vertex -1.9084103 0.1432134 -0.7209808
    endloop
  endfacet
  facet normal -0.7622816 0.6466273 -0.0282815
    outer loop
      vertex -1.7239436 0.3591917 -0.7548577
      vertex -1.9084103 0.1432134 -0.7209808
      vertex -1.7352163 0.3491787 -0.6799550
    endloop
  endfacet
  facet normal -0.6785785 0.6417763 -0.3572876
    outer loop
      vertex -1.7352163 0.3491787 -0.6799550
      vertex -1.9084103 0.1432134 -0.7209808
      vertex -1.9350971 0.1543667 -0.6502618
    endloop
  endfacet
  facet normal -0.6772224 0.6393361 -0.3641691
    outer loop
      vertex -1.7352163 0.3491787 -0.6799550
      vertex -1.9350971 0.1543667 -0.6502618
      vertex -1.7645565 0.3579706 -0.6099578
    endloop
  endfacet
  facet normal -0.5140322 0.5592973 -0.6503518
    outer loop
      vertex -1.7645565 0.3579706 -0.6099578
      vertex -1.9350971 0.1543667 -0.6502618
      vertex -1.9792471 0.1799280 -0.5933835
    endloop
  endfacet
  facet normal -0.5111733 0.5553255 -0.6559843
    outer loop
      vertex -1.7645565 0.3579706 -0.6099578
      vertex -1.9792471 0.1799280 -0.5933835
      vertex -1.8084253 0.3845070 -0.5533088
    endloop
  endfacet
  facet normal -0.2877567 0.4098323 -0.8655828
    outer loop
      vertex -1.8084253 0.3845070 -0.5533088
      vertex -1.9792471 0.1799280 -0.5933835
      vertex -2.0355352 0.2168143 -0.5572061
    endloop
  endfacet
  facet normal -0.2838910 0.4046827 -0.8692743
    outer loop
      vertex -1.8084253 0.3845070 -0.5533088
      vertex -2.0355352 0.2168143 -0.5572061
      vertex -1.8615314 0.4255870 -0.5168407
    endloop
  endfacet
  facet normal -0.0264085 0.2109372 -0.9771428
    outer loop
      vertex -1.8615314 0.4255870 -0.5168407
      vertex -2.0355352 0.2168143 -0.5572061
      vertex -2.0971723 0.2605766 -0.5460933
    endloop
  endfacet
  facet normal -0.0221644 0.2051148 -0.9784869
    outer loop
      vertex -1.8615314 0.4255870 -0.5168407
      vertex -2.0971723 0.2605766 -0.5460933
      vertex -1.9174695 0.4762560 -0.5049522
    endloop
  endfacet
  facet normal 0.2388328 -0.0137817 -0.9709629
    outer loop
      vertex -1.9174695 0.4762560 -0.5049522
      vertex -2.0971723 0.2605766 -0.5460933
      vertex -2.1567239 0.3059364 -0.5613854
    endloop
  endfacet
  facet normal 0.2428052 -0.0197224 -0.9698746
    outer loop
      vertex -1.9174695 0.4762560 -0.5049522
      vertex -2.1567239 0.3059364 -0.5613854
      vertex -1.9694927 0.5304024 -0.5190771
    endloop
  endfacet
  facet normal 0.4756912 -0.2371279 -0.8470468
    outer loop
      vertex -1.9694927 0.5304024 -0.5190771
      vertex -2.1567239 0.3059364 -0.5613854
      vertex -2.2070073 0.3474227 -0.6012379
    endloop
  endfacet
  facet normal 0.4788022 -0.2426596 -0.8437208
    outer loop
      vertex -1.9694927 0.5304024 -0.5190771
      vertex -2.2070073 0.3474227 -0.6012379
      vertex -2.0113261 0.5814955 -0.5575118
    endloop
  endfacet
  facet normal 0.6549710 -0.4316872 -0.6202089
    outer loop
      vertex -2.0113261 0.5814955 -0.5575118
      vertex -2.2070073 0.3474227 -0.6012379
      vertex -2.2419575 0.3800316 -0.6608440
    endloop
  endfacet
  facet normal 0.6567340 -0.4363442 -0.6150644
    outer loop
      vertex -2.0113261 0.5814955 -0.5575118
      vertex -2.2419575 0.3800316 -0.6608440
      vertex -2.0379240 0.6233725 -0.6156204
    endloop
  endfacet
  facet normal 0.7547013 -0.5736168 -0.3184176
    outer loop
      vertex -2.0379240 0.6233725 -0.6156204
      vertex -2.2419575 0.3800316 -0.6608440
      vertex -2.2573591 0.3998301 -0.7330144
    endloop
  endfacet
  facet normal 0.7547644 -0.5770148 -0.3120649
    outer loop
      vertex -2.0379240 0.6233725 -0.6156204
      vertex -2.2573591 0.3998301 -0.7330144
      vertex -2.0460783 0.6509826 -0.6863943
    endloop
  endfacet
  facet normal 0.8489108 -0.5278406 0.0271072
    outer loop
      vertex -2.2573591 0.3998301 -0.7330144
      vertex -2.4430728 0.1003978 -0.7477018
      vertex -2.4412298 0.0994395 -0.8240788
    endloop
  endfacet
  facet normal 0.8476366 -0.5294272 0.0349136
    outer loop
      vertex -2.2573591 0.3998301 -0.7330144
      vertex -2.4412298 0.0994395 -0.8240788
      vertex -2.2513544 0.4044300 -0.8090442
    endloop
  endfacet
  facet normal 0.7818071 -0.5047673 0.3660433
    outer loop
      vertex -2.2513544 0.4044300 -0.8090442
      vertex -2.4412298 0.0994395 -0.8240788
      vertex -2.4163217 0.0864873 -0.8951392
    endloop
  endfacet
  facet normal 0.7782702 -0.5049029 0.3733210
    outer loop
      vertex -2.2513544 0.4044300 -0.8090442
      vertex -2.4163217 0.0864873 -0.8951392
      vertex -2.2246676 0.3932767 -0.8797632
    endloop
  endfacet
  facet normal 0.6211879 -0.4211831 0.6608558
    outer loop
      vertex -2.2246676 0.3932767 -0.8797632
      vertex -2.4163217 0.0864873 -0.8951392
      vertex -2.3713528 0.0631034 -0.9523121
    endloop
  endfacet
  facet normal 0.6157101 -0.4200313 0.6666894
    outer loop
      vertex -2.2246676 0.3932767 -0.8797632
      vertex -2.3713528 0.0631034 -0.9523121
      vertex -2.1805176 0.3677154 -0.9366416
    endloop
  endfacet
  facet normal 0.3860301 -0.2869450 0.8767231
    outer loop
      vertex -2.1805176 0.3677154 -0.9366416
      vertex -2.3713528 0.0631034 -0.9523121
      vertex -2.3117469 0.0321084 -0.9887016
    endloop
  endfacet
  facet normal 0.3791846 -0.2848371 0.8803902
    outer loop
      vertex -2.1805176 0.3677154 -0.9366416
      vertex -2.3117469 0.0321084 -0.9887016
      vertex -2.1242294 0.3308291 -0.9728189
    endloop
  endfacet
  facet normal 0.1039662 -0.1177722 0.9875833
    outer loop
      vertex -2.1242294 0.3308291 -0.9728189
      vertex -2.3117469 0.0321084 -0.9887016
      vertex -2.2446934 -0.0027594 -0.9999187
    endloop
  endfacet
  facet normal 0.0964864 -0.1151578 0.9886501
    outer loop
      vertex -2.1242294 0.3308291 -0.9728189
      vertex -2.2446934 -0.0027594 -0.9999187
      vertex -2.0625924 0.2870668 -0.9839317
    endloop
  endfacet
  facet normal -0.1913127 0.0661855 0.9792951
    outer loop
      vertex -2.0625924 0.2870668 -0.9839317
      vertex -2.2446934 -0.0027594 -0.9999187
      vertex -2.1782800 -0.0372944 -0.9846103
    endloop
  endfacet
  facet normal -0.1986419 0.0688030 0.9776541
    outer loop
      vertex -2.0625924 0.2870668 -0.9839317
      vertex -2.1782800 -0.0372944 -0.9846103
      vertex -2.0030408 0.2417070 -0.9686397
    endloop
  endfacet
  facet normal -0.4637787 0.2425202 0.8521111
    outer loop
      vertex -2.0030408 0.2417070 -0.9686397
      vertex -2.1782800 -0.0372944 -0.9846103
      vertex -2.1205170 -0.0673311 -0.9446229
    endloop
  endfacet
  facet normal -0.4702168 0.2446454 0.8479651
    outer loop
      vertex -2.0030408 0.2417070 -0.9686397
      vertex -2.1205170 -0.0673311 -0.9446229
      vertex -1.9527574 0.2002207 -0.9287872
    endloop
  endfacet
  facet normal -0.6798222 0.3894810 0.6214067
    outer loop
      vertex -1.9527574 0.2002207 -0.9287872
      vertex -2.1205170 -0.0673311 -0.9446229
      vertex -2.0783717 -0.0892467 -0.8847795
    endloop
  endfacet
  facet normal -0.6847395 0.3906754 0.6152273
    outer loop
      vertex -1.9527574 0.2002207 -0.9287872
      vertex -2.0783717 -0.0892467 -0.8847795
      vertex -1.9178071 0.1676118 -0.8691810
    endloop
  endfacet
  facet normal -0.8130653 0.4890767 0.3157986
    outer loop
      vertex -1.9178071 0.1676118 -0.8691810
      vertex -2.0783717 -0.0892467 -0.8847795
      vertex -2.0569272 -0.1003978 -0.8122982
    endloop
  endfacet
  facet normal -0.8159901 0.4890000 0.3082841
    outer loop
      vertex -1.9178071 0.1676118 -0.8691810
      vertex -2.0569272 -0.1003978 -0.8122982
      vertex -1.9024055 0.1478133 -0.7970106
    endloop
  endfacet
  facet normal -0.8478735 0.5295054 -0.0271030
    outer loop
      vertex -1.9024055 0.1478133 -0.7970106
      vertex -2.0569272 -0.1003978 -0.8122982
      vertex -2.0587702 -0.0994395 -0.7359212
    endloop
  endfacet
  facet normal -0.8485444 0.5279604 -0.0350740
    outer loop
      vertex -1.9024055 0.1478133 -0.7970106
      vertex -2.0587702 -0.0994395 -0.7359212
      vertex -1.9084103 0.1432134 -0.7209808
    endloop
  endfacet
  facet normal -0.7808050 0.5063600 -0.3659824
    outer loop
      vertex -1.9084103 0.1432134 -0.7209808
      vertex -2.0587702 -0.0994395 -0.7359212
      vertex -2.0836783 -0.0864873 -0.6648608
    endloop
  endfacet
  facet normal -0.7792291 0.5033365 -0.3734358
    outer loop
      vertex -1.9084103 0.1432134 -0.7209808
      vertex -2.0836783 -0.0864873 -0.6648608
      vertex -1.9350971 0.1543667 -0.6502618
    endloop
  endfacet
  facet normal -0.6202719 0.4226921 -0.6607526
    outer loop
      vertex -1.9350971 0.1543667 -0.6502618
      vertex -2.0836783 -0.0864873 -0.6648608
      vertex -2.1286472 -0.0631034 -0.6076879
    endloop
  endfacet
  facet normal -0.6167539 0.4183850 -0.6667598
    outer loop
      vertex -1.9350971 0.1543667 -0.6502618
      vertex -2.1286472 -0.0631034 -0.6076879
      vertex -1.9792471 0.1799280 -0.5933835
    endloop
  endfacet
  facet normal -0.3852062 0.2883958 -0.8766094
    outer loop
      vertex -1.9792471 0.1799280 -0.5933835
      vertex -2.1286472 -0.0631034 -0.6076879
      vertex -2.1882531 -0.0321084 -0.5712984
    endloop
  endfacet
  facet normal -0.3803102 0.2831705 -0.8804423
    outer loop
      vertex -1.9792471 0.1799280 -0.5933835
      vertex -2.1882531 -0.0321084 -0.5712984
      vertex -2.0355352 0.2168143 -0.5572061
    endloop
  endfacet
  facet normal -0.1031986 0.1192185 -0.9874902
    outer loop
      vertex -2.0355352 0.2168143 -0.5572061
      vertex -2.1882531 -0.0321084 -0.5712984
      vertex -2.2553066 0.0027594 -0.5600813
    endloop
  endfacet
  facet normal -0.0976497 0.1135380 -0.9887232
    outer loop
      vertex -2.0355352 0.2168143 -0.5572061
      vertex -2.2553066 0.0027594 -0.5600813
      vertex -2.0971723 0.2605766 -0.5460933
    endloop
  endfacet
  facet normal 0.1920813 -0.0646852 -0.9792449
    outer loop
      vertex -2.0971723 0.2605766 -0.5460933
      vertex -2.2553066 0.0027594 -0.5600813
      vertex -2.3217200 0.0372944 -0.5753897
    endloop
  endfacet
  facet normal 0.1975067 -0.0703342 -0.9777751
    outer loop
      vertex -2.0971723 0.2605766 -0.5460933
      vertex -2.3217200 0.0372944 -0.5753897
      vertex -2.1567239 0.3059364 -0.5613854
    endloop
  endfacet
  facet normal 0.4646045 -0.2409328 -0.8521115
    outer loop
      vertex -2.1567239 0.3059364 -0.5613854
      vertex -2.3217200 0.0372944 -0.5753897
      vertex -2.3794830 0.0673311 -0.6153771
    endloop
  endfacet
  facet normal 0.4691607 -0.2460867 -0.8481330
    outer loop
      vertex -2.1567239 0.3059364 -0.5613854
      vertex -2.3794830 0.0673311 -0.6153771
      vertex -2.2070073 0.3474227 -0.6012379
    endloop
  endfacet
  facet normal 0.6807395 -0.3878169 -0.6214433
    outer loop
      vertex -2.2070073 0.3474227 -0.6012379
      vertex -2.3794830 0.0673311 -0.6153771
      vertex -2.4216283 0.0892467 -0.6752205
    endloop
  endfacet
  facet normal 0.6837721 -0.3920640 -0.6154198
    outer loop
      vertex -2.2070073 0.3474227 -0.6012379
      vertex -2.4216283 0.0892467 -0.6752205
      vertex -2.2419575 0.3800316 -0.6608440
    endloop
  endfacet
  facet normal 0.8140678 -0.4873830 -0.3158346
    outer loop
      vertex -2.2419575 0.3800316 -0.6608440
      vertex -2.4216283 0.0892467 -0.6752205
      vertex -2.4430728 0.1003978 -0.7477018
    endloop
  endfacet
  facet normal 0.8150797 -0.4903973 -0.3084731
    outer loop
      vertex -2.2419575 0.3800316 -0.6608440
      vertex -2.4430728 0.1003978 -0.7477018
      vertex -2.2573591 0.3998301 -0.7330144
    endloop
  endfacet
  facet normal 0.9225348 -0.3854551 0.0188138
    outer loop
      vertex -2.4430728 0.1003978 -0.7477018
      vertex -2.5871082 -0.2434438 -0.7295151
      vertex -2.5882662 -0.2499306 -0.8056356
    endloop
  endfacet
  facet normal 0.9218707 -0.3865493 0.0270948
    outer loop
      vertex -2.4430728 0.1003978 -0.7477018
      vertex -2.5882662 -0.2499306 -0.8056356
      vertex -2.4412298 0.0994395 -0.8240788
    endloop
  endfacet
  facet normal 0.8671586 -0.3460456 0.3581737
    outer loop
      vertex -2.4412298 0.0994395 -0.8240788
      vertex -2.5882662 -0.2499306 -0.8056356
      vertex -2.5644995 -0.2640904 -0.8768564
    endloop
  endfacet
  facet normal 0.8639183 -0.3460683 0.3658988
    outer loop
      vertex -2.4412298 0.0994395 -0.8240788
      vertex -2.5644995 -0.2640904 -0.8768564
      vertex -2.4163217 0.0864873 -0.8951392
    endloop
  endfacet
  facet normal 0.7080702 -0.2651472 0.6544719
    outer loop
      vertex -2.4163217 0.0864873 -0.8951392
      vertex -2.5644995 -0.2640904 -0.8768564
      vertex -2.5186748 -0.2842152 -0.9345872
    endloop
  endfacet
  facet normal 0.7025787 -0.2642943 0.6607054
    outer loop
      vertex -2.4163217 0.0864873 -0.8951392
      vertex -2.5186748 -0.2842152 -0.9345872
      vertex -2.3713528 0.0631034 -0.9523121
    endloop
  endfacet
  facet normal 0.4639359 -0.1522511 0.8726873
    outer loop
      vertex -2.3713528 0.0631034 -0.9523121
      vertex -2.5186748 -0.2842152 -0.9345872
      vertex -2.4563192 -0.3078778 -0.9718647
    endloop
  endfacet
  facet normal 0.4567935 -0.1508264 0.8766933
    outer loop
      vertex -2.3713528 0.0631034 -0.9523121
      vertex -2.4563192 -0.3078778 -0.9718647
      vertex -2.3117469 0.0321084 -0.9887016
    endloop
  endfacet
  facet normal 0.1633552 -0.0206171 0.9863519
    outer loop
      vertex -2.3117469 0.0321084 -0.9887016
      vertex -2.4563192 -0.3078778 -0.9718647
      vertex -2.3849537 -0.3322241 -0.9841929
    endloop
  endfacet
  facet normal 0.1553478 -0.0189917 0.9876773
    outer loop
      vertex -2.3117469 0.0321084 -0.9887016
      vertex -2.3849537 -0.3322241 -0.9841929
      vertex -2.2446934 -0.0027594 -0.9999187
    endloop
  endfacet
  facet normal -0.1577384 0.1139716 0.9808818
    outer loop
      vertex -2.2446934 -0.0027594 -0.9999187
      vertex -2.3849537 -0.3322241 -0.9841929
      vertex -2.3131861 -0.3543175 -0.9700846
    endloop
  endfacet
  facet normal -0.1657415 0.1154045 0.9793935
    outer loop
      vertex -2.2446934 -0.0027594 -0.9999187
      vertex -2.3131861 -0.3543175 -0.9700846
      vertex -2.1782800 -0.0372944 -0.9846103
    endloop
  endfacet
  facet normal -0.4600788 0.2350128 0.8562106
    outer loop
      vertex -2.1782800 -0.0372944 -0.9846103
      vertex -2.3131861 -0.3543175 -0.9700846
      vertex -2.2496726 -0.3714934 -0.9312416
    endloop
  endfacet
  facet normal -0.4672199 0.2358810 0.8520949
    outer loop
      vertex -2.1782800 -0.0372944 -0.9846103
      vertex -2.2496726 -0.3714934 -0.9312416
      vertex -2.1205170 -0.0673311 -0.9446229
    endloop
  endfacet
  facet normal -0.7063392 0.3275385 0.6275377
    outer loop
      vertex -2.1205170 -0.0673311 -0.9446229
      vertex -2.2496726 -0.3714934 -0.9312416
      vertex -2.2020738 -0.3816799 -0.8723490
    endloop
  endfacet
  facet normal -0.7118546 0.3275303 0.6212785
    outer loop
      vertex -2.1205170 -0.0673311 -0.9446229
      vertex -2.2020738 -0.3816799 -0.8723490
      vertex -2.0783717 -0.0892467 -0.8847795
    endloop
  endfacet
  facet normal -0.8665073 0.3802854 0.3233389
    outer loop
      vertex -2.0783717 -0.0892467 -0.8847795
      vertex -2.2020738 -0.3816799 -0.8723490
      vertex -2.1761309 -0.3836485 -0.8005099
    endloop
  endfacet
  facet normal -0.8698059 0.3791884 0.3156799
    outer loop
      vertex -2.0783717 -0.0892467 -0.8847795
      vertex -2.1761309 -0.3836485 -0.8005099
      vertex -2.0569272 -0.1003978 -0.8122982
    endloop
  endfacet
  facet normal -0.9218211 0.3871512 -0.0189692
    outer loop
      vertex -2.0569272 -0.1003978 -0.8122982
      vertex -2.1761309 -0.3836485 -0.8005099
      vertex -2.1749729 -0.3771617 -0.7243894
    endloop
  endfacet
  facet normal -0.9225652 0.3848890 -0.0270908
    outer loop
      vertex -2.0569272 -0.1003978 -0.8122982
      vertex -2.1749729 -0.3771617 -0.7243894
      vertex -2.0587702 -0.0994395 -0.7359212
    endloop
  endfacet
  facet normal -0.8664713 0.3476672 -0.3582667
    outer loop
      vertex -2.0587702 -0.0994395 -0.7359212
      vertex -2.1749729 -0.3771617 -0.7243894
      vertex -2.1987396 -0.3630020 -0.6531686
    endloop
  endfacet
  facet normal -0.8646436 0.3443204 -0.3658345
    outer loop
      vertex -2.0587702 -0.0994395 -0.7359212
      vertex -2.1987396 -0.3630020 -0.6531686
      vertex -2.0836783 -0.0864873 -0.6648608
    endloop
  endfacet
  facet normal -0.7074446 0.2667012 -0.6545170
    outer loop
      vertex -2.0836783 -0.0864873 -0.6648608
      vertex -2.1987396 -0.3630020 -0.6531686
      vertex -2.2445643 -0.3428771 -0.5954379
    endloop
  endfacet
  facet normal -0.7033634 0.2624966 -0.6605873
    outer loop
      vertex -2.0836783 -0.0864873 -0.6648608
      vertex -2.2445643 -0.3428771 -0.5954379
      vertex -2.1286472 -0.0631034 -0.6076879
    endloop
  endfacet
  facet normal -0.4633755 0.1537755 -0.8727177
    outer loop
      vertex -2.1286472 -0.0631034 -0.6076879
      vertex -2.2445643 -0.3428771 -0.5954379
      vertex -2.3069199 -0.3192145 -0.5581603
    endloop
  endfacet
  facet normal -0.4576395 0.1490402 -0.8765575
    outer loop
      vertex -2.1286472 -0.0631034 -0.6076879
      vertex -2.3069199 -0.3192145 -0.5581603
      vertex -2.1882531 -0.0321084 -0.5712984
    endloop
  endfacet
  facet normal -0.1628360 0.0221654 -0.9864041
    outer loop
      vertex -2.1882531 -0.0321084 -0.5712984
      vertex -2.3069199 -0.3192145 -0.5581603
      vertex -2.3782854 -0.2948682 -0.5458322
    endloop
  endfacet
  facet normal -0.1562248 0.0172709 -0.9875705
    outer loop
      vertex -2.1882531 -0.0321084 -0.5712984
      vertex -2.3782854 -0.2948682 -0.5458322
      vertex -2.2553066 0.0027594 -0.5600813
    endloop
  endfacet
  facet normal 0.1582559 -0.1123562 -0.9809848
    outer loop
      vertex -2.2553066 0.0027594 -0.5600813
      vertex -2.3782854 -0.2948682 -0.5458322
      vertex -2.4500530 -0.2727748 -0.5599404
    endloop
  endfacet
  facet normal 0.1648809 -0.1170379 -0.9793449
    outer loop
      vertex -2.2553066 0.0027594 -0.5600813
      vertex -2.4500530 -0.2727748 -0.5599404
      vertex -2.3217200 0.0372944 -0.5753897
    endloop
  endfacet
  facet normal 0.4606365 -0.2333196 -0.8563738
    outer loop
      vertex -2.3217200 0.0372944 -0.5753897
      vertex -2.4500530 -0.2727748 -0.5599404
      vertex -2.5135665 -0.2555990 -0.5987834
    endloop
  endfacet
  facet normal 0.4664127 -0.2374441 -0.8521030
    outer loop
      vertex -2.3217200 0.0372944 -0.5753897
      vertex -2.5135665 -0.2555990 -0.5987834
      vertex -2.3794830 0.0673311 -0.6153771
    endloop
  endfacet
  facet normal 0.7069644 -0.3257946 -0.6277414
    outer loop
      vertex -2.3794830 0.0673311 -0.6153771
      vertex -2.5135665 -0.2555990 -0.5987834
      vertex -2.5611653 -0.2454124 -0.6576761
    endloop
  endfacet
  facet normal 0.7111092 -0.3290713 -0.6213178
    outer loop
      vertex -2.3794830 0.0673311 -0.6153771
      vertex -2.5611653 -0.2454124 -0.6576761
      vertex -2.4216283 0.0892467 -0.6752205
    endloop
  endfacet
  facet normal 0.8671959 -0.3785411 -0.3235398
    outer loop
      vertex -2.4216283 0.0892467 -0.6752205
      vertex -2.5611653 -0.2454124 -0.6576761
      vertex -2.5871082 -0.2434438 -0.7295151
    endloop
  endfacet
  facet normal 0.8691034 -0.3807669 -0.3157149
    outer loop
      vertex -2.4216283 0.0892467 -0.6752205
      vertex -2.5871082 -0.2434438 -0.7295151
      vertex -2.4430728 0.1003978 -0.7477018
    endloop
  endfacet
  facet normal 0.9743358 -0.2250637 -0.0040047
    outer loop
      vertex -2.5871082 -0.2434438 -0.7295151
      vertex -2.6745636 -0.6229493 -0.6790702
      vertex -2.6776196 -0.6348373 -0.7544830
    endloop
  endfacet
  facet normal 0.9742164 -0.2255725 0.0044029
    outer loop
      vertex -2.5871082 -0.2434438 -0.7295151
      vertex -2.6776196 -0.6348373 -0.7544830
      vertex -2.5882662 -0.2499306 -0.8056356
    endloop
  endfacet
  facet normal 0.9268504 -0.1707259 0.3343664
    outer loop
      vertex -2.5882662 -0.2499306 -0.8056356
      vertex -2.6776196 -0.6348373 -0.7544830
      vertex -2.6546271 -0.6497120 -0.8258122
    endloop
  endfacet
  facet normal 0.9239781 -0.1706477 0.3422629
    outer loop
      vertex -2.5882662 -0.2499306 -0.8056356
      vertex -2.6546271 -0.6497120 -0.8258122
      vertex -2.5644995 -0.2640904 -0.8768564
    endloop
  endfacet
  facet normal 0.7685108 -0.0958786 0.6326123
    outer loop
      vertex -2.5644995 -0.2640904 -0.8768564
      vertex -2.6546271 -0.6497120 -0.8258122
      vertex -2.6083594 -0.6657791 -0.8844543
    endloop
  endfacet
  facet normal 0.7632060 -0.0954215 0.6390707
    outer loop
      vertex -2.5644995 -0.2640904 -0.8768564
      vertex -2.6083594 -0.6657791 -0.8844543
      vertex -2.5186748 -0.2842152 -0.9345872
    endloop
  endfacet
  facet normal 0.5177923 -0.0093079 0.8554557
    outer loop
      vertex -2.5186748 -0.2842152 -0.9345872
      vertex -2.6083594 -0.6657791 -0.8844543
      vertex -2.5443970 -0.6811007 -0.9233363
    endloop
  endfacet
  facet normal 0.5106600 -0.0087243 0.8597385
    outer loop
      vertex -2.5186748 -0.2842152 -0.9345872
      vertex -2.5443970 -0.6811007 -0.9233363
      vertex -2.4563192 -0.3078778 -0.9718647
    endloop
  endfacet
  facet normal 0.2040106 0.0787333 0.9757975
    outer loop
      vertex -2.4563192 -0.3078778 -0.9718647
      vertex -2.5443970 -0.6811007 -0.9233363
      vertex -2.4704547 -0.6938289 -0.9377685
    endloop
  endfacet
  facet normal 0.1958585 0.0791761 0.9774306
    outer loop
      vertex -2.4563192 -0.3078778 -0.9718647
      vertex -2.4704547 -0.6938289 -0.9377685
      vertex -2.3849537 -0.3322241 -0.9841929
    endloop
  endfacet
  facet normal -0.1352866 0.1575733 0.9781964
    outer loop
      vertex -2.3849537 -0.3322241 -0.9841929
      vertex -2.4704547 -0.6938289 -0.9377685
      vertex -2.3954511 -0.7024284 -0.9260101
    endloop
  endfacet
  facet normal -0.1435402 0.1576212 0.9770117
    outer loop
      vertex -2.3849537 -0.3322241 -0.9841929
      vertex -2.3954511 -0.7024284 -0.9260101
      vertex -2.3131861 -0.3543175 -0.9700846
    endloop
  endfacet
  facet normal -0.4585369 0.2174559 0.8616593
    outer loop
      vertex -2.3131861 -0.3543175 -0.9700846
      vertex -2.3954511 -0.7024284 -0.9260101
      vertex -2.3284327 -0.7058619 -0.8894793
    endloop
  endfacet
  facet normal -0.4659572 0.2168954 0.8578113
    outer loop
      vertex -2.3131861 -0.3543175 -0.9700846
      vertex -2.3284327 -0.7058619 -0.8894793
      vertex -2.2496726 -0.3714934 -0.9312416
    endloop
  endfacet
  facet normal -0.7258131 0.2509597 0.6404799
    outer loop
      vertex -2.2496726 -0.3714934 -0.9312416
      vertex -2.3284327 -0.7058619 -0.8894793
      vertex -2.2774829 -0.7037155 -0.8325824
    endloop
  endfacet
  facet normal -0.7315485 0.2496460 0.6344397
    outer loop
      vertex -2.2496726 -0.3714934 -0.9312416
      vertex -2.2774829 -0.7037155 -0.8325824
      vertex -2.2020738 -0.3816799 -0.8723490
    endloop
  endfacet
  facet normal -0.9045898 0.2540888 0.3422808
    outer loop
      vertex -2.2020738 -0.3816799 -0.8723490
      vertex -2.2774829 -0.7037155 -0.8325824
      vertex -2.2487470 -0.6962478 -0.7621818
    endloop
  endfacet
  facet normal -0.9079763 0.2519707 0.3347982
    outer loop
      vertex -2.2020738 -0.3816799 -0.8723490
      vertex -2.2487470 -0.6962478 -0.7621818
      vertex -2.1761309 -0.3836485 -0.8005099
    endloop
  endfacet
  facet normal -0.9739563 0.2267052 0.0037306
    outer loop
      vertex -2.1761309 -0.3836485 -0.8005099
      vertex -2.2487470 -0.6962478 -0.7621818
      vertex -2.2456910 -0.6843598 -0.6867690
    endloop
  endfacet
  facet normal -0.9746167 0.2238397 -0.0042492
    outer loop
      vertex -2.1761309 -0.3836485 -0.8005099
      vertex -2.2456910 -0.6843598 -0.6867690
      vertex -2.1749729 -0.3771617 -0.7243894
    endloop
  endfacet
  facet normal -0.9264819 0.1723060 -0.3345771
    outer loop
      vertex -2.1749729 -0.3771617 -0.7243894
      vertex -2.2456910 -0.6843598 -0.6867690
      vertex -2.2686834 -0.6694851 -0.6154399
    endloop
  endfacet
  facet normal -0.9243892 0.1688525 -0.3420431
    outer loop
      vertex -2.1749729 -0.3771617 -0.7243894
      vertex -2.2686834 -0.6694851 -0.6154399
      vertex -2.1987396 -0.3630020 -0.6531686
    endloop
  endfacet
  facet normal -0.7681837 0.0974145 -0.6327750
    outer loop
      vertex -2.1987396 -0.3630020 -0.6531686
      vertex -2.2686834 -0.6694851 -0.6154399
      vertex -2.3149512 -0.6534180 -0.5567978
    endloop
  endfacet
  facet normal -0.7636594 0.0936056 -0.6387975
    outer loop
      vertex -2.1987396 -0.3630020 -0.6531686
      vertex -2.3149512 -0.6534180 -0.5567978
      vertex -2.2445643 -0.3428771 -0.5954379
    endloop
  endfacet
  facet normal -0.5175163 0.0108381 -0.8556047
    outer loop
      vertex -2.2445643 -0.3428771 -0.5954379
      vertex -2.3149512 -0.6534180 -0.5567978
      vertex -2.3789136 -0.6380964 -0.5179157
    endloop
  endfacet
  facet normal -0.5111673 0.0069382 -0.8594532
    outer loop
      vertex -2.2445643 -0.3428771 -0.5954379
      vertex -2.3789136 -0.6380964 -0.5179157
      vertex -2.3069199 -0.3192145 -0.5581603
    endloop
  endfacet
  facet normal -0.2037750 -0.0771667 -0.9759718
    outer loop
      vertex -2.3069199 -0.3192145 -0.5581603
      vertex -2.3789136 -0.6380964 -0.5179157
      vertex -2.4528558 -0.6253682 -0.5034836
    endloop
  endfacet
  facet normal -0.1964023 -0.0808970 -0.9771805
    outer loop
      vertex -2.3069199 -0.3192145 -0.5581603
      vertex -2.4528558 -0.6253682 -0.5034836
      vertex -2.3782854 -0.2948682 -0.5458322
    endloop
  endfacet
  facet normal 0.1355093 -0.1559456 -0.9784264
    outer loop
      vertex -2.3782854 -0.2948682 -0.5458322
      vertex -2.4528558 -0.6253682 -0.5034836
      vertex -2.5278595 -0.6167687 -0.5152420
    endloop
  endfacet
  facet normal 0.1429952 -0.1592716 -0.9768239
    outer loop
      vertex -2.3782854 -0.2948682 -0.5458322
      vertex -2.5278595 -0.6167687 -0.5152420
      vertex -2.4500530 -0.2727748 -0.5599404
    endloop
  endfacet
  facet normal 0.4587827 -0.2157718 -0.8619519
    outer loop
      vertex -2.4500530 -0.2727748 -0.5599404
      vertex -2.5278595 -0.6167687 -0.5152420
      vertex -2.5948779 -0.6133352 -0.5517727
    endloop
  endfacet
  facet normal 0.4654438 -0.2185021 -0.8576823
    outer loop
      vertex -2.4500530 -0.2727748 -0.5599404
      vertex -2.5948779 -0.6133352 -0.5517727
      vertex -2.5135665 -0.2555990 -0.5987834
    endloop
  endfacet
  facet normal 0.7261103 -0.2492505 -0.6408105
    outer loop
      vertex -2.5135665 -0.2555990 -0.5987834
      vertex -2.5948779 -0.6133352 -0.5517727
      vertex -2.6458277 -0.6154816 -0.6086697
    endloop
  endfacet
  facet normal 0.7310825 -0.2512556 -0.6343415
    outer loop
      vertex -2.5135665 -0.2555990 -0.5987834
      vertex -2.6458277 -0.6154816 -0.6086697
      vertex -2.5611653 -0.2454124 -0.6576761
    endloop
  endfacet
  facet normal 0.9049412 -0.2523967 -0.3426038
    outer loop
      vertex -2.5611653 -0.2454124 -0.6576761
      vertex -2.6458277 -0.6154816 -0.6086697
      vertex -2.6745636 -0.6229493 -0.6790702
    endloop
  endfacet
  facet normal 0.9075537 -0.2536298 -0.3346911
    outer loop
      vertex -2.5611653 -0.2454124 -0.6576761
      vertex -2.6745636 -0.6229493 -0.6790702
      vertex -2.5871082 -0.2434438 -0.7295151
    endloop
  endfacet
  facet normal 0.9977019 -0.0545190 -0.0402329
    outer loop
      vertex -2.6745636 -0.6229493 -0.6790702
      vertex -2.6932826 -1.0250575 -0.5983755
      vertex -2.6972170 -1.0421851 -0.6727322
    endloop
  endfacet
  facet normal 0.9980101 -0.0544092 -0.0318661
    outer loop
      vertex -2.6745636 -0.6229493 -0.6790702
      vertex -2.6972170 -1.0421851 -0.6727322
      vertex -2.6776196 -0.6348373 -0.7544830
    endloop
  endfacet
  facet normal 0.9550214 0.0135047 0.2962292
    outer loop
      vertex -2.6776196 -0.6348373 -0.7544830
      vertex -2.6972170 -1.0421851 -0.6727322
      vertex -2.6748417 -1.0574657 -0.7441717
    endloop
  endfacet
  facet normal 0.9525151 0.0136823 0.3041837
    outer loop
      vertex -2.6776196 -0.6348373 -0.7544830
      vertex -2.6748417 -1.0574657 -0.7441717
      vertex -2.6546271 -0.6497120 -0.8258122
    endloop
  endfacet
  facet normal 0.7981066 0.0800012 0.5971814
    outer loop
      vertex -2.6546271 -0.6497120 -0.8258122
      vertex -2.6748417 -1.0574657 -0.7441717
      vertex -2.6288556 -1.0690561 -0.8040774
    endloop
  endfacet
  facet normal 0.7930979 0.0800370 0.6038127
    outer loop
      vertex -2.6546271 -0.6497120 -0.8258122
      vertex -2.6288556 -1.0690561 -0.8040774
      vertex -2.6083594 -0.6657791 -0.8844543
    endloop
  endfacet
  facet normal 0.5452002 0.1371226 0.8270152
    outer loop
      vertex -2.6083594 -0.6657791 -0.8844543
      vertex -2.6288556 -1.0690561 -0.8040774
      vertex -2.5648052 -1.0755586 -0.8452238
    endloop
  endfacet
  facet normal 0.5382846 0.1368247 0.8315820
    outer loop
      vertex -2.6083594 -0.6657791 -0.8844543
      vertex -2.5648052 -1.0755586 -0.8452238
      vertex -2.5443970 -0.6811007 -0.9233363
    endloop
  endfacet
  facet normal 0.2258447 0.1779774 0.9577673
    outer loop
      vertex -2.5443970 -0.6811007 -0.9233363
      vertex -2.5648052 -1.0755586 -0.8452238
      vertex -2.4904160 -1.0761886 -0.8626479
    endloop
  endfacet
  facet normal 0.2178298 0.1771896 0.9597677
    outer loop
      vertex -2.5443970 -0.6811007 -0.9233363
      vertex -2.4904160 -1.0761886 -0.8626479
      vertex -2.4704547 -0.6938289 -0.9377685
    endloop
  endfacet
  facet normal -0.1217168 0.1974615 0.9727250
    outer loop
      vertex -2.4704547 -0.6938289 -0.9377685
      vertex -2.4904160 -1.0761886 -0.8626479
      vertex -2.4146604 -1.0708703 -0.8542482
    endloop
  endfacet
  facet normal -0.1298920 0.1960794 0.9719470
    outer loop
      vertex -2.4704547 -0.6938289 -0.9377685
      vertex -2.4146604 -1.0708703 -0.8542482
      vertex -2.3954511 -0.7024284 -0.9260101
    endloop
  endfacet
  facet normal -0.4548633 0.1930464 0.8693863
    outer loop
      vertex -2.3954511 -0.7024284 -0.9260101
      vertex -2.4146604 -1.0708703 -0.8542482
      vertex -2.3466756 -1.0602451 -0.8210379
    endloop
  endfacet
  facet normal -0.4622249 0.1910323 0.8659416
    outer loop
      vertex -2.3954511 -0.7024284 -0.9260101
      vertex -2.3466756 -1.0602451 -0.8210379
      vertex -2.3284327 -0.7058619 -0.8894793
    endloop
  endfacet
  facet normal -0.7324362 0.1652606 0.6604741
    outer loop
      vertex -2.3284327 -0.7058619 -0.8894793
      vertex -2.3466756 -1.0602451 -0.8210379
      vertex -2.2946616 -1.0455945 -0.7670225
    endloop
  endfacet
  facet normal -0.7380889 0.1626549 0.6548039
    outer loop
      vertex -2.3284327 -0.7058619 -0.8894793
      vertex -2.2946616 -1.0455945 -0.7670225
      vertex -2.2774829 -0.7037155 -0.8325824
    endloop
  endfacet
  facet normal -0.9206906 0.1176269 0.3721462
    outer loop
      vertex -2.2774829 -0.7037155 -0.8325824
      vertex -2.2946616 -1.0455945 -0.7670225
      vertex -2.2648921 -1.0286857 -0.6987171
    endloop
  endfacet
  facet normal -0.9239412 0.1145494 0.3649811
    outer loop
      vertex -2.2774829 -0.7037155 -0.8325824
      vertex -2.2648921 -1.0286857 -0.6987171
      vertex -2.2487470 -0.6962478 -0.7621818
    endloop
  endfacet
  facet normal -0.9976307 0.0560629 0.0398735
    outer loop
      vertex -2.2487470 -0.6962478 -0.7621818
      vertex -2.2648921 -1.0286857 -0.6987171
      vertex -2.2609577 -1.0115581 -0.6243604
    endloop
  endfacet
  facet normal -0.9980931 0.0527000 0.0321389
    outer loop
      vertex -2.2487470 -0.6962478 -0.7621818
      vertex -2.2609577 -1.0115581 -0.6243604
      vertex -2.2456910 -0.6843598 -0.6867690
    endloop
  endfacet
  facet normal -0.9549488 -0.0120018 -0.2965279
    outer loop
      vertex -2.2456910 -0.6843598 -0.6867690
      vertex -2.2609577 -1.0115581 -0.6243604
      vertex -2.2833329 -0.9962775 -0.5529209
    endloop
  endfacet
  facet normal -0.9525962 -0.0154260 -0.3038462
    outer loop
      vertex -2.2456910 -0.6843598 -0.6867690
      vertex -2.2833329 -0.9962775 -0.5529209
      vertex -2.2686834 -0.6694851 -0.6154399
    endloop
  endfacet
  facet normal -0.7980638 -0.0785203 -0.5974351
    outer loop
      vertex -2.2686834 -0.6694851 -0.6154399
      vertex -2.2833329 -0.9962775 -0.5529209
      vertex -2.3293190 -0.9846870 -0.4930152
    endloop
  endfacet
  facet normal -0.7932139 -0.0817804 -0.6034266
    outer loop
      vertex -2.2686834 -0.6694851 -0.6154399
      vertex -2.3293190 -0.9846870 -0.4930152
      vertex -2.3149512 -0.6534180 -0.5567978
    endloop
  endfacet
  facet normal -0.5452048 -0.1356335 -0.8272577
    outer loop
      vertex -2.3149512 -0.6534180 -0.5567978
      vertex -2.3293190 -0.9846870 -0.4930152
      vertex -2.3933694 -0.9781846 -0.4518688
    endloop
  endfacet
  facet normal -0.5384549 -0.1385335 -0.8311888
    outer loop
      vertex -2.3149512 -0.6534180 -0.5567978
      vertex -2.3933694 -0.9781846 -0.4518688
      vertex -2.3789136 -0.6380964 -0.5179157
    endloop
  endfacet
  facet normal -0.2258950 -0.1764538 -0.9580373
    outer loop
      vertex -2.3789136 -0.6380964 -0.5179157
      vertex -2.3933694 -0.9781846 -0.4518688
      vertex -2.4677586 -0.9775546 -0.4344447
    endloop
  endfacet
  facet normal -0.2180455 -0.1788462 -0.9594114
    outer loop
      vertex -2.3789136 -0.6380964 -0.5179157
      vertex -2.4677586 -0.9775546 -0.4344447
      vertex -2.4528558 -0.6253682 -0.5034836
    endloop
  endfacet
  facet normal 0.1216429 -0.1958939 -0.9730512
    outer loop
      vertex -2.4528558 -0.6253682 -0.5034836
      vertex -2.4677586 -0.9775546 -0.4344447
      vertex -2.5435143 -0.9828729 -0.4428444
    endloop
  endfacet
  facet normal 0.1296611 -0.1976898 -0.9716516
    outer loop
      vertex -2.4528558 -0.6253682 -0.5034836
      vertex -2.5435143 -0.9828729 -0.4428444
      vertex -2.5278595 -0.6167687 -0.5152420
    endloop
  endfacet
  facet normal 0.4548017 -0.1914462 -0.8697722
    outer loop
      vertex -2.5278595 -0.6167687 -0.5152420
      vertex -2.5435143 -0.9828729 -0.4428444
      vertex -2.6114991 -0.9934981 -0.4760547
    endloop
  endfacet
  facet normal 0.4620128 -0.1926238 -0.8657021
    outer loop
      vertex -2.5278595 -0.6167687 -0.5152420
      vertex -2.6114991 -0.9934981 -0.4760547
      vertex -2.5948779 -0.6133352 -0.5517727
    endloop
  endfacet
  facet normal 0.7324189 -0.1636540 -0.6608932
    outer loop
      vertex -2.5948779 -0.6133352 -0.5517727
      vertex -2.6114991 -0.9934981 -0.4760547
      vertex -2.6635130 -1.0081487 -0.5300701
    endloop
  endfacet
  facet normal 0.7379203 -0.1642640 -0.6545922
    outer loop
      vertex -2.5948779 -0.6133352 -0.5517727
      vertex -2.6635130 -1.0081487 -0.5300701
      vertex -2.6458277 -0.6154816 -0.6086697
    endloop
  endfacet
  facet normal 0.9207266 -0.1160423 -0.3725542
    outer loop
      vertex -2.6458277 -0.6154816 -0.6086697
      vertex -2.6635130 -1.0081487 -0.5300701
      vertex -2.6932826 -1.0250575 -0.5983755
    endloop
  endfacet
  facet normal 0.9238228 -0.1162050 -0.3647571
    outer loop
      vertex -2.6458277 -0.6154816 -0.6086697
      vertex -2.6932826 -1.0250575 -0.5983755
      vertex -2.6745636 -0.6229493 -0.6790702
    endloop
  endfacet
  facet normal 0.9891370 0.1177841 -0.0879481
    outer loop
      vertex -2.6932826 -1.0250575 -0.5983755
      vertex -2.6350839 -1.4333616 -0.4906451
      vertex -2.6389323 -1.4555580 -0.5636538
    endloop
  endfacet
  facet normal 0.9897491 0.1185288 -0.0796726
    outer loop
      vertex -2.6932826 -1.0250575 -0.5983755
      vertex -2.6389323 -1.4555580 -0.5636538
      vertex -2.6972170 -1.0421851 -0.6727322
    endloop
  endfacet
  facet normal 0.9487177 0.1986557 0.2459077
    outer loop
      vertex -2.6972170 -1.0421851 -0.6727322
      vertex -2.6389323 -1.4555580 -0.5636538
      vertex -2.6171230 -1.4711463 -0.6352017
    endloop
  endfacet
  facet normal 0.9465459 0.1989502 0.2539087
    outer loop
      vertex -2.6972170 -1.0421851 -0.6727322
      vertex -2.6171230 -1.4711463 -0.6352017
      vertex -2.6748417 -1.0574657 -0.7441717
    endloop
  endfacet
  facet normal 0.7948054 0.2558514 0.5502949
    outer loop
      vertex -2.6748417 -1.0574657 -0.7441717
      vertex -2.6171230 -1.4711463 -0.6352017
      vertex -2.5722865 -1.4782464 -0.6966593
    endloop
  endfacet
  facet normal 0.7901522 0.2554882 0.5571223
    outer loop
      vertex -2.6748417 -1.0574657 -0.7441717
      vertex -2.5722865 -1.4782464 -0.6966593
      vertex -2.6288556 -1.0690561 -0.8040774
    endloop
  endfacet
  facet normal 0.5452641 0.2825587 0.7892070
    outer loop
      vertex -2.6288556 -1.0690561 -0.8040774
      vertex -2.5722865 -1.4782464 -0.6966593
      vertex -2.5098307 -1.4760018 -0.7406137
    endloop
  endfacet
  facet normal 0.5387073 0.2814051 0.7941068
    outer loop
      vertex -2.6288556 -1.0690561 -0.8040774
      vertex -2.5098307 -1.4760018 -0.7406137
      vertex -2.5648052 -1.0755586 -0.8452238
    endloop
  endfacet
  facet normal 0.2292320 0.2753623 0.9336104
    outer loop
      vertex -2.5648052 -1.0755586 -0.8452238
      vertex -2.5098307 -1.4760018 -0.7406137
      vertex -2.4372887 -1.4646835 -0.7617634
    endloop
  endfacet
  facet normal 0.2215642 0.2733714 0.9360435
    outer loop
      vertex -2.5648052 -1.0755586 -0.8452238
      vertex -2.4372887 -1.4646835 -0.7617634
      vertex -2.4904160 -1.0761886 -0.8626479
    endloop
  endfacet
  facet normal -0.1154302 0.2348464 0.9651544
    outer loop
      vertex -2.4904160 -1.0761886 -0.8626479
      vertex -2.4372887 -1.4646835 -0.7617634
      vertex -2.3634102 -1.4456564 -0.7575575
    endloop
  endfacet
  facet normal -0.1232737 0.2320656 0.9648571
    outer loop
      vertex -2.4904160 -1.0761886 -0.8626479
      vertex -2.3634102 -1.4456564 -0.7575575
      vertex -2.4146604 -1.0708703 -0.8542482
    endloop
  endfacet
  facet normal -0.4464345 0.1658074 0.8793203
    outer loop
      vertex -2.4146604 -1.0708703 -0.8542482
      vertex -2.3634102 -1.4456564 -0.7575575
      vertex -2.2971060 -1.4212155 -0.7285032
    endloop
  endfacet
  facet normal -0.4534737 0.1623804 0.8763528
    outer loop
      vertex -2.4146604 -1.0708703 -0.8542482
      vertex -2.2971060 -1.4212155 -0.7285032
      vertex -2.3466756 -1.0602451 -0.8210379
    endloop
  endfacet
  facet normal -0.7228817 0.0767655 0.6866943
    outer loop
      vertex -2.3466756 -1.0602451 -0.8210379
      vertex -2.2971060 -1.4212155 -0.7285032
      vertex -2.2463733 -1.3943088 -0.6781049
    endloop
  endfacet
  facet normal -0.7282170 0.0729224 0.6814561
    outer loop
      vertex -2.3466756 -1.0602451 -0.8210379
      vertex -2.2463733 -1.3943088 -0.6781049
      vertex -2.2946616 -1.0455945 -0.7670225
    endloop
  endfacet
  facet normal -0.9111798 -0.0212589 0.4114601
    outer loop
      vertex -2.2946616 -1.0455945 -0.7670225
      vertex -2.2463733 -1.3943088 -0.6781049
      vertex -2.2173314 -1.3681816 -0.6124415
    endloop
  endfacet
  facet normal -0.9141244 -0.0252290 0.4046481
    outer loop
      vertex -2.2946616 -1.0455945 -0.7670225
      vertex -2.2173314 -1.3681816 -0.6124415
      vertex -2.2648921 -1.0286857 -0.6987171
    endloop
  endfacet
  facet normal -0.9893435 -0.1163566 0.0875250
    outer loop
      vertex -2.2648921 -1.0286857 -0.6987171
      vertex -2.2173314 -1.3681816 -0.6124415
      vertex -2.2134830 -1.3459853 -0.5394328
    endloop
  endfacet
  facet normal -0.9895248 -0.1201468 0.0800335
    outer loop
      vertex -2.2648921 -1.0286857 -0.6987171
      vertex -2.2134830 -1.3459853 -0.5394328
      vertex -2.2609577 -1.0115581 -0.6243604
    endloop
  endfacet
  facet normal -0.9489162 -0.1972479 -0.2462749
    outer loop
      vertex -2.2609577 -1.0115581 -0.6243604
      vertex -2.2134830 -1.3459853 -0.5394328
      vertex -2.2352923 -1.3303970 -0.4678848
    endloop
  endfacet
  facet normal -0.9463150 -0.2005785 -0.2534881
    outer loop
      vertex -2.2609577 -1.0115581 -0.6243604
      vertex -2.2352923 -1.3303970 -0.4678848
      vertex -2.2833329 -0.9962775 -0.5529209
    endloop
  endfacet
  facet normal -0.7950299 -0.2544489 -0.5506207
    outer loop
      vertex -2.2833329 -0.9962775 -0.5529209
      vertex -2.2352923 -1.3303970 -0.4678848
      vertex -2.2801288 -1.3232969 -0.4064273
    endloop
  endfacet
  facet normal -0.7899551 -0.2571039 -0.5566584
    outer loop
      vertex -2.2833329 -0.9962775 -0.5529209
      vertex -2.2801288 -1.3232969 -0.4064273
      vertex -2.3293190 -0.9846870 -0.4930152
    endloop
  endfacet
  facet normal -0.5455375 -0.2811443 -0.7895231
    outer loop
      vertex -2.3293190 -0.9846870 -0.4930152
      vertex -2.2801288 -1.3232969 -0.4064273
      vertex -2.3425846 -1.3255414 -0.3624729
    endloop
  endfacet
  facet normal -0.5385672 -0.2829915 -0.7936380
    outer loop
      vertex -2.3293190 -0.9846870 -0.4930152
      vertex -2.3425846 -1.3255414 -0.3624729
      vertex -2.3933694 -0.9781846 -0.4518688
    endloop
  endfacet
  facet normal -0.2295563 -0.2739247 -0.9339535
    outer loop
      vertex -2.3933694 -0.9781846 -0.4518688
      vertex -2.3425846 -1.3255414 -0.3624729
      vertex -2.4151266 -1.3368598 -0.3413232
    endloop
  endfacet
  facet normal -0.2214757 -0.2749252 -0.9356092
    outer loop
      vertex -2.3933694 -0.9781846 -0.4518688
      vertex -2.4151266 -1.3368598 -0.3413232
      vertex -2.4677586 -0.9775546 -0.4344447
    endloop
  endfacet
  facet normal 0.1150767 -0.2333860 -0.9655508
    outer loop
      vertex -2.4677586 -0.9775546 -0.4344447
      vertex -2.4151266 -1.3368598 -0.3413232
      vertex -2.4890051 -1.3558869 -0.3455291
    endloop
  endfacet
  facet normal 0.1233393 -0.2335981 -0.9644788
    outer loop
      vertex -2.4677586 -0.9775546 -0.4344447
      vertex -2.4890051 -1.3558869 -0.3455291
      vertex -2.5435143 -0.9828729 -0.4428444
    endloop
  endfacet
  facet normal 0.4460896 -0.1643349 -0.8797716
    outer loop
      vertex -2.5435143 -0.9828729 -0.4428444
      vertex -2.4890051 -1.3558869 -0.3455291
      vertex -2.5553093 -1.3803278 -0.3745834
    endloop
  endfacet
  facet normal 0.4535536 -0.1639132 -0.8760260
    outer loop
      vertex -2.5435143 -0.9828729 -0.4428444
      vertex -2.5553093 -1.3803278 -0.3745834
      vertex -2.6114991 -0.9934981 -0.4760547
    endloop
  endfacet
  facet normal 0.7225798 -0.0752966 -0.6871746
    outer loop
      vertex -2.6114991 -0.9934981 -0.4760547
      vertex -2.5553093 -1.3803278 -0.3745834
      vertex -2.6060420 -1.4072345 -0.4249816
    endloop
  endfacet
  facet normal 0.7283418 -0.0744775 -0.6811544
    outer loop
      vertex -2.6114991 -0.9934981 -0.4760547
      vertex -2.6060420 -1.4072345 -0.4249816
      vertex -2.6635130 -1.0081487 -0.5300701
    endloop
  endfacet
  facet normal 0.9109331 0.0227103 -0.4119285
    outer loop
      vertex -2.6635130 -1.0081487 -0.5300701
      vertex -2.6060420 -1.4072345 -0.4249816
      vertex -2.6350839 -1.4333616 -0.4906451
    endloop
  endfacet
  facet normal 0.9143059 0.0236400 -0.4043338
    outer loop
      vertex -2.6635130 -1.0081487 -0.5300701
      vertex -2.6350839 -1.4333616 -0.4906451
      vertex -2.6932826 -1.0250575 -0.5983755
    endloop
  endfacet
  facet normal 0.9479171 0.2836685 -0.1448632
    outer loop
      vertex -2.6350839 -1.4333616 -0.4906451
      vertex -2.4966215 -1.8293913 -0.3601097
      vertex -2.4994312 -1.8564616 -0.4315034
    endloop
  endfacet
  facet normal 0.9487128 0.2850681 -0.1366755
    outer loop
      vertex -2.6350839 -1.4333616 -0.4906451
      vertex -2.4994312 -1.8564616 -0.4315034
      vertex -2.6389323 -1.4555580 -0.5636538
    endloop
  endfacet
  facet normal 0.9074159 0.3769688 0.1857170
    outer loop
      vertex -2.6389323 -1.4555580 -0.5636538
      vertex -2.4994312 -1.8564616 -0.4315034
      vertex -2.4781348 -1.8724428 -0.5031192
    endloop
  endfacet
  facet normal 0.9055375 0.3774177 0.1937982
    outer loop
      vertex -2.6389323 -1.4555580 -0.5636538
      vertex -2.4781348 -1.8724428 -0.5031192
      vertex -2.6171230 -1.4711463 -0.6352017
    endloop
  endfacet
  facet normal 0.7583510 0.4252565 0.4940250
    outer loop
      vertex -2.6171230 -1.4711463 -0.6352017
      vertex -2.4781348 -1.8724428 -0.5031192
      vertex -2.4353010 -1.8754073 -0.5663192
    endloop
  endfacet
  facet normal 0.7540923 0.4245472 0.5011033
    outer loop
      vertex -2.6171230 -1.4711463 -0.6352017
      vertex -2.4353010 -1.8754073 -0.5663192
      vertex -2.5722865 -1.4782464 -0.6966593
    endloop
  endfacet
  facet normal 0.5180248 0.4227124 0.7436158
    outer loop
      vertex -2.5722865 -1.4782464 -0.6966593
      vertex -2.4353010 -1.8754073 -0.5663192
      vertex -2.3760963 -1.8649975 -0.6134804
    endloop
  endfacet
  facet normal 0.5119408 0.4207657 0.7489145
    outer loop
      vertex -2.5722865 -1.4782464 -0.6966593
      vertex -2.3760963 -1.8649975 -0.6134804
      vertex -2.5098307 -1.4760018 -0.7406137
    endloop
  endfacet
  facet normal 0.2145013 0.3692683 0.9042290
    outer loop
      vertex -2.5098307 -1.4760018 -0.7406137
      vertex -2.3760963 -1.8649975 -0.6134804
      vertex -2.3076615 -1.8424690 -0.6389147
    endloop
  endfacet
  facet normal 0.2073572 0.3661412 0.9071624
    outer loop
      vertex -2.5098307 -1.4760018 -0.7406137
      vertex -2.3076615 -1.8424690 -0.6389147
      vertex -2.4372887 -1.4646835 -0.7617634
    endloop
  endfacet
  facet normal -0.1158536 0.2709862 0.9555859
    outer loop
      vertex -2.4372887 -1.4646835 -0.7617634
      vertex -2.3076615 -1.8424690 -0.6389147
      vertex -2.2382509 -1.8105391 -0.6395542
    endloop
  endfacet
  facet normal -0.1231482 0.2668747 0.9558307
    outer loop
      vertex -2.4372887 -1.4646835 -0.7617634
      vertex -2.2382509 -1.8105391 -0.6395542
      vertex -2.3634102 -1.4456564 -0.7575575
    endloop
  endfacet
  facet normal -0.4325012 0.1397134 0.8907429
    outer loop
      vertex -2.3634102 -1.4456564 -0.7575575
      vertex -2.2382509 -1.8105391 -0.6395542
      vertex -2.1762365 -1.7730590 -0.6153218
    endloop
  endfacet
  facet normal -0.4389918 0.1349415 0.8883001
    outer loop
      vertex -2.3634102 -1.4456564 -0.7575575
      vertex -2.1762365 -1.7730590 -0.6153218
      vertex -2.2971060 -1.4212155 -0.7285032
    endloop
  endfacet
  facet normal -0.6963113 -0.0083375 0.7176915
    outer loop
      vertex -2.2971060 -1.4212155 -0.7285032
      vertex -2.1762365 -1.7730590 -0.6153218
      vertex -2.1290981 -1.7345494 -0.5691403
    endloop
  endfacet
  facet normal -0.7011289 -0.0133527 0.7129096
    outer loop
      vertex -2.2971060 -1.4212155 -0.7285032
      vertex -2.1290981 -1.7345494 -0.5691403
      vertex -2.2463733 -1.3943088 -0.6781049
    endloop
  endfacet
  facet normal -0.8752293 -0.1549264 0.4582265
    outer loop
      vertex -2.2463733 -1.3943088 -0.6781049
      vertex -2.1290981 -1.7345494 -0.5691403
      vertex -2.1025213 -1.6996550 -0.5065798
    endloop
  endfacet
  facet normal -0.8777229 -0.1597332 0.4517608
    outer loop
      vertex -2.2463733 -1.3943088 -0.6781049
      vertex -2.1025213 -1.6996550 -0.5065798
      vertex -2.2173314 -1.3681816 -0.6124415
    endloop
  endfacet
  facet normal -0.9483772 -0.2823697 0.1443888
    outer loop
      vertex -2.2173314 -1.3681816 -0.6124415
      vertex -2.1025213 -1.6996550 -0.5065798
      vertex -2.0997116 -1.6725847 -0.4351862
    endloop
  endfacet
  facet normal -0.9482056 -0.2865484 0.1370988
    outer loop
      vertex -2.2173314 -1.3681816 -0.6124415
      vertex -2.0997116 -1.6725847 -0.4351862
      vertex -2.2134830 -1.3459853 -0.5394328
    endloop
  endfacet
  facet normal -0.9078673 -0.3756708 -0.1861409
    outer loop
      vertex -2.2134830 -1.3459853 -0.5394328
      vertex -2.0997116 -1.6725847 -0.4351862
      vertex -2.1210080 -1.6566036 -0.3635704
    endloop
  endfacet
  facet normal -0.9050246 -0.3788897 -0.1933212
    outer loop
      vertex -2.2134830 -1.3459853 -0.5394328
      vertex -2.1210080 -1.6566036 -0.3635704
      vertex -2.2352923 -1.3303970 -0.4678848
    endloop
  endfacet
  facet normal -0.7588292 -0.4239535 -0.4944103
    outer loop
      vertex -2.2352923 -1.3303970 -0.4678848
      vertex -2.1210080 -1.6566036 -0.3635704
      vertex -2.1638417 -1.6536391 -0.3003704
    endloop
  endfacet
  facet normal -0.7536148 -0.4260018 -0.5005869
    outer loop
      vertex -2.2352923 -1.3303970 -0.4678848
      vertex -2.1638417 -1.6536391 -0.3003704
      vertex -2.2801288 -1.3232969 -0.4064273
    endloop
  endfacet
  facet normal -0.5185543 -0.4214011 -0.7439910
    outer loop
      vertex -2.2801288 -1.3232969 -0.4064273
      vertex -2.1638417 -1.6536391 -0.3003704
      vertex -2.2230465 -1.6640489 -0.2532091
    endloop
  endfacet
  facet normal -0.5115216 -0.4222020 -0.7483923
    outer loop
      vertex -2.2801288 -1.3232969 -0.4064273
      vertex -2.2230465 -1.6640489 -0.2532091
      vertex -2.3425846 -1.3255414 -0.3624729
    endloop
  endfacet
  facet normal -0.2150837 -0.3679499 -0.9046280
    outer loop
      vertex -2.3425846 -1.3255414 -0.3624729
      vertex -2.2230465 -1.6640489 -0.2532091
      vertex -2.2914813 -1.6865774 -0.2277748
    endloop
  endfacet
  facet normal -0.2069912 -0.3675662 -0.9066696
    outer loop
      vertex -2.3425846 -1.3255414 -0.3624729
      vertex -2.2914813 -1.6865774 -0.2277748
      vertex -2.4151266 -1.3368598 -0.3413232
    endloop
  endfacet
  facet normal 0.1152420 -0.2696658 -0.9560333
    outer loop
      vertex -2.4151266 -1.3368598 -0.3413232
      vertex -2.2914813 -1.6865774 -0.2277748
      vertex -2.3608919 -1.7185072 -0.2271353
    endloop
  endfacet
  facet normal 0.1234901 -0.2683004 -0.9553874
    outer loop
      vertex -2.4151266 -1.3368598 -0.3413232
      vertex -2.3608919 -1.7185072 -0.2271353
      vertex -2.4890051 -1.3558869 -0.3455291
    endloop
  endfacet
  facet normal 0.4318994 -0.1383962 -0.8912404
    outer loop
      vertex -2.4890051 -1.3558869 -0.3455291
      vertex -2.3608919 -1.7185072 -0.2271353
      vertex -2.4229063 -1.7559873 -0.2513677
    endloop
  endfacet
  facet normal 0.4393485 -0.1363803 -0.8879039
    outer loop
      vertex -2.4890051 -1.3558869 -0.3455291
      vertex -2.4229063 -1.7559873 -0.2513677
      vertex -2.5553093 -1.3803278 -0.3745834
    endloop
  endfacet
  facet normal 0.6957538 0.0096484 -0.7182156
    outer loop
      vertex -2.5553093 -1.3803278 -0.3745834
      vertex -2.4229063 -1.7559873 -0.2513677
      vertex -2.4700447 -1.7944970 -0.2975493
    endloop
  endfacet
  facet normal 0.7015330 0.0118943 -0.7125377
    outer loop
      vertex -2.5553093 -1.3803278 -0.3745834
      vertex -2.4700447 -1.7944970 -0.2975493
      vertex -2.6060420 -1.4072345 -0.4249816
    endloop
  endfacet
  facet normal 0.8747279 0.1562304 -0.4587408
    outer loop
      vertex -2.6060420 -1.4072345 -0.4249816
      vertex -2.4700447 -1.7944970 -0.2975493
      vertex -2.4966215 -1.8293913 -0.3601097
    endloop
  endfacet
  facet normal 0.8781864 0.1582581 -0.4513789
    outer loop
      vertex -2.6060420 -1.4072345 -0.4249816
      vertex -2.4966215 -1.8293913 -0.3601097
      vertex -2.6350839 -1.4333616 -0.4906451
    endloop
  endfacet
  facet normal 0.8755915 0.4356919 -0.2085955
    outer loop
      vertex -2.4966215 -1.8293913 -0.3601097
      vertex -2.2798176 -2.1940973 -0.2118217
      vertex -2.2806164 -2.2257774 -0.2813449
    endloop
  endfacet
  facet normal 0.8764492 0.4377716 -0.2004818
    outer loop
      vertex -2.4966215 -1.8293913 -0.3601097
      vertex -2.2806164 -2.2257774 -0.2813449
      vertex -2.4994312 -1.8564616 -0.4315034
    endloop
  endfacet
  facet normal 0.8325525 0.5412396 0.1179660
    outer loop
      vertex -2.4994312 -1.8564616 -0.4315034
      vertex -2.2806164 -2.2257774 -0.2813449
      vertex -2.2596966 -2.2423532 -0.3529365
    endloop
  endfacet
  facet normal 0.8309217 0.5418960 0.1261662
    outer loop
      vertex -2.4994312 -1.8564616 -0.4315034
      vertex -2.2596966 -2.2423532 -0.3529365
      vertex -2.4781348 -1.8724428 -0.5031192
    endloop
  endfacet
  facet normal 0.6898965 0.5821108 0.4303369
    outer loop
      vertex -2.4781348 -1.8724428 -0.5031192
      vertex -2.2596966 -2.2423532 -0.3529365
      vertex -2.2195813 -2.2418254 -0.4179615
    endloop
  endfacet
  facet normal 0.6860653 0.5811317 0.4377219
    outer loop
      vertex -2.4781348 -1.8724428 -0.5031192
      vertex -2.2195813 -2.2418254 -0.4179615
      vertex -2.4353010 -1.8754073 -0.5663192
    endloop
  endfacet
  facet normal 0.4642062 0.5533206 0.6916278
    outer loop
      vertex -2.4353010 -1.8754073 -0.5663192
      vertex -2.2195813 -2.2418254 -0.4179615
      vertex -2.1651091 -2.2242577 -0.4685767
    endloop
  endfacet
  facet normal 0.4587028 0.5506724 0.6973892
    outer loop
      vertex -2.4353010 -1.8754073 -0.5663192
      vertex -2.1651091 -2.2242577 -0.4685767
      vertex -2.3760963 -1.8649975 -0.6134804
    endloop
  endfacet
  facet normal 0.1818496 0.4578052 0.8702558
    outer loop
      vertex -2.3760963 -1.8649975 -0.6134804
      vertex -2.1651091 -2.2242577 -0.4685767
      vertex -2.1028500 -2.1917690 -0.4986774
    endloop
  endfacet
  facet normal 0.1753998 0.4536407 0.8737534
    outer loop
      vertex -2.3760963 -1.8649975 -0.6134804
      vertex -2.1028500 -2.1917690 -0.4986774
      vertex -2.3076615 -1.8424690 -0.6389147
    endloop
  endfacet
  facet normal -0.1233442 0.3066002 0.9438128
    outer loop
      vertex -2.3076615 -1.8424690 -0.6389147
      vertex -2.1028500 -2.1917690 -0.4986774
      vertex -2.0403136 -2.1482780 -0.5046329
    endloop
  endfacet
  facet normal -0.1298794 0.3012573 0.9446562
    outer loop
      vertex -2.3076615 -1.8424690 -0.6389147
      vertex -2.0403136 -2.1482780 -0.5046329
      vertex -2.2382509 -1.8105391 -0.6395542
    endloop
  endfacet
  facet normal -0.4139257 0.1179987 0.9026305
    outer loop
      vertex -2.2382509 -1.8105391 -0.6395542
      vertex -2.0403136 -2.1482780 -0.5046329
      vertex -1.9850424 -2.0990302 -0.4857249
    endloop
  endfacet
  facet normal -0.4196484 0.1119751 0.9007535
    outer loop
      vertex -2.2382509 -1.8105391 -0.6395542
      vertex -1.9850424 -2.0990302 -0.4857249
      vertex -2.1762365 -1.7730590 -0.6153218
    endloop
  endfacet
  facet normal -0.6539791 -0.0847059 0.7517554
    outer loop
      vertex -2.1762365 -1.7730590 -0.6153218
      vertex -1.9850424 -2.0990302 -0.4857249
      vertex -1.9437032 -2.0499656 -0.4442339
    endloop
  endfacet
  facet normal -0.6580840 -0.0908146 0.7474477
    outer loop
      vertex -2.1762365 -1.7730590 -0.6153218
      vertex -1.9437032 -2.0499656 -0.4442339
      vertex -2.1290981 -1.7345494 -0.5691403
    endloop
  endfacet
  facet normal -0.8143308 -0.2765789 0.5102642
    outer loop
      vertex -2.1290981 -1.7345494 -0.5691403
      vertex -1.9437032 -2.0499656 -0.4442339
      vertex -1.9212820 -2.0070023 -0.3851645
    endloop
  endfacet
  facet normal -0.8162298 -0.2821671 0.5041335
    outer loop
      vertex -2.1290981 -1.7345494 -0.5691403
      vertex -1.9212820 -2.0070023 -0.3851645
      vertex -2.1025213 -1.6996550 -0.5065798
    endloop
  endfacet
  facet normal -0.8762881 -0.4345377 0.2080775
    outer loop
      vertex -2.1025213 -1.6996550 -0.5065798
      vertex -1.9212820 -2.0070023 -0.3851645
      vertex -1.9204832 -1.9753222 -0.3156412
    endloop
  endfacet
  facet normal -0.8756878 -0.4390796 0.2009478
    outer loop
      vertex -2.1025213 -1.6996550 -0.5065798
      vertex -1.9204832 -1.9753222 -0.3156412
      vertex -2.0997116 -1.6725847 -0.4351862
    endloop
  endfacet
  facet normal -0.8332440 -0.5400710 -0.1184386
    outer loop
      vertex -2.0997116 -1.6725847 -0.4351862
      vertex -1.9204832 -1.9753222 -0.3156412
      vertex -1.9414030 -1.9587464 -0.2440496
    endloop
  endfacet
  facet normal -0.8301591 -0.5431827 -0.1256523
    outer loop
      vertex -2.0997116 -1.6725847 -0.4351862
      vertex -1.9414030 -1.9587464 -0.2440496
      vertex -2.1210080 -1.6566036 -0.3635704
    endloop
  endfacet
  facet normal -0.6906177 -0.5809325 -0.4307722
    outer loop
      vertex -2.1210080 -1.6566036 -0.3635704
      vertex -1.9414030 -1.9587464 -0.2440496
      vertex -1.9815183 -1.9592742 -0.1790247
    endloop
  endfacet
  facet normal -0.6853397 -0.5824013 -0.4371706
    outer loop
      vertex -2.1210080 -1.6566036 -0.3635704
      vertex -1.9815183 -1.9592742 -0.1790247
      vertex -2.1638417 -1.6536391 -0.3003704
    endloop
  endfacet
  facet normal -0.4649791 -0.5521419 -0.6920504
    outer loop
      vertex -2.1638417 -1.6536391 -0.3003704
      vertex -1.9815183 -1.9592742 -0.1790247
      vertex -2.0359905 -1.9768419 -0.1284094
    endloop
  endfacet
  facet normal -0.4580341 -0.5519370 -0.6968288
    outer loop
      vertex -2.1638417 -1.6536391 -0.3003704
      vertex -2.0359905 -1.9768419 -0.1284094
      vertex -2.2230465 -1.6640489 -0.2532091
    endloop
  endfacet
  facet normal -0.1826728 -0.4566367 -0.8706972
    outer loop
      vertex -2.2230465 -1.6640489 -0.2532091
      vertex -2.0359905 -1.9768419 -0.1284094
      vertex -2.0982496 -2.0093306 -0.0983088
    endloop
  endfacet
  facet normal -0.1747807 -0.4549139 -0.8732153
    outer loop
      vertex -2.2230465 -1.6640489 -0.2532091
      vertex -2.0982496 -2.0093306 -0.0983088
      vertex -2.2914813 -1.6865774 -0.2277748
    endloop
  endfacet
  facet normal 0.1224965 -0.3054476 -0.9442968
    outer loop
      vertex -2.2914813 -1.6865774 -0.2277748
      vertex -2.0982496 -2.0093306 -0.0983088
      vertex -2.1607861 -2.0528217 -0.0923533
    endloop
  endfacet
  facet normal 0.1304782 -0.3025490 -0.9441608
    outer loop
      vertex -2.2914813 -1.6865774 -0.2277748
      vertex -2.1607861 -2.0528217 -0.0923533
      vertex -2.3608919 -1.7185072 -0.2271353
    endloop
  endfacet
  facet normal 0.4130919 -0.1168594 -0.9031606
    outer loop
      vertex -2.3608919 -1.7185072 -0.2271353
      vertex -2.1607861 -2.0528217 -0.0923533
      vertex -2.2160572 -2.1020695 -0.1112613
    endloop
  endfacet
  facet normal 0.4202650 -0.1132872 -0.9003018
    outer loop
      vertex -2.3608919 -1.7185072 -0.2271353
      vertex -2.2160572 -2.1020695 -0.1112613
      vertex -2.4229063 -1.7559873 -0.2513677
    endloop
  endfacet
  facet normal 0.6531905 0.0858412 -0.7523121
    outer loop
      vertex -2.4229063 -1.7559873 -0.2513677
      vertex -2.2160572 -2.1020695 -0.1112613
      vertex -2.2573964 -2.1511340 -0.1527522
    endloop
  endfacet
  facet normal 0.6587490 0.0894897 -0.7470217
    outer loop
      vertex -2.4229063 -1.7559873 -0.2513677
      vertex -2.2573964 -2.1511340 -0.1527522
      vertex -2.4700447 -1.7944970 -0.2975493
    endloop
  endfacet
  facet normal 0.8135963 0.2777202 -0.5108156
    outer loop
      vertex -2.4700447 -1.7944970 -0.2975493
      vertex -2.2573964 -2.1511340 -0.1527522
      vertex -2.2798176 -2.1940973 -0.2118217
    endloop
  endfacet
  facet normal 0.8169521 0.2808438 -0.5037023
    outer loop
      vertex -2.4700447 -1.7944970 -0.2975493
      vertex -2.2798176 -2.1940973 -0.2118217
      vertex -2.4966215 -1.8293913 -0.3601097
    endloop
  endfacet
  facet normal 0.7754677 0.5674730 -0.2768108
    outer loop
      vertex -2.2798176 -2.1940973 -0.2118217
      vertex -1.9918327 -2.5094089 -0.0514517
      vertex -1.9896271 -2.5453059 -0.1188631
    endloop
  endfacet
  facet normal 0.7762565 0.5702529 -0.2687703
    outer loop
      vertex -2.2798176 -2.1940973 -0.2118217
      vertex -1.9896271 -2.5453059 -0.1188631
      vertex -2.2806164 -2.2257774 -0.2813449
    endloop
  endfacet
  facet normal 0.7271374 0.6850223 0.0448967
    outer loop
      vertex -2.2806164 -2.2257774 -0.2813449
      vertex -1.9896271 -2.5453059 -0.1188631
      vertex -1.9688223 -2.5627083 -0.1902918
    endloop
  endfacet
  facet normal 0.7257010 0.6859473 0.0532382
    outer loop
      vertex -2.2806164 -2.2257774 -0.2813449
      vertex -1.9688223 -2.5627083 -0.1902918
      vertex -2.2596966 -2.2423532 -0.3529365
    endloop
  endfacet
  facet normal 0.5917946 0.7206750 0.3611187
    outer loop
      vertex -2.2596966 -2.2423532 -0.3529365
      vertex -1.9688223 -2.5627083 -0.1902918
      vertex -1.9319276 -2.5595172 -0.2571226
    endloop
  endfacet
  facet normal 0.5884197 0.7195226 0.3688489
    outer loop
      vertex -2.2596966 -2.2423532 -0.3529365
      vertex -1.9319276 -2.5595172 -0.2571226
      vertex -2.2195813 -2.2418254 -0.4179615
    endloop
  endfacet
  facet normal 0.3852101 0.6700441 0.6345503
    outer loop
      vertex -2.2195813 -2.2418254 -0.4179615
      vertex -1.9319276 -2.5595172 -0.2571226
      vertex -1.8833930 -2.5361175 -0.3112946
    endloop
  endfacet
  facet normal 0.3803952 0.6668173 0.6408230
    outer loop
      vertex -2.2195813 -2.2418254 -0.4179615
      vertex -1.8833930 -2.5361175 -0.3112946
      vertex -2.1651091 -2.2242577 -0.4685767
    endloop
  endfacet
  facet normal 0.1315457 0.5385655 0.8322517
    outer loop
      vertex -2.1651091 -2.2242577 -0.4685767
      vertex -1.8833930 -2.5361175 -0.3112946
      vertex -1.8290726 -2.4953315 -0.3462738
    endloop
  endfacet
  facet normal 0.1259638 0.5335022 0.8363662
    outer loop
      vertex -2.1651091 -2.2242577 -0.4685767
      vertex -1.8290726 -2.4953315 -0.3462738
      vertex -2.1028500 -2.1917690 -0.4986774
    endloop
  endfacet
  facet normal -0.1388023 0.3415089 0.9295728
    outer loop
      vertex -2.1028500 -2.1917690 -0.4986774
      vertex -1.8290726 -2.4953315 -0.3462738
      vertex -1.7755182 -2.4420786 -0.3578414
    endloop
  endfacet
  facet normal -0.1443626 0.3350773 0.9310653
    outer loop
      vertex -2.1028500 -2.1917690 -0.4986774
      vertex -1.7755182 -2.4420786 -0.3578414
      vertex -2.0403136 -2.1482780 -0.5046329
    endloop
  endfacet
  facet normal -0.3926594 0.1027313 0.9139283
    outer loop
      vertex -2.0403136 -2.1482780 -0.5046329
      vertex -1.7755182 -2.4420786 -0.3578414
      vertex -1.7291892 -2.3827819 -0.3446020
    endloop
  endfacet
  facet normal -0.3973890 0.0955895 0.9126580
    outer loop
      vertex -2.0403136 -2.1482780 -0.5046329
      vertex -1.7291892 -2.3827819 -0.3446020
      vertex -1.9850424 -2.0990302 -0.4857249
    endloop
  endfacet
  facet normal -0.5986394 -0.1482830 0.7871741
    outer loop
      vertex -1.9850424 -2.0990302 -0.4857249
      vertex -1.7291892 -2.3827819 -0.3446020
      vertex -1.6956737 -2.3245934 -0.3081525
    endloop
  endfacet
  facet normal -0.6018295 -0.1553744 0.7833646
    outer loop
      vertex -1.9850424 -2.0990302 -0.4857249
      vertex -1.6956737 -2.3245934 -0.3081525
      vertex -1.9437032 -2.0499656 -0.4442339
    endloop
  endfacet
  facet normal -0.7317062 -0.3806670 0.5654190
    outer loop
      vertex -1.9437032 -2.0499656 -0.4442339
      vertex -1.6956737 -2.3245934 -0.3081525
      vertex -1.6790140 -2.2745316 -0.2528892
    endloop
  endfacet
  facet normal -0.7328580 -0.3869617 0.5596247
    outer loop
      vertex -1.9437032 -2.0499656 -0.4442339
      vertex -1.6790140 -2.2745316 -0.2528892
      vertex -1.9212820 -2.0070023 -0.3851645
    endloop
  endfacet
  facet normal -0.7763862 -0.5664868 0.2762556
    outer loop
      vertex -1.9212820 -2.0070023 -0.3851645
      vertex -1.6790140 -2.2745316 -0.2528892
      vertex -1.6812195 -2.2386346 -0.1854778
    endloop
  endfacet
  facet normal -0.7752714 -0.5713595 0.2692632
    outer loop
      vertex -1.9212820 -2.0070023 -0.3851645
      vertex -1.6812195 -2.2386346 -0.1854778
      vertex -1.9204832 -1.9753222 -0.3156412
    endloop
  endfacet
  facet normal -0.7280572 -0.6840106 -0.0454111
    outer loop
      vertex -1.9204832 -1.9753222 -0.3156412
      vertex -1.6812195 -2.2386346 -0.1854778
      vertex -1.7020244 -2.2212322 -0.1140491
    endloop
  endfacet
  facet normal -0.7247209 -0.6870241 -0.0527025
    outer loop
      vertex -1.9204832 -1.9753222 -0.3156412
      vertex -1.7020244 -2.2212322 -0.1140491
      vertex -1.9414030 -1.9587464 -0.2440496
    endloop
  endfacet
  facet normal -0.5927469 -0.7196525 -0.3615956
    outer loop
      vertex -1.9414030 -1.9587464 -0.2440496
      vertex -1.7020244 -2.2212322 -0.1140491
      vertex -1.7389191 -2.2244233 -0.0472183
    endloop
  endfacet
  facet normal -0.5874771 -0.7205855 -0.3682760
    outer loop
      vertex -1.9414030 -1.9587464 -0.2440496
      vertex -1.7389191 -2.2244233 -0.0472183
      vertex -1.9815183 -1.9592742 -0.1790247
    endloop
  endfacet
  facet normal -0.3862117 -0.6690312 -0.6350101
    outer loop
      vertex -1.9815183 -1.9592742 -0.1790247
      vertex -1.7389191 -2.2244233 -0.0472183
      vertex -1.7874537 -2.2478230 0.0069537
    endloop
  endfacet
  facet normal -0.3795042 -0.6678882 -0.6402358
    outer loop
      vertex -1.9815183 -1.9592742 -0.1790247
      vertex -1.7874537 -2.2478230 0.0069537
      vertex -2.0359905 -1.9768419 -0.1284094
    endloop
  endfacet
  facet normal -0.1325906 -0.5375788 -0.8327237
    outer loop
      vertex -2.0359905 -1.9768419 -0.1284094
      vertex -1.7874537 -2.2478230 0.0069537
      vertex -1.8417741 -2.2886090 0.0419329
    endloop
  endfacet
  facet normal -0.1251146 -0.5345988 -0.8357933
    outer loop
      vertex -2.0359905 -1.9768419 -0.1284094
      vertex -1.8417741 -2.2886090 0.0419329
      vertex -2.0982496 -2.0093306 -0.0983088
    endloop
  endfacet
  facet normal 0.1377413 -0.3405524 -0.9300814
    outer loop
      vertex -2.0982496 -2.0093306 -0.0983088
      vertex -1.8417741 -2.2886090 0.0419329
      vertex -1.8953285 -2.3418619 0.0535005
    endloop
  endfacet
  facet normal 0.1451986 -0.3362057 -0.9305284
    outer loop
      vertex -2.0982496 -2.0093306 -0.0983088
      vertex -1.8953285 -2.3418619 0.0535005
      vertex -2.1607861 -2.0528217 -0.0923533
    endloop
  endfacet
  facet normal 0.3916173 -0.1017940 -0.9144801
    outer loop
      vertex -2.1607861 -2.0528217 -0.0923533
      vertex -1.8953285 -2.3418619 0.0535005
      vertex -1.9416574 -2.4011586 0.0402611
    endloop
  endfacet
  facet normal 0.3982462 -0.0967417 -0.9121628
    outer loop
      vertex -2.1607861 -2.0528217 -0.0923533
      vertex -1.9416574 -2.4011586 0.0402611
      vertex -2.2160572 -2.1020695 -0.1112613
    endloop
  endfacet
  facet normal 0.5976420 0.1492211 -0.7877545
    outer loop
      vertex -2.2160572 -2.1020695 -0.1112613
      vertex -1.9416574 -2.4011586 0.0402611
      vertex -1.9751730 -2.4593471 0.0038116
    endloop
  endfacet
  facet normal 0.6027335 0.1542181 -0.7828979
    outer loop
      vertex -2.2160572 -2.1020695 -0.1112613
      vertex -1.9751730 -2.4593471 0.0038116
      vertex -2.2573964 -2.1511340 -0.1527522
    endloop
  endfacet
  facet normal 0.7307574 0.3816245 -0.5660003
    outer loop
      vertex -2.2573964 -2.1511340 -0.1527522
      vertex -1.9751730 -2.4593471 0.0038116
      vertex -1.9918327 -2.5094089 -0.0514517
    endloop
  endfacet
  facet normal 0.7338128 0.3858235 -0.5591592
    outer loop
      vertex -2.2573964 -2.1511340 -0.1527522
      vertex -1.9918327 -2.5094089 -0.0514517
      vertex -2.2798176 -2.1940973 -0.2118217
    endloop
  endfacet
  facet normal 0.6521284 0.6738822 -0.3472914
    outer loop
      vertex -1.9918327 -2.5094089 -0.0514517
      vertex -1.6445674 -2.7597203 0.1149249
      vertex -1.6383736 -2.7992571 0.0498386
    endloop
  endfacet
  facet normal 0.6527056 0.6773631 -0.3393445
    outer loop
      vertex -1.9918327 -2.5094089 -0.0514517
      vertex -1.6383736 -2.7992571 0.0498386
      vertex -1.9896271 -2.5453059 -0.1188631
    endloop
  endfacet
  facet normal 0.5954441 0.8027861 -0.0313177
    outer loop
      vertex -1.9896271 -2.5453059 -0.1188631
      vertex -1.6383736 -2.7992571 0.0498386
      vertex -1.6172991 -2.8176621 -0.0212591
    endloop
  endfacet
  facet normal 0.5941378 0.8040390 -0.0228381
    outer loop
      vertex -1.9896271 -2.5453059 -0.1188631
      vertex -1.6172991 -2.8176621 -0.0212591
      vertex -1.9688223 -2.5627083 -0.1902918
    endloop
  endfacet
  facet normal 0.4674989 0.8356791 0.2882452
    outer loop
      vertex -1.9688223 -2.5627083 -0.1902918
      vertex -1.6172991 -2.8176621 -0.0212591
      vertex -1.5838858 -2.8127155 -0.0897926
    endloop
  endfacet
  facet normal 0.4645997 0.8344663 0.2963326
    outer loop
      vertex -1.9688223 -2.5627083 -0.1902918
      vertex -1.5838858 -2.8127155 -0.0897926
      vertex -1.9319276 -2.5595172 -0.2571226
    endloop
  endfacet
  facet normal 0.2832449 0.7685051 0.5737353
    outer loop
      vertex -1.9319276 -2.5595172 -0.2571226
      vertex -1.5838858 -2.8127155 -0.0897926
      vertex -1.5421639 -2.7850139 -0.1474958
    endloop
  endfacet
  facet normal 0.2792191 0.7648566 0.5805438
    outer loop
      vertex -1.9319276 -2.5595172 -0.2571226
      vertex -1.5421639 -2.7850139 -0.1474958
      vertex -1.8833930 -2.5361175 -0.3112946
    endloop
  endfacet
  facet normal 0.0642731 0.6085921 0.7908758
    outer loop
      vertex -1.8833930 -2.5361175 -0.3112946
      vertex -1.5421639 -2.7850139 -0.1474958
      vertex -1.4971656 -2.7378985 -0.1874088
    endloop
  endfacet
  facet normal 0.0597276 0.6028171 0.7956407
    outer loop
      vertex -1.8833930 -2.5361175 -0.3112946
      vertex -1.4971656 -2.7378985 -0.1874088
      vertex -1.8290726 -2.4953315 -0.3462738
    endloop
  endfacet
  facet normal -0.1631563 0.3745375 0.9127440
    outer loop
      vertex -1.8290726 -2.4953315 -0.3462738
      vertex -1.4971656 -2.7378985 -0.1874088
      vertex -1.4543184 -2.6770521 -0.2047175
    endloop
  endfacet
  facet normal -0.1675295 0.3672168 0.9149239
    outer loop
      vertex -1.8290726 -2.4953315 -0.3462738
      vertex -1.4543184 -2.6770521 -0.2047175
      vertex -1.7755182 -2.4420786 -0.3578414
    endloop
  endfacet
  facet normal -0.3711216 0.0946637 0.9237465
    outer loop
      vertex -1.7755182 -2.4420786 -0.3578414
      vertex -1.4543184 -2.6770521 -0.2047175
      vertex -1.4187903 -2.6098138 -0.1973343
    endloop
  endfacet
  facet normal -0.3746336 0.0865953 0.9231202
    outer loop
      vertex -1.7755182 -2.4420786 -0.3578414
      vertex -1.4187903 -2.6098138 -0.1973343
      vertex -1.7291892 -2.3827819 -0.3446020
    endloop
  endfacet
  facet normal -0.5338971 -0.1964813 0.8224044
    outer loop
      vertex -1.7291892 -2.3827819 -0.3446020
      vertex -1.4187903 -2.6098138 -0.1973343
      vertex -1.3948665 -2.5442933 -0.1661497
    endloop
  endfacet
  facet normal -0.5359678 -0.2043935 0.8191226
    outer loop
      vertex -1.7291892 -2.3827819 -0.3446020
      vertex -1.3948665 -2.5442933 -0.1661497
      vertex -1.6956737 -2.3245934 -0.3081525
    endloop
  endfacet
  facet normal -0.6317063 -0.4630865 0.6216897
    outer loop
      vertex -1.6956737 -2.3245934 -0.3081525
      vertex -1.3948665 -2.5442933 -0.1661497
      vertex -1.3854326 -2.4883936 -0.1149249
    endloop
  endfacet
  facet normal -0.6319527 -0.4699730 0.6162476
    outer loop
      vertex -1.6956737 -2.3245934 -0.3081525
      vertex -1.3854326 -2.4883936 -0.1149249
      vertex -1.6790140 -2.2745316 -0.2528892
    endloop
  endfacet
  facet normal -0.6532518 -0.6730950 0.3467064
    outer loop
      vertex -1.6790140 -2.2745316 -0.2528892
      vertex -1.3854326 -2.4883936 -0.1149249
      vertex -1.3916264 -2.4488569 -0.0498386
    endloop
  endfacet
  facet normal -0.6515294 -0.6782411 0.3398505
    outer loop
      vertex -1.6790140 -2.2745316 -0.2528892
      vertex -1.3916264 -2.4488569 -0.0498386
      vertex -1.6812195 -2.2386346 -0.1854778
    endloop
  endfacet
  facet normal -0.5965770 -0.8019658 0.0307696
    outer loop
      vertex -1.6812195 -2.2386346 -0.1854778
      vertex -1.3916264 -2.4488569 -0.0498386
      vertex -1.4127009 -2.4304518 0.0212591
    endloop
  endfacet
  facet normal -0.5929733 -0.8048825 0.0233828
    outer loop
      vertex -1.6812195 -2.2386346 -0.1854778
      vertex -1.4127009 -2.4304518 0.0212591
      vertex -1.7020244 -2.2212322 -0.1140491
    endloop
  endfacet
  facet normal -0.4686659 -0.8348492 -0.2887543
    outer loop
      vertex -1.7020244 -2.2212322 -0.1140491
      vertex -1.4127009 -2.4304518 0.0212591
      vertex -1.4461142 -2.4353985 0.0897926
    endloop
  endfacet
  facet normal -0.4634714 -0.8353003 -0.2957495
    outer loop
      vertex -1.7020244 -2.2212322 -0.1140491
      vertex -1.4461142 -2.4353985 0.0897926
      vertex -1.7389191 -2.2244233 -0.0472183
    endloop
  endfacet
  facet normal -0.2844553 -0.7676946 -0.5742214
    outer loop
      vertex -1.7389191 -2.2244233 -0.0472183
      vertex -1.4461142 -2.4353985 0.0897926
      vertex -1.4878361 -2.4631001 0.1474958
    endloop
  endfacet
  facet normal -0.2781338 -0.7657097 -0.5799399
    outer loop
      vertex -1.7389191 -2.2244233 -0.0472183
      vertex -1.4878361 -2.4631001 0.1474958
      vertex -1.7874537 -2.2478230 0.0069537
    endloop
  endfacet
  facet normal -0.0655156 -0.6078212 -0.7913666
    outer loop
      vertex -1.7874537 -2.2478230 0.0069537
      vertex -1.4878361 -2.4631001 0.1474958
      vertex -1.5328344 -2.5102155 0.1874088
    endloop
  endfacet
  facet normal -0.0586727 -0.6037091 -0.7950427
    outer loop
      vertex -1.7874537 -2.2478230 0.0069537
      vertex -1.5328344 -2.5102155 0.1874088
      vertex -1.8417741 -2.2886090 0.0419329
    endloop
  endfacet
  facet normal 0.1619085 -0.3738072 -0.9132655
    outer loop
      vertex -1.8417741 -2.2886090 0.0419329
      vertex -1.5328344 -2.5102155 0.1874088
      vertex -1.5756816 -2.5710618 0.2047175
    endloop
  endfacet
  facet normal 0.1685803 -0.3681501 -0.9143556
    outer loop
      vertex -1.8417741 -2.2886090 0.0419329
      vertex -1.5756816 -2.5710618 0.2047175
      vertex -1.8953285 -2.3418619 0.0535005
    endloop
  endfacet
  facet normal 0.3698980 -0.0939554 -0.9243094
    outer loop
      vertex -1.8953285 -2.3418619 0.0535005
      vertex -1.5756816 -2.5710618 0.2047175
      vertex -1.6112097 -2.6383002 0.1973343
    endloop
  endfacet
  facet normal 0.3757088 -0.0875532 -0.9225927
    outer loop
      vertex -1.8953285 -2.3418619 0.0535005
      vertex -1.6112097 -2.6383002 0.1973343
      vertex -1.9416574 -2.4011586 0.0402611
    endloop
  endfacet
  facet normal 0.5327153 0.1971961 -0.8229995
    outer loop
      vertex -1.9416574 -2.4011586 0.0402611
      vertex -1.6112097 -2.6383002 0.1973343
      vertex -1.6351335 -2.7038206 0.1661497
    endloop
  endfacet
  facet normal 0.5370852 0.2034400 -0.8186279
    outer loop
      vertex -1.9416574 -2.4011586 0.0402611
      vertex -1.6351335 -2.7038206 0.1661497
      vertex -1.9751730 -2.4593471 0.0038116
    endloop
  endfacet
  facet normal 0.6305638 0.4638324 -0.6222932
    outer loop
      vertex -1.9751730 -2.4593471 0.0038116
      vertex -1.6351335 -2.7038206 0.1661497
      vertex -1.6445674 -2.7597203 0.1149249
    endloop
  endfacet
  facet normal 0.6331102 0.4690512 -0.6157616
    outer loop
      vertex -1.9751730 -2.4593471 0.0038116
      vertex -1.6445674 -2.7597203 0.1149249
      vertex -1.9918327 -2.5094089 -0.0514517
    endloop
  endfacet
  facet normal 0.5109921 0.7511300 -0.4179603
    outer loop
      vertex -1.6445674 -2.7597203 0.1149249
      vertex -1.2537366 -2.9331628 0.2810499
      vertex -1.2426423 -2.9755428 0.2184512
    endloop
  endfacet
  facet normal 0.5112075 0.7552792 -0.4101465
    outer loop
      vertex -1.6445674 -2.7597203 0.1149249
      vertex -1.2426423 -2.9755428 0.2184512
      vertex -1.6383736 -2.7992571 0.0498386
    endloop
  endfacet
  facet normal 0.4427428 0.8900534 -0.1085534
    outer loop
      vertex -1.6383736 -2.7992571 0.0498386
      vertex -1.2426423 -2.9755428 0.2184512
      vertex -1.2208317 -2.9950019 0.1478580
    endloop
  endfacet
  facet normal 0.4414893 0.8916806 -0.0999645
    outer loop
      vertex -1.6383736 -2.7992571 0.0498386
      vertex -1.2208317 -2.9950019 0.1478580
      vertex -1.6172991 -2.8176621 -0.0212591
    endloop
  endfacet
  facet normal 0.3215013 0.9224940 0.2136394
    outer loop
      vertex -1.6172991 -2.8176621 -0.0212591
      vertex -1.2208317 -2.9950019 0.1478580
      vertex -1.1909355 -2.9891929 0.0777850
    endloop
  endfacet
  facet normal 0.3190806 0.9213434 0.2220674
    outer loop
      vertex -1.6172991 -2.8176621 -0.0212591
      vertex -1.1909355 -2.9891929 0.0777850
      vertex -1.5838858 -2.8127155 -0.0897926
    endloop
  endfacet
  facet normal 0.1614771 0.8444729 0.5106766
    outer loop
      vertex -1.5838858 -2.8127155 -0.0897926
      vertex -1.1909355 -2.9891929 0.0777850
      vertex -1.1565597 -2.9588166 0.0166839
    endloop
  endfacet
  facet normal 0.1583211 0.8405911 0.5180164
    outer loop
      vertex -1.5838858 -2.8127155 -0.0897926
      vertex -1.1565597 -2.9588166 0.0166839
      vertex -1.5421639 -2.7850139 -0.1474958
    endloop
  endfacet
  facet normal -0.0185203 0.6645576 0.7470075
    outer loop
      vertex -1.5421639 -2.7850139 -0.1474958
      vertex -1.1565597 -2.9588166 0.0166839
      vertex -1.1218504 -2.9075368 -0.0280754
    endloop
  endfacet
  facet normal -0.0218828 0.6583082 0.7524304
    outer loop
      vertex -1.5421639 -2.7850139 -0.1474958
      vertex -1.1218504 -2.9075368 -0.0280754
      vertex -1.4971656 -2.7378985 -0.1874088
    endloop
  endfacet
  facet normal -0.1968570 0.4036660 0.8934770
    outer loop
      vertex -1.4971656 -2.7378985 -0.1874088
      vertex -1.1218504 -2.9075368 -0.0280754
      vertex -1.0909942 -2.8415385 -0.0510945
    endloop
  endfacet
  facet normal -0.1998532 0.3957189 0.8963622
    outer loop
      vertex -1.4971656 -2.7378985 -0.1874088
      vertex -1.0909942 -2.8415385 -0.0510945
      vertex -1.4543184 -2.6770521 -0.2047175
    endloop
  endfacet
  facet normal -0.3516013 0.0933350 0.9314854
    outer loop
      vertex -1.4543184 -2.6770521 -0.2047175
      vertex -1.0909942 -2.8415385 -0.0510945
      vertex -1.0677128 -2.7687822 -0.0495968
    endloop
  endfacet
  facet normal -0.3536913 0.0845993 0.9315285
    outer loop
      vertex -1.4543184 -2.6770521 -0.2047175
      vertex -1.0677128 -2.7687822 -0.0495968
      vertex -1.4187903 -2.6098138 -0.1973343
    endloop
  endfacet
  facet normal -0.4635912 -0.2281423 0.8561742
    outer loop
      vertex -1.4187903 -2.6098138 -0.1973343
      vertex -1.0677128 -2.7687822 -0.0495968
      vertex -1.0548141 -2.6980433 -0.0237630
    endloop
  endfacet
  facet normal -0.4643532 -0.2366494 0.8534478
    outer loop
      vertex -1.4187903 -2.6098138 -0.1973343
      vertex -1.0548141 -2.6980433 -0.0237630
      vertex -1.3948665 -2.5442933 -0.1661497
    endloop
  endfacet
  facet normal -0.5192507 -0.5212027 0.6772935
    outer loop
      vertex -1.3948665 -2.5442933 -0.1661497
      vertex -1.0548141 -2.6980433 -0.0237630
      vertex -1.0538541 -2.6378540 0.0232910
    endloop
  endfacet
  facet normal -0.5184426 -0.5285134 0.6722282
    outer loop
      vertex -1.3948665 -2.5442933 -0.1661497
      vertex -1.0538541 -2.6378540 0.0232910
      vertex -1.3854326 -2.4883936 -0.1149249
    endloop
  endfacet
  facet normal -0.5122970 -0.7505775 0.4173550
    outer loop
      vertex -1.3854326 -2.4883936 -0.1149249
      vertex -1.0538541 -2.6378540 0.0232910
      vertex -1.0649484 -2.5954739 0.0858897
    endloop
  endfacet
  facet normal -0.5098767 -0.7559036 0.4106525
    outer loop
      vertex -1.3854326 -2.4883936 -0.1149249
      vertex -1.0649484 -2.5954739 0.0858897
      vertex -1.3916264 -2.4488569 -0.0498386
    endloop
  endfacet
  facet normal -0.4440663 -0.8894633 0.1079819
    outer loop
      vertex -1.3916264 -2.4488569 -0.0498386
      vertex -1.0649484 -2.5954739 0.0858897
      vertex -1.0867590 -2.5760148 0.1564829
    endloop
  endfacet
  facet normal -0.4401767 -0.8922685 0.1005057
    outer loop
      vertex -1.3916264 -2.4488569 -0.0498386
      vertex -1.0867590 -2.5760148 0.1564829
      vertex -1.4127009 -2.4304518 0.0212591
    endloop
  endfacet
  facet normal -0.3228590 -0.9218967 -0.2141692
    outer loop
      vertex -1.4127009 -2.4304518 0.0212591
      vertex -1.0867590 -2.5760148 0.1564829
      vertex -1.1166552 -2.5818238 0.2265559
    endloop
  endfacet
  facet normal -0.3178004 -0.9219258 -0.2214853
    outer loop
      vertex -1.4127009 -2.4304518 0.0212591
      vertex -1.1166552 -2.5818238 0.2265559
      vertex -1.4461142 -2.4353985 0.0897926
    endloop
  endfacet
  facet normal -0.1628688 -0.8439032 -0.5111763
    outer loop
      vertex -1.4461142 -2.4353985 0.0897926
      vertex -1.1166552 -2.5818238 0.2265559
      vertex -1.1510310 -2.6122001 0.2876570
    endloop
  endfacet
  facet normal -0.1570724 -0.8412009 -0.5174063
    outer loop
      vertex -1.4461142 -2.4353985 0.0897926
      vertex -1.1510310 -2.6122001 0.2876570
      vertex -1.4878361 -2.4631001 0.1474958
    endloop
  endfacet
  facet normal 0.0171111 -0.6640371 -0.7475038
    outer loop
      vertex -1.4878361 -2.4631001 0.1474958
      vertex -1.1510310 -2.6122001 0.2876570
      vertex -1.1857402 -2.6634799 0.3324163
    endloop
  endfacet
  facet normal 0.0231152 -0.6589660 -0.7518174
    outer loop
      vertex -1.4878361 -2.4631001 0.1474958
      vertex -1.1857402 -2.6634799 0.3324163
      vertex -1.5328344 -2.5102155 0.1874088
    endloop
  endfacet
  facet normal 0.1954554 -0.4031926 -0.8939983
    outer loop
      vertex -1.5328344 -2.5102155 0.1874088
      vertex -1.1857402 -2.6634799 0.3324163
      vertex -1.2165965 -2.7294782 0.3554354
    endloop
  endfacet
  facet normal 0.2010919 -0.3964237 -0.8957736
    outer loop
      vertex -1.5328344 -2.5102155 0.1874088
      vertex -1.2165965 -2.7294782 0.3554354
      vertex -1.5756816 -2.5710618 0.2047175
    endloop
  endfacet
  facet normal 0.3502285 -0.0928842 -0.9320475
    outer loop
      vertex -1.5756816 -2.5710618 0.2047175
      vertex -1.2165965 -2.7294782 0.3554354
      vertex -1.2398779 -2.8022345 0.3539377
    endloop
  endfacet
  facet normal 0.3549564 -0.0853279 -0.9309807
    outer loop
      vertex -1.5756816 -2.5710618 0.2047175
      vertex -1.2398779 -2.8022345 0.3539377
      vertex -1.6112097 -2.6383002 0.1973343
    endloop
  endfacet
  facet normal 0.4622546 0.2286049 -0.8567733
    outer loop
      vertex -1.6112097 -2.6383002 0.1973343
      vertex -1.2398779 -2.8022345 0.3539377
      vertex -1.2527766 -2.8729734 0.3281039
    endloop
  endfacet
  facet normal 0.4656528 0.2359323 -0.8529381
    outer loop
      vertex -1.6112097 -2.6383002 0.1973343
      vertex -1.2527766 -2.8729734 0.3281039
      vertex -1.6351335 -2.7038206 0.1661497
    endloop
  endfacet
  facet normal 0.5179407 0.5217052 -0.6779094
    outer loop
      vertex -1.6351335 -2.7038206 0.1661497
      vertex -1.2527766 -2.8729734 0.3281039
      vertex -1.2537366 -2.9331628 0.2810499
    endloop
  endfacet
  facet normal 0.5197683 0.5278378 -0.6717351
    outer loop
      vertex -1.6351335 -2.7038206 0.1661497
      vertex -1.2537366 -2.9331628 0.2810499
      vertex -1.6445674 -2.7597203 0.1149249
    endloop
  endfacet
  facet normal 0.3579204 0.7967699 -0.4868786
    outer loop
      vertex -1.2537366 -2.9331628 0.2810499
      vertex -0.8376025 -3.0225360 0.4407057
      vertex -0.8208490 -3.0667411 0.3806808
    endloop
  endfacet
  facet normal 0.3576280 0.8015120 -0.4792502
    outer loop
      vertex -1.2537366 -2.9331628 0.2810499
      vertex -0.8208490 -3.0667411 0.3806808
      vertex -1.2426423 -2.9755428 0.2184512
    endloop
  endfacet
  facet normal 0.2750462 0.9435213 -0.1847081
    outer loop
      vertex -1.2426423 -2.9755428 0.2184512
      vertex -0.8208490 -3.0667411 0.3806808
      vertex -0.7978242 -3.0871444 0.3107429
    endloop
  endfacet
  facet normal 0.2737599 0.9455467 -0.1760595
    outer loop
      vertex -1.2426423 -2.9755428 0.2184512
      vertex -0.7978242 -3.0871444 0.3107429
      vertex -1.2208317 -2.9950019 0.1478580
    endloop
  endfacet
  facet normal 0.1592475 0.9773585 0.1393218
    outer loop
      vertex -1.2208317 -2.9950019 0.1478580
      vertex -0.7978242 -3.0871444 0.3107429
      vertex -0.7713053 -3.0812851 0.2393274
    endloop
  endfacet
  facet normal 0.1572868 0.9763929 0.1480466
    outer loop
      vertex -1.2208317 -2.9950019 0.1478580
      vertex -0.7713053 -3.0812851 0.2393274
      vertex -1.1909355 -2.9891929 0.0777850
    endloop
  endfacet
  facet normal 0.0241276 0.8941713 0.4470744
    outer loop
      vertex -1.1909355 -2.9891929 0.0777850
      vertex -0.7713053 -3.0812851 0.2393274
      vertex -0.7444908 -3.0498698 0.1750482
    endloop
  endfacet
  facet normal 0.0218898 0.8902679 0.4549108
    outer loop
      vertex -1.1909355 -2.9891929 0.0777850
      vertex -0.7444908 -3.0498698 0.1750482
      vertex -1.1565597 -2.9588166 0.0166839
    endloop
  endfacet
  facet normal -0.1143551 0.7031161 0.7018196
    outer loop
      vertex -1.1565597 -2.9588166 0.0166839
      vertex -0.7444908 -3.0498698 0.1750482
      vertex -0.7206149 -2.9966878 0.1256583
    endloop
  endfacet
  facet normal -0.1164290 0.6966735 0.7078773
    outer loop
      vertex -1.1565597 -2.9588166 0.0166839
      vertex -0.7206149 -2.9966878 0.1256583
      vertex -1.1218504 -2.9075368 -0.0280754
    endloop
  endfacet
  facet normal -0.2394716 0.4263826 0.8722678
    outer loop
      vertex -1.1218504 -2.9075368 -0.0280754
      vertex -0.7206149 -2.9966878 0.1256583
      vertex -0.7025574 -2.9281535 0.0971148
    endloop
  endfacet
  facet normal -0.2409466 0.4181309 0.8758489
    outer loop
      vertex -1.1218504 -2.9075368 -0.0280754
      vertex -0.7025574 -2.9281535 0.0971148
      vertex -1.0909942 -2.8415385 -0.0510945
    endloop
  endfacet
  facet normal -0.3357625 0.0973810 0.9368994
    outer loop
      vertex -1.0909942 -2.8415385 -0.0510945
      vertex -0.7025574 -2.9281535 0.0971148
      vertex -0.6924963 -2.8525332 0.0928604
    endloop
  endfacet
  facet normal -0.3362718 0.0883035 0.9376160
    outer loop
      vertex -1.0909942 -2.8415385 -0.0510945
      vertex -0.6924963 -2.8525332 0.0928604
      vertex -1.0677128 -2.7687822 -0.0495968
    endloop
  endfacet
  facet normal -0.3912732 -0.2433082 0.8875282
    outer loop
      vertex -1.0677128 -2.7687822 -0.0495968
      vertex -0.6924963 -2.8525332 0.0928604
      vertex -0.6916452 -2.7789478 0.1134085
    endloop
  endfacet
  facet normal -0.3905772 -0.2521192 0.8853730
    outer loop
      vertex -1.0677128 -2.7687822 -0.0495968
      vertex -0.6916452 -2.7789478 0.1134085
      vertex -1.0548141 -2.6980433 -0.0237630
    endloop
  endfacet
  facet normal -0.3993433 -0.5537314 0.7306891
    outer loop
      vertex -1.0548141 -2.6980433 -0.0237630
      vertex -0.6916452 -2.7789478 0.1134085
      vertex -0.7001067 -2.7162728 0.1562804
    endloop
  endfacet
  facet normal -0.3973613 -0.5612427 0.7260239
    outer loop
      vertex -1.0548141 -2.6980433 -0.0237630
      vertex -0.7001067 -2.7162728 0.1562804
      vertex -1.0538541 -2.6378540 0.0232910
    endloop
  endfacet
  facet normal -0.3593751 -0.7964892 0.4862659
    outer loop
      vertex -1.0538541 -2.6378540 0.0232910
      vertex -0.7001067 -2.7162728 0.1562804
      vertex -0.7168602 -2.6720678 0.2163053
    endloop
  endfacet
  facet normal -0.3561840 -0.8018606 0.4797421
    outer loop
      vertex -1.0538541 -2.6378540 0.0232910
      vertex -0.7168602 -2.6720678 0.2163053
      vertex -1.0649484 -2.5954739 0.0858897
    endloop
  endfacet
  facet normal -0.2765288 -0.9432016 0.1841267
    outer loop
      vertex -1.0649484 -2.5954739 0.0858897
      vertex -0.7168602 -2.6720678 0.2163053
      vertex -0.7398849 -2.6516644 0.2862433
    endloop
  endfacet
  facet normal -0.2723395 -0.9458590 0.1765844
    outer loop
      vertex -1.0649484 -2.5954739 0.0858897
      vertex -0.7398849 -2.6516644 0.2862433
      vertex -1.0867590 -2.5760148 0.1564829
    endloop
  endfacet
  facet normal -0.1607622 -0.9770340 -0.1398576
    outer loop
      vertex -1.0867590 -2.5760148 0.1564829
      vertex -0.7398849 -2.6516644 0.2862433
      vertex -0.7664039 -2.6575237 0.3576588
    endloop
  endfacet
  facet normal -0.1558927 -0.9767025 -0.1474775
    outer loop
      vertex -1.0867590 -2.5760148 0.1564829
      vertex -0.7664039 -2.6575237 0.3576588
      vertex -1.1166552 -2.5818238 0.2265559
    endloop
  endfacet
  facet normal -0.0256634 -0.8938794 -0.4475724
    outer loop
      vertex -1.1166552 -2.5818238 0.2265559
      vertex -0.7664039 -2.6575237 0.3576588
      vertex -0.7932184 -2.6889390 0.4219380
    endloop
  endfacet
  facet normal -0.0205129 -0.8906095 -0.4543060
    outer loop
      vertex -1.1166552 -2.5818238 0.2265559
      vertex -0.7932184 -2.6889390 0.4219380
      vertex -1.1510310 -2.6122001 0.2876570
    endloop
  endfacet
  facet normal 0.1128194 -0.7028784 -0.7023060
    outer loop
      vertex -1.1510310 -2.6122001 0.2876570
      vertex -0.7932184 -2.6889390 0.4219380
      vertex -0.8170943 -2.7421210 0.4713279
    endloop
  endfacet
  facet normal 0.1178057 -0.6970676 -0.7072613
    outer loop
      vertex -1.1510310 -2.6122001 0.2876570
      vertex -0.8170943 -2.7421210 0.4713279
      vertex -1.1857402 -2.6634799 0.3324163
    endloop
  endfacet
  facet normal 0.2379573 -0.4261945 -0.8727741
    outer loop
      vertex -1.1857402 -2.6634799 0.3324163
      vertex -0.8170943 -2.7421210 0.4713279
      vertex -0.8351518 -2.8106553 0.4998714
    endloop
  endfacet
  facet normal 0.2423400 -0.4185743 -0.8752525
    outer loop
      vertex -1.1857402 -2.6634799 0.3324163
      vertex -0.8351518 -2.8106553 0.4998714
      vertex -1.2165965 -2.7294782 0.3554354
    endloop
  endfacet
  facet normal 0.3342803 -0.0972146 -0.9374465
    outer loop
      vertex -1.2165965 -2.7294782 0.3554354
      vertex -0.8351518 -2.8106553 0.4998714
      vertex -0.8452128 -2.8862756 0.5041257
    endloop
  endfacet
  facet normal 0.3376917 -0.0887693 -0.9370615
    outer loop
      vertex -1.2165965 -2.7294782 0.3554354
      vertex -0.8452128 -2.8862756 0.5041257
      vertex -1.2398779 -2.8022345 0.3539377
    endloop
  endfacet
  facet normal 0.3898188 0.2434898 -0.8881182
    outer loop
      vertex -1.2398779 -2.8022345 0.3539377
      vertex -0.8452128 -2.8862756 0.5041257
      vertex -0.8460640 -2.9598610 0.4835777
    endloop
  endfacet
  facet normal 0.3920211 0.2516695 -0.8848627
    outer loop
      vertex -1.2398779 -2.8022345 0.3539377
      vertex -0.8460640 -2.9598610 0.4835777
      vertex -1.2527766 -2.8729734 0.3281039
    endloop
  endfacet
  facet normal 0.3978996 0.5539577 -0.7313049
    outer loop
      vertex -1.2527766 -2.8729734 0.3281039
      vertex -0.8460640 -2.9598610 0.4835777
      vertex -0.8376025 -3.0225360 0.4407057
    endloop
  endfacet
  facet normal 0.3988148 0.5608398 -0.7255381
    outer loop
      vertex -1.2527766 -2.8729734 0.3281039
      vertex -0.8376025 -3.0225360 0.4407057
      vertex -1.2537366 -2.9331628 0.2810499
    endloop
  endfacet
  facet normal 0.1988839 0.8096283 -0.5522202
    outer loop
      vertex -0.8376025 -3.0225360 0.4407057
      vertex -0.4154888 -3.0258092 0.5879324
      vertex -0.3925608 -3.0706378 0.5304654
    endloop
  endfacet
  facet normal 0.1979579 0.8148422 -0.5448348
    outer loop
      vertex -0.8376025 -3.0225360 0.4407057
      vertex -0.3925608 -3.0706378 0.5304654
      vertex -0.8208490 -3.0667411 0.3806808
    endloop
  endfacet
  facet normal 0.0988592 0.9611626 -0.2576692
    outer loop
      vertex -0.8208490 -3.0667411 0.3806808
      vertex -0.3925608 -3.0706378 0.5304654
      vertex -0.3679170 -3.0917186 0.4612842
    endloop
  endfacet
  facet normal 0.0974545 0.9635811 -0.2490264
    outer loop
      vertex -0.8208490 -3.0667411 0.3806808
      vertex -0.3679170 -3.0917186 0.4612842
      vertex -0.7978242 -3.0871444 0.3107429
    endloop
  endfacet
  facet normal -0.0130021 0.9976383 0.0674441
    outer loop
      vertex -0.7978242 -3.0871444 0.3107429
      vertex -0.3679170 -3.0917186 0.4612842
      vertex -0.3445300 -3.0865091 0.3887331
    endloop
  endfacet
  facet normal -0.0145416 0.9969714 0.0763973
    outer loop
      vertex -0.7978242 -3.0871444 0.3107429
      vertex -0.3445300 -3.0865091 0.3887331
      vertex -0.7713053 -3.0812851 0.2393274
    endloop
  endfacet
  facet normal -0.1235387 0.9146664 0.3848682
    outer loop
      vertex -0.7713053 -3.0812851 0.2393274
      vertex -0.3445300 -3.0865091 0.3887331
      vertex -0.3252205 -3.0556376 0.3215628
    endloop
  endfacet
  facet normal -0.1248498 0.9109651 0.3931351
    outer loop
      vertex -0.7713053 -3.0812851 0.2393274
      vertex -0.3252205 -3.0556376 0.3215628
      vertex -0.7444908 -3.0498698 0.1750482
    endloop
  endfacet
  facet normal -0.2195980 0.7213757 0.6568058
    outer loop
      vertex -0.7444908 -3.0498698 0.1750482
      vertex -0.3252205 -3.0556376 0.3215628
      vertex -0.3123175 -3.0028275 0.2678751
    endloop
  endfacet
  facet normal -0.2203347 0.7150524 0.6634400
    outer loop
      vertex -0.7444908 -3.0498698 0.1750482
      vertex -0.3123175 -3.0028275 0.2678751
      vertex -0.7206149 -2.9966878 0.1256583
    endloop
  endfacet
  facet normal -0.2894420 0.4401844 0.8499771
    outer loop
      vertex -0.7206149 -2.9966878 0.1256583
      vertex -0.3123175 -3.0028275 0.2678751
      vertex -0.3073773 -2.9344487 0.2341455
    endloop
  endfacet
  facet normal -0.2893198 0.4319956 0.8542095
    outer loop
      vertex -0.7206149 -2.9966878 0.1256583
      vertex -0.3073773 -2.9344487 0.2341455
      vertex -0.7025574 -2.9281535 0.0971148
    endloop
  endfacet
  facet normal -0.3243133 0.1050001 0.9401042
    outer loop
      vertex -0.7025574 -2.9281535 0.0971148
      vertex -0.3073773 -2.9344487 0.2341455
      vertex -0.3109959 -2.8587486 0.2244422
    endloop
  endfacet
  facet normal -0.3231547 0.0959606 0.9414683
    outer loop
      vertex -0.7025574 -2.9281535 0.0971148
      vertex -0.3109959 -2.8587486 0.2244422
      vertex -0.6924963 -2.8525332 0.0928604
    endloop
  endfacet
  facet normal -0.3198296 -0.2428494 0.9158238
    outer loop
      vertex -0.6924963 -2.8525332 0.0928604
      vertex -0.3109959 -2.8587486 0.2244422
      vertex -0.3227367 -2.7848577 0.2399357
    endloop
  endfacet
  facet normal -0.3175924 -0.2516178 0.9142339
    outer loop
      vertex -0.6924963 -2.8525332 0.0928604
      vertex -0.3227367 -2.7848577 0.2399357
      vertex -0.6916452 -2.7789478 0.1134085
    endloop
  endfacet
  facet normal -0.2766940 -0.5605045 0.7805608
    outer loop
      vertex -0.6916452 -2.7789478 0.1134085
      vertex -0.3227367 -2.7848577 0.2399357
      vertex -0.3411836 -2.7216884 0.2787572
    endloop
  endfacet
  facet normal -0.2734721 -0.5679429 0.7763078
    outer loop
      vertex -0.6916452 -2.7789478 0.1134085
      vertex -0.3411836 -2.7216884 0.2787572
      vertex -0.7001067 -2.7162728 0.1562804
    endloop
  endfacet
  facet normal -0.2004470 -0.8096542 0.5516168
    outer loop
      vertex -0.7001067 -2.7162728 0.1562804
      vertex -0.3411836 -2.7216884 0.2787572
      vertex -0.3641116 -2.6768599 0.3362242
    endloop
  endfacet
  facet normal -0.1964475 -0.8148981 0.5452975
    outer loop
      vertex -0.7001067 -2.7162728 0.1562804
      vertex -0.3641116 -2.6768599 0.3362242
      vertex -0.7168602 -2.6720678 0.2163053
    endloop
  endfacet
  facet normal -0.1004585 -0.9611503 0.2570957
    outer loop
      vertex -0.7168602 -2.6720678 0.2163053
      vertex -0.3641116 -2.6768599 0.3362242
      vertex -0.3887554 -2.6557790 0.4054054
    endloop
  endfacet
  facet normal -0.0959711 -0.9636020 0.2495209
    outer loop
      vertex -0.7168602 -2.6720678 0.2163053
      vertex -0.3887554 -2.6557790 0.4054054
      vertex -0.7398849 -2.6516644 0.2862433
    endloop
  endfacet
  facet normal 0.0113755 -0.9976227 -0.0679673
    outer loop
      vertex -0.7398849 -2.6516644 0.2862433
      vertex -0.3887554 -2.6557790 0.4054054
      vertex -0.4121424 -2.6609886 0.4779565
    endloop
  endfacet
  facet normal 0.0160072 -0.9969904 -0.0758546
    outer loop
      vertex -0.7398849 -2.6516644 0.2862433
      vertex -0.4121424 -2.6609886 0.4779565
      vertex -0.7664039 -2.6575237 0.3576588
    endloop
  endfacet
  facet normal 0.1219071 -0.9146844 -0.3853455
    outer loop
      vertex -0.7664039 -2.6575237 0.3576588
      vertex -0.4121424 -2.6609886 0.4779565
      vertex -0.4314520 -2.6918601 0.5451268
    endloop
  endfacet
  facet normal 0.1263147 -0.9110159 -0.3925488
    outer loop
      vertex -0.7664039 -2.6575237 0.3576588
      vertex -0.4314520 -2.6918601 0.5451268
      vertex -0.7932184 -2.6889390 0.4219380
    endloop
  endfacet
  facet normal 0.2179862 -0.7214474 -0.6572637
    outer loop
      vertex -0.7932184 -2.6889390 0.4219380
      vertex -0.4314520 -2.6918601 0.5451268
      vertex -0.4443549 -2.7446701 0.5988145
    endloop
  endfacet
  facet normal 0.2218160 -0.7151555 -0.6628350
    outer loop
      vertex -0.7932184 -2.6889390 0.4219380
      vertex -0.4443549 -2.7446701 0.5988145
      vertex -0.8170943 -2.7421210 0.4713279
    endloop
  endfacet
  facet normal 0.2878651 -0.4403040 -0.8504505
    outer loop
      vertex -0.8170943 -2.7421210 0.4713279
      vertex -0.4443549 -2.7446701 0.5988145
      vertex -0.4492951 -2.8130489 0.6325441
    endloop
  endfacet
  facet normal 0.2908275 -0.4321475 -0.8536205
    outer loop
      vertex -0.8170943 -2.7421210 0.4713279
      vertex -0.4492951 -2.8130489 0.6325441
      vertex -0.8351518 -2.8106553 0.4998714
    endloop
  endfacet
  facet normal 0.3227697 -0.1051399 -0.9406196
    outer loop
      vertex -0.8351518 -2.8106553 0.4998714
      vertex -0.4492951 -2.8130489 0.6325441
      vertex -0.4456765 -2.8887491 0.6422473
    endloop
  endfacet
  facet normal 0.3246866 -0.0961338 -0.9409234
    outer loop
      vertex -0.8351518 -2.8106553 0.4998714
      vertex -0.4456765 -2.8887491 0.6422473
      vertex -0.8452128 -2.8862756 0.5041257
    endloop
  endfacet
  facet normal 0.3183026 0.2427252 -0.9163885
    outer loop
      vertex -0.8452128 -2.8862756 0.5041257
      vertex -0.4456765 -2.8887491 0.6422473
      vertex -0.4339357 -2.9626399 0.6267538
    endloop
  endfacet
  facet normal 0.3191349 0.2514619 -0.9137395
    outer loop
      vertex -0.8452128 -2.8862756 0.5041257
      vertex -0.4339357 -2.9626399 0.6267538
      vertex -0.8460640 -2.9598610 0.4835777
    endloop
  endfacet
  facet normal 0.2751593 0.5604248 -0.7811603
    outer loop
      vertex -0.8460640 -2.9598610 0.4835777
      vertex -0.4339357 -2.9626399 0.6267538
      vertex -0.4154888 -3.0258092 0.5879324
    endloop
  endfacet
  facet normal 0.2750060 0.5678339 -0.7758456
    outer loop
      vertex -0.8460640 -2.9598610 0.4835777
      vertex -0.4154888 -3.0258092 0.5879324
      vertex -0.8376025 -3.0225360 0.4407057
    endloop
  endfacet
  facet normal 0.0397015 0.7896873 -0.6122236
    outer loop
      vertex -0.4154888 -3.0258092 0.5879324
      vertex -0.0062260 -2.9461451 0.7172284
      vertex 0.0230681 -2.9902956 0.6621798
    endloop
  endfacet
  facet normal 0.0380550 0.7952094 -0.6051396
    outer loop
      vertex -0.4154888 -3.0258092 0.5879324
      vertex 0.0230681 -2.9902956 0.6621798
      vertex -0.3925608 -3.0706378 0.5304654
    endloop
  endfacet
  facet normal -0.0790689 0.9423071 -0.3252774
    outer loop
      vertex -0.3925608 -3.0706378 0.5304654
      vertex 0.0230681 -2.9902956 0.6621798
      vertex 0.0495799 -3.0116797 0.5937868
    endloop
  endfacet
  facet normal -0.0806646 0.9450830 -0.3167195
    outer loop
      vertex -0.3925608 -3.0706378 0.5304654
      vertex 0.0495799 -3.0116797 0.5937868
      vertex -0.3679170 -3.0917186 0.4612842
    endloop
  endfacet
  facet normal -0.1883775 0.9820966 0.0003099
    outer loop
      vertex -0.3679170 -3.0917186 0.4612842
      vertex 0.0495799 -3.0116797 0.5937868
      vertex 0.0701116 -3.0077183 0.5202987
    endloop
  endfacet
  facet normal -0.1895500 0.9818261 0.0093980
    outer loop
      vertex -0.3679170 -3.0917186 0.4612842
      vertex 0.0701116 -3.0077183 0.5202987
      vertex -0.3445300 -3.0865091 0.3887331
    endloop
  endfacet
  facet normal -0.2753507 0.9042958 0.3262378
    outer loop
      vertex -0.3445300 -3.0865091 0.3887331
      vertex 0.0701116 -3.0077183 0.5202987
      vertex 0.0821869 -2.9788891 0.4505791
    endloop
  endfacet
  facet normal -0.2757704 0.9010199 0.3348340
    outer loop
      vertex -0.3445300 -3.0865091 0.3887331
      vertex 0.0821869 -2.9788891 0.4505791
      vertex -0.3252205 -3.0556376 0.3215628
    endloop
  endfacet
  facet normal -0.3295164 0.7174370 0.6137615
    outer loop
      vertex -0.3252205 -3.0556376 0.3215628
      vertex 0.0821869 -2.9788891 0.4505791
      vertex 0.0843491 -2.9286694 0.3930373
    endloop
  endfacet
  facet normal -0.3289356 0.7115602 0.6208732
    outer loop
      vertex -0.3252205 -3.0556376 0.3215628
      vertex 0.0843491 -2.9286694 0.3930373
      vertex -0.3123175 -3.0028275 0.2678751
    endloop
  endfacet
  facet normal -0.3440476 0.4431604 0.8277923
    outer loop
      vertex -0.3123175 -3.0028275 0.2678751
      vertex 0.0843491 -2.9286694 0.3930373
      vertex 0.0763377 -2.8631165 0.3546136
    endloop
  endfacet
  facet normal -0.3423391 0.4354292 0.8325896
    outer loop
      vertex -0.3123175 -3.0028275 0.2678751
      vertex 0.0763377 -2.8631165 0.3546136
      vertex -0.3073773 -2.9344487 0.2341455
    endloop
  endfacet
  facet normal -0.3168816 0.1145090 0.9415274
    outer loop
      vertex -0.3073773 -2.9344487 0.2341455
      vertex 0.0763377 -2.8631165 0.3546136
      vertex 0.0591187 -2.7901369 0.3399426
    endloop
  endfacet
  facet normal -0.3140626 0.1059221 0.9434750
    outer loop
      vertex -0.3073773 -2.9344487 0.2341455
      vertex 0.0591187 -2.7901369 0.3399426
      vertex -0.3109959 -2.8587486 0.2244422
    endloop
  endfacet
  facet normal -0.2512854 -0.2280055 0.9406748
    outer loop
      vertex -0.3109959 -2.8587486 0.2244422
      vertex 0.0591187 -2.7901369 0.3399426
      vertex 0.0347692 -2.7185330 0.3507937
    endloop
  endfacet
  facet normal -0.2475151 -0.2363476 0.9396148
    outer loop
      vertex -0.3109959 -2.8587486 0.2244422
      vertex 0.0347692 -2.7185330 0.3507937
      vertex -0.3227367 -2.7848577 0.2399357
    endloop
  endfacet
  facet normal -0.1554759 -0.5421644 0.8257633
    outer loop
      vertex -0.3227367 -2.7848577 0.2399357
      vertex 0.0347692 -2.7185330 0.3507937
      vertex 0.0062260 -2.6569415 0.3858582
    endloop
  endfacet
  facet normal -0.1510252 -0.5492219 0.8219165
    outer loop
      vertex -0.3227367 -2.7848577 0.2399357
      vertex 0.0062260 -2.6569415 0.3858582
      vertex -0.3411836 -2.7216884 0.2787572
    endloop
  endfacet
  facet normal -0.0413207 -0.7900479 0.6116510
    outer loop
      vertex -0.3411836 -2.7216884 0.2787572
      vertex 0.0062260 -2.6569415 0.3858582
      vertex -0.0230681 -2.6127910 0.4409068
    endloop
  endfacet
  facet normal -0.0365311 -0.7949638 0.6055560
    outer loop
      vertex -0.3411836 -2.7216884 0.2787572
      vertex -0.0230681 -2.6127910 0.4409068
      vertex -0.3641116 -2.6768599 0.3362242
    endloop
  endfacet
  facet normal 0.0774074 -0.9426321 0.3247350
    outer loop
      vertex -0.3641116 -2.6768599 0.3362242
      vertex -0.0230681 -2.6127910 0.4409068
      vertex -0.0495799 -2.5914069 0.5092997
    endloop
  endfacet
  facet normal 0.0821615 -0.9448038 0.3171676
    outer loop
      vertex -0.3641116 -2.6768599 0.3362242
      vertex -0.0495799 -2.5914069 0.5092997
      vertex -0.3887554 -2.6557790 0.4054054
    endloop
  endfacet
  facet normal 0.1866971 -0.9824172 -0.0007967
    outer loop
      vertex -0.3887554 -2.6557790 0.4054054
      vertex -0.0495799 -2.5914069 0.5092997
      vertex -0.0701116 -2.5953683 0.5827879
    endloop
  endfacet
  facet normal 0.1910405 -0.9815418 -0.0088971
    outer loop
      vertex -0.3887554 -2.6557790 0.4054054
      vertex -0.0701116 -2.5953683 0.5827879
      vertex -0.4121424 -2.6609886 0.4779565
    endloop
  endfacet
  facet normal 0.2736842 -0.9046453 -0.3266709
    outer loop
      vertex -0.4121424 -2.6609886 0.4779565
      vertex -0.0701116 -2.5953683 0.5827879
      vertex -0.0821869 -2.6241974 0.6525075
    endloop
  endfacet
  facet normal 0.2772778 -0.9007621 -0.3342823
    outer loop
      vertex -0.4121424 -2.6609886 0.4779565
      vertex -0.0821869 -2.6241974 0.6525075
      vertex -0.4314520 -2.6918601 0.5451268
    endloop
  endfacet
  facet normal 0.3278897 -0.7178336 -0.6141687
    outer loop
      vertex -0.4314520 -2.6918601 0.5451268
      vertex -0.0821869 -2.6241974 0.6525075
      vertex -0.0843491 -2.6744171 0.7100493
    endloop
  endfacet
  facet normal 0.3304753 -0.7113498 -0.6202963
    outer loop
      vertex -0.4314520 -2.6918601 0.5451268
      vertex -0.0843491 -2.6744171 0.7100493
      vertex -0.4443549 -2.7446701 0.5988145
    endloop
  endfacet
  facet normal 0.3424674 -0.4435996 -0.8282122
    outer loop
      vertex -0.4443549 -2.7446701 0.5988145
      vertex -0.0843491 -2.6744171 0.7100493
      vertex -0.0763377 -2.7399701 0.7484730
    endloop
  endfacet
  facet normal 0.3439122 -0.4352652 -0.8320268
    outer loop
      vertex -0.4443549 -2.7446701 0.5988145
      vertex -0.0763377 -2.7399701 0.7484730
      vertex -0.4492951 -2.8130489 0.6325441
    endloop
  endfacet
  facet normal 0.3153328 -0.1149676 -0.9419913
    outer loop
      vertex -0.4492951 -2.8130489 0.6325441
      vertex -0.0763377 -2.7399701 0.7484730
      vertex -0.0591187 -2.8129497 0.7631440
    endloop
  endfacet
  facet normal 0.3156546 -0.1057800 -0.9429596
    outer loop
      vertex -0.4492951 -2.8130489 0.6325441
      vertex -0.0591187 -2.8129497 0.7631440
      vertex -0.4456765 -2.8887491 0.6422473
    endloop
  endfacet
  facet normal 0.2497390 0.2275585 -0.9411948
    outer loop
      vertex -0.4456765 -2.8887491 0.6422473
      vertex -0.0591187 -2.8129497 0.7631440
      vertex -0.0347692 -2.8845536 0.7522929
    endloop
  endfacet
  facet normal 0.2491017 0.2365036 -0.9391562
    outer loop
      vertex -0.4456765 -2.8887491 0.6422473
      vertex -0.0347692 -2.8845536 0.7522929
      vertex -0.4339357 -2.9626399 0.6267538
    endloop
  endfacet
  facet normal 0.1539019 0.5417555 -0.8263263
    outer loop
      vertex -0.4339357 -2.9626399 0.6267538
      vertex -0.0347692 -2.8845536 0.7522929
      vertex -0.0062260 -2.9461451 0.7172284
    endloop
  endfacet
  facet normal 0.1525847 0.5494192 -0.8214965
    outer loop
      vertex -0.4339357 -2.9626399 0.6267538
      vertex -0.0062260 -2.9461451 0.7172284
      vertex -0.4154888 -3.0258092 0.5879324
    endloop
  endfacet
  facet normal -0.1141347 0.7379646 -0.6651176
    outer loop
      vertex -0.0062260 -2.9461451 0.7172284
      vertex 0.3733192 -2.7914578 0.8237276
      vertex 0.4087917 -2.8336541 0.7708226
    endloop
  endfacet
  facet normal -0.1165293 0.7435965 -0.6583959
    outer loop
      vertex -0.0062260 -2.9461451 0.7172284
      vertex 0.4087917 -2.8336541 0.7708226
      vertex 0.0230681 -2.9902956 0.6621798
    endloop
  endfacet
  facet normal -0.2519843 0.8877267 -0.3852859
    outer loop
      vertex 0.0230681 -2.9902956 0.6621798
      vertex 0.4087917 -2.8336541 0.7708226
      vertex 0.4372028 -2.8549519 0.7031694
    endloop
  endfacet
  facet normal -0.2538161 0.8907952 -0.3769103
    outer loop
      vertex 0.0230681 -2.9902956 0.6621798
      vertex 0.4372028 -2.8549519 0.7031694
      vertex 0.0495799 -3.0116797 0.5937868
    endloop
  endfacet
  facet normal -0.3596761 0.9311704 -0.0596217
    outer loop
      vertex 0.0495799 -3.0116797 0.5937868
      vertex 0.4372028 -2.8549519 0.7031694
      vertex 0.4551257 -2.8527826 0.6289278
    endloop
  endfacet
  facet normal -0.3605436 0.9313729 -0.0505256
    outer loop
      vertex 0.0495799 -3.0116797 0.5937868
      vertex 0.4551257 -2.8527826 0.6289278
      vertex 0.0701116 -3.0077183 0.5202987
    endloop
  endfacet
  facet normal -0.4245123 0.8631048 0.2735679
    outer loop
      vertex 0.0701116 -3.0077183 0.5202987
      vertex 0.4551257 -2.8527826 0.6289278
      vertex 0.4603987 -2.8274076 0.5570525
    endloop
  endfacet
  facet normal -0.4241200 0.8604661 0.2823477
    outer loop
      vertex 0.0701116 -3.0077183 0.5202987
      vertex 0.4603987 -2.8274076 0.5570525
      vertex 0.0821869 -2.9788891 0.4505791
    endloop
  endfacet
  facet normal -0.4385275 0.6909402 0.5747132
    outer loop
      vertex 0.0821869 -2.9788891 0.4505791
      vertex 0.4603987 -2.8274076 0.5570525
      vertex 0.4523858 -2.7818877 0.4962126
    endloop
  endfacet
  facet normal -0.4367274 0.6858344 0.5821515
    outer loop
      vertex 0.0821869 -2.9788891 0.4505791
      vertex 0.4523858 -2.7818877 0.4962126
      vertex 0.0843491 -2.9286694 0.3930373
    endloop
  endfacet
  facet normal -0.3995941 0.4345858 0.8071306
    outer loop
      vertex 0.0843491 -2.9286694 0.3930373
      vertex 0.4523858 -2.7818877 0.4962126
      vertex 0.4320533 -2.7217132 0.4537465
    endloop
  endfacet
  facet normal -0.3964143 0.4277112 0.8123539
    outer loop
      vertex 0.0843491 -2.9286694 0.3930373
      vertex 0.4320533 -2.7217132 0.4537465
      vertex 0.0763377 -2.8631165 0.3546136
    endloop
  endfacet
  facet normal -0.3121194 0.1249110 0.9417955
    outer loop
      vertex 0.0763377 -2.8631165 0.3546136
      vertex 0.4320533 -2.7217132 0.4537465
      vertex 0.4018538 -2.6541420 0.4347761
    endloop
  endfacet
  facet normal -0.3077655 0.1172004 0.9442163
    outer loop
      vertex 0.0763377 -2.8631165 0.3546136
      vertex 0.4018538 -2.6541420 0.4347761
      vertex 0.0591187 -2.7901369 0.3399426
    endloop
  endfacet
  facet normal -0.1868124 -0.1999154 0.9618394
    outer loop
      vertex 0.0591187 -2.7901369 0.3399426
      vertex 0.4018538 -2.6541420 0.4347761
      vertex 0.3654298 -2.5873242 0.4415895
    endloop
  endfacet
  facet normal -0.1816335 -0.2074361 0.9612386
    outer loop
      vertex 0.0591187 -2.7901369 0.3399426
      vertex 0.3654298 -2.5873242 0.4415895
      vertex 0.0347692 -2.7185330 0.3507937
    endloop
  endfacet
  facet normal -0.0392364 -0.4998498 0.8652229
    outer loop
      vertex 0.0347692 -2.7185330 0.3507937
      vertex 0.3654298 -2.5873242 0.4415895
      vertex 0.3271744 -2.5293190 0.4733650
    endloop
  endfacet
  facet normal -0.0336694 -0.5062063 0.8617549
    outer loop
      vertex 0.0347692 -2.7185330 0.3507937
      vertex 0.3271744 -2.5293190 0.4733650
      vertex 0.0062260 -2.6569415 0.3858582
    endloop
  endfacet
  facet normal 0.1125233 -0.7386749 0.6646036
    outer loop
      vertex 0.0062260 -2.6569415 0.3858582
      vertex 0.3271744 -2.5293190 0.4733650
      vertex 0.2917019 -2.4871227 0.5262699
    endloop
  endfacet
  facet normal 0.1180082 -0.7430525 0.6587465
    outer loop
      vertex 0.0062260 -2.6569415 0.3858582
      vertex 0.2917019 -2.4871227 0.5262699
      vertex -0.0230681 -2.6127910 0.4409068
    endloop
  endfacet
  facet normal 0.2503291 -0.8884038 0.3848040
    outer loop
      vertex -0.0230681 -2.6127910 0.4409068
      vertex 0.2917019 -2.4871227 0.5262699
      vertex 0.2632908 -2.4658249 0.5939232
    endloop
  endfacet
  facet normal 0.2552724 -0.8902165 0.3772938
    outer loop
      vertex -0.0230681 -2.6127910 0.4409068
      vertex 0.2632908 -2.4658249 0.5939232
      vertex -0.0495799 -2.5914069 0.5092997
    endloop
  endfacet
  facet normal 0.3580144 -0.9318374 0.0592010
    outer loop
      vertex -0.0495799 -2.5914069 0.5092997
      vertex 0.2632908 -2.4658249 0.5939232
      vertex 0.2453678 -2.4679942 0.6681648
    endloop
  endfacet
  facet normal 0.3620076 -0.9307808 0.0509665
    outer loop
      vertex -0.0495799 -2.5914069 0.5092997
      vertex 0.2453678 -2.4679942 0.6681648
      vertex -0.0701116 -2.5953683 0.5827879
    endloop
  endfacet
  facet normal 0.4228849 -0.8637890 -0.2739288
    outer loop
      vertex -0.0701116 -2.5953683 0.5827879
      vertex 0.2453678 -2.4679942 0.6681648
      vertex 0.2400948 -2.4933692 0.7400401
    endloop
  endfacet
  facet normal 0.4256181 -0.8598895 -0.2818498
    outer loop
      vertex -0.0701116 -2.5953683 0.5827879
      vertex 0.2400948 -2.4933692 0.7400401
      vertex -0.0821869 -2.6241974 0.6525075
    endloop
  endfacet
  facet normal 0.4369583 -0.6916587 -0.5750441
    outer loop
      vertex -0.0821869 -2.6241974 0.6525075
      vertex 0.2400948 -2.4933692 0.7400401
      vertex 0.2481078 -2.5388891 0.8008800
    endloop
  endfacet
  facet normal 0.4382710 -0.6852968 -0.5816243
    outer loop
      vertex -0.0821869 -2.6241974 0.6525075
      vertex 0.2481078 -2.5388891 0.8008800
      vertex -0.0843491 -2.6744171 0.7100493
    endloop
  endfacet
  facet normal 0.3980787 -0.4353395 -0.8074731
    outer loop
      vertex -0.0843491 -2.6744171 0.7100493
      vertex 0.2481078 -2.5388891 0.8008800
      vertex 0.2684402 -2.5990636 0.8433461
    endloop
  endfacet
  facet normal 0.3979942 -0.4272175 -0.8118410
    outer loop
      vertex -0.0843491 -2.6744171 0.7100493
      vertex 0.2684402 -2.5990636 0.8433461
      vertex -0.0763377 -2.7399701 0.7484730
    endloop
  endfacet
  facet normal 0.3106291 -0.1256864 -0.9421850
    outer loop
      vertex -0.0763377 -2.7399701 0.7484730
      vertex 0.2684402 -2.5990636 0.8433461
      vertex 0.2986397 -2.6666348 0.8623165
    endloop
  endfacet
  facet normal 0.3093546 -0.1167327 -0.9437548
    outer loop
      vertex -0.0763377 -2.7399701 0.7484730
      vertex 0.2986397 -2.6666348 0.8623165
      vertex -0.0591187 -2.8129497 0.7631440
    endloop
  endfacet
  facet normal 0.1853078 0.1991412 -0.9622909
    outer loop
      vertex -0.0591187 -2.8129497 0.7631440
      vertex 0.2986397 -2.6666348 0.8623165
      vertex 0.3350638 -2.7334526 0.8555030
    endloop
  endfacet
  facet normal 0.1831996 0.2079082 -0.9608393
    outer loop
      vertex -0.0591187 -2.8129497 0.7631440
      vertex 0.3350638 -2.7334526 0.8555030
      vertex -0.0347692 -2.8845536 0.7522929
    endloop
  endfacet
  facet normal 0.0376844 0.4991008 -0.8657241
    outer loop
      vertex -0.0347692 -2.8845536 0.7522929
      vertex 0.3350638 -2.7334526 0.8555030
      vertex 0.3733192 -2.7914578 0.8237276
    endloop
  endfacet
  facet normal 0.0351916 0.5067089 -0.8613986
    outer loop
      vertex -0.0347692 -2.8845536 0.7522929
      vertex 0.3733192 -2.7914578 0.8237276
      vertex -0.0062260 -2.9461451 0.7172284
    endloop
  endfacet
  facet normal -0.2575591 0.6564563 -0.7090334
    outer loop
      vertex 0.3733192 -2.7914578 0.8237276
      vertex 0.7094877 -2.5735665 0.9033470
      vertex 0.7505586 -2.6127180 0.8521796
    endloop
  endfacet
  facet normal -0.2606481 0.6619750 -0.7027458
    outer loop
      vertex 0.3733192 -2.7914578 0.8237276
      vertex 0.7505586 -2.6127180 0.8521796
      vertex 0.4087917 -2.8336541 0.7708226
    endloop
  endfacet
  facet normal -0.4133747 0.7997557 -0.4353299
    outer loop
      vertex 0.4087917 -2.8336541 0.7708226
      vertex 0.7505586 -2.6127180 0.8521796
      vertex 0.7806584 -2.6336490 0.7851449
    endloop
  endfacet
  facet normal -0.4154439 0.8030254 -0.4272663
    outer loop
      vertex 0.4087917 -2.8336541 0.7708226
      vertex 0.7806584 -2.6336490 0.7851449
      vertex 0.4372028 -2.8549519 0.7031694
    endloop
  endfacet
  facet normal -0.5197226 0.8472542 -0.1097669
    outer loop
      vertex 0.4372028 -2.8549519 0.7031694
      vertex 0.7806584 -2.6336490 0.7851449
      vertex 0.7961566 -2.6338350 0.7103283
    endloop
  endfacet
  facet normal -0.5203476 0.8479797 -0.1008408
    outer loop
      vertex 0.4372028 -2.8549519 0.7031694
      vertex 0.7961566 -2.6338350 0.7103283
      vertex 0.4551257 -2.8527826 0.6289278
    endloop
  endfacet
  facet normal -0.5640322 0.7932603 0.2293596
    outer loop
      vertex 0.4551257 -2.8527826 0.6289278
      vertex 0.7961566 -2.6338350 0.7103283
      vertex 0.7951839 -2.6132536 0.6367538
    endloop
  endfacet
  facet normal -0.5629547 0.7914446 0.2381123
    outer loop
      vertex 0.4551257 -2.8527826 0.6289278
      vertex 0.7951839 -2.6132536 0.6367538
      vertex 0.4603987 -2.8274076 0.5570525
    endloop
  endfacet
  facet normal -0.5406508 0.6435619 0.5417792
    outer loop
      vertex 0.4603987 -2.8274076 0.5570525
      vertex 0.7951839 -2.6132536 0.6367538
      vertex 0.7778575 -2.5743873 0.5732954
    endloop
  endfacet
  facet normal -0.5378202 0.6395261 0.5493230
    outer loop
      vertex 0.4603987 -2.8274076 0.5570525
      vertex 0.7778575 -2.5743873 0.5732954
      vertex 0.4523858 -2.7818877 0.4962126
    endloop
  endfacet
  facet normal -0.4518330 0.4154439 0.7894640
    outer loop
      vertex 0.4523858 -2.7818877 0.4962126
      vertex 0.7778575 -2.5743873 0.5732954
      vertex 0.7462675 -2.5219238 0.5276074
    endloop
  endfacet
  facet normal -0.4474215 0.4097995 0.7949078
    outer loop
      vertex 0.4523858 -2.7818877 0.4962126
      vertex 0.7462675 -2.5219238 0.5276074
      vertex 0.4320533 -2.7217132 0.4537465
    endloop
  endfacet
  facet normal -0.3080402 0.1363789 0.9415477
    outer loop
      vertex 0.4320533 -2.7217132 0.4537465
      vertex 0.7462675 -2.5219238 0.5276074
      vertex 0.7042238 -2.4621910 0.5052002
    endloop
  endfacet
  facet normal -0.3024190 0.1299428 0.9442762
    outer loop
      vertex 0.4320533 -2.7217132 0.4537465
      vertex 0.7042238 -2.4621910 0.5052002
      vertex 0.4018538 -2.6541420 0.4347761
    endloop
  endfacet
  facet normal -0.1269415 -0.1592338 0.9790457
    outer loop
      vertex 0.4018538 -2.6541420 0.4347761
      vertex 0.7042238 -2.4621910 0.5052002
      vertex 0.6567977 -2.4023936 0.5087765
    endloop
  endfacet
  facet normal -0.1206205 -0.1655614 0.9787952
    outer loop
      vertex 0.4018538 -2.6541420 0.4347761
      vertex 0.6567977 -2.4023936 0.5087765
      vertex 0.3654298 -2.5873242 0.4415895
    endloop
  endfacet
  facet normal 0.0690432 -0.4349599 0.8977989
    outer loop
      vertex 0.3654298 -2.5873242 0.4415895
      vertex 0.6567977 -2.4023936 0.5087765
      vertex 0.6097094 -2.3497440 0.5379051
    endloop
  endfacet
  facet normal 0.0754878 -0.4403154 0.8946642
    outer loop
      vertex 0.3654298 -2.5873242 0.4415895
      vertex 0.6097094 -2.3497440 0.5379051
      vertex 0.3271744 -2.5293190 0.4733650
    endloop
  endfacet
  facet normal 0.2560322 -0.6575077 0.7086122
    outer loop
      vertex 0.3271744 -2.5293190 0.4733650
      vertex 0.6097094 -2.3497440 0.5379051
      vertex 0.5686385 -2.3105926 0.5890725
    endloop
  endfacet
  facet normal 0.2620191 -0.6611532 0.7030096
    outer loop
      vertex 0.3271744 -2.5293190 0.4733650
      vertex 0.5686385 -2.3105926 0.5890725
      vertex 0.2917019 -2.4871227 0.5262699
    endloop
  endfacet
  facet normal 0.4118087 -0.8007728 0.4349443
    outer loop
      vertex 0.2917019 -2.4871227 0.5262699
      vertex 0.5686385 -2.3105926 0.5890725
      vertex 0.5385387 -2.2896616 0.6561071
    endloop
  endfacet
  facet normal 0.4168019 -0.8021623 0.4275649
    outer loop
      vertex 0.2917019 -2.4871227 0.5262699
      vertex 0.5385387 -2.2896616 0.6561071
      vertex 0.2632908 -2.4658249 0.5939232
    endloop
  endfacet
  facet normal 0.5181666 -0.8482480 0.1094471
    outer loop
      vertex 0.2632908 -2.4658249 0.5939232
      vertex 0.5385387 -2.2896616 0.6561071
      vertex 0.5230405 -2.2894755 0.7309238
    endloop
  endfacet
  facet normal 0.5217286 -0.8470878 0.1012003
    outer loop
      vertex 0.2632908 -2.4658249 0.5939232
      vertex 0.5230405 -2.2894755 0.7309238
      vertex 0.2453678 -2.4679942 0.6681648
    endloop
  endfacet
  facet normal 0.5625302 -0.7942517 -0.2296171
    outer loop
      vertex 0.2453678 -2.4679942 0.6681648
      vertex 0.5230405 -2.2894755 0.7309238
      vertex 0.5240132 -2.3100569 0.8044983
    endloop
  endfacet
  facet normal 0.5643843 -0.7905521 -0.2376924
    outer loop
      vertex 0.2453678 -2.4679942 0.6681648
      vertex 0.5240132 -2.3100569 0.8044983
      vertex 0.2400948 -2.4933692 0.7400401
    endloop
  endfacet
  facet normal 0.5392198 -0.6445706 -0.5420063
    outer loop
      vertex 0.2400948 -2.4933692 0.7400401
      vertex 0.5240132 -2.3100569 0.8044983
      vertex 0.5413395 -2.3489233 0.8679566
    endloop
  endfacet
  facet normal 0.5393030 -0.6386634 -0.5488728
    outer loop
      vertex 0.2400948 -2.4933692 0.7400401
      vertex 0.5413395 -2.3489233 0.8679566
      vertex 0.2481078 -2.5388891 0.8008800
    endloop
  endfacet
  facet normal 0.4504561 -0.4164819 -0.7897039
    outer loop
      vertex 0.2481078 -2.5388891 0.8008800
      vertex 0.5413395 -2.3489233 0.8679566
      vertex 0.5729296 -2.4013868 0.9136447
    endloop
  endfacet
  facet normal 0.4489372 -0.4089815 -0.7944744
    outer loop
      vertex 0.2481078 -2.5388891 0.8008800
      vertex 0.5729296 -2.4013868 0.9136447
      vertex 0.2684402 -2.5990636 0.8433461
    endloop
  endfacet
  facet normal 0.3066771 -0.1374470 -0.9418373
    outer loop
      vertex 0.2684402 -2.5990636 0.8433461
      vertex 0.5729296 -2.4013868 0.9136447
      vertex 0.6149733 -2.4611196 0.9360519
    endloop
  endfacet
  facet normal 0.3039302 -0.1291613 -0.9438982
    outer loop
      vertex 0.2684402 -2.5990636 0.8433461
      vertex 0.6149733 -2.4611196 0.9360519
      vertex 0.2986397 -2.6666348 0.8623165
    endloop
  endfacet
  facet normal 0.1255466 0.1581487 -0.9794014
    outer loop
      vertex 0.2986397 -2.6666348 0.8623165
      vertex 0.6149733 -2.4611196 0.9360519
      vertex 0.6623994 -2.5209170 0.9324755
    endloop
  endfacet
  facet normal 0.1220914 0.1663314 -0.9784823
    outer loop
      vertex 0.2986397 -2.6666348 0.8623165
      vertex 0.6623994 -2.5209170 0.9324755
      vertex 0.3350638 -2.7334526 0.8555030
    endloop
  endfacet
  facet normal -0.0705023 0.4338809 -0.8982075
    outer loop
      vertex 0.3350638 -2.7334526 0.8555030
      vertex 0.6623994 -2.5209170 0.9324755
      vertex 0.7094877 -2.5735665 0.9033470
    endloop
  endfacet
  facet normal -0.0740727 0.4411013 -0.8943952
    outer loop
      vertex 0.3350638 -2.7334526 0.8555030
      vertex 0.7094877 -2.5735665 0.9033470
      vertex 0.3733192 -2.7914578 0.8237276
    endloop
  endfacet
  facet normal -0.3860046 0.5482160 -0.7419297
    outer loop
      vertex 0.7094877 -2.5735665 0.9033470
      vertex 0.9927371 -2.3070538 0.9529083
      vertex 1.0384783 -2.3424318 0.9029694
    endloop
  endfacet
  facet normal -0.3896290 0.5533843 -0.7361760
    outer loop
      vertex 0.7094877 -2.5735665 0.9033470
      vertex 1.0384783 -2.3424318 0.9029694
      vertex 0.7505586 -2.6127180 0.8521796
    endloop
  endfacet
  facet normal -0.5572596 0.6824865 -0.4729418
    outer loop
      vertex 0.7505586 -2.6127180 0.8521796
      vertex 1.0384783 -2.3424318 0.9029694
      vertex 1.0698413 -2.3629603 0.8363909
    endloop
  endfacet
  facet normal -0.5595080 0.6858390 -0.4653769
    outer loop
      vertex 0.7505586 -2.6127180 0.8521796
      vertex 1.0698413 -2.3629603 0.8363909
      vertex 0.7806584 -2.6336490 0.7851449
    endloop
  endfacet
  facet normal -0.6618400 0.7349869 -0.1475197
    outer loop
      vertex 0.7806584 -2.6336490 0.7851449
      vertex 1.0698413 -2.3629603 0.8363909
      vertex 1.0830433 -2.3661632 0.7612031
    endloop
  endfacet
  facet normal -0.6622805 0.7362455 -0.1390216
    outer loop
      vertex 0.7806584 -2.6336490 0.7851449
      vertex 1.0830433 -2.3661632 0.7612031
      vertex 0.7961566 -2.6338350 0.7103283
    endloop
  endfacet
  facet normal -0.6873196 0.6993970 0.1960500
    outer loop
      vertex 0.7961566 -2.6338350 0.7103283
      vertex 1.0830433 -2.3661632 0.7612031
      vertex 1.0764919 -2.3516541 0.6864748
    endloop
  endfacet
  facet normal -0.6857380 0.6985376 0.2044714
    outer loop
      vertex 0.7961566 -2.6338350 0.7103283
      vertex 1.0764919 -2.3516541 0.6864748
      vertex 0.7951839 -2.6132536 0.6367538
    endloop
  endfacet
  facet normal -0.6301578 0.5793825 0.5169304
    outer loop
      vertex 0.7951839 -2.6132536 0.6367538
      vertex 1.0764919 -2.3516541 0.6864748
      vertex 1.0509774 -2.3211832 0.6212193
    endloop
  endfacet
  facet normal -0.6265942 0.5766515 0.5242640
    outer loop
      vertex 0.7951839 -2.6132536 0.6367538
      vertex 1.0509774 -2.3211832 0.6212193
      vertex 0.7778575 -2.5743873 0.5732954
    endloop
  endfacet
  facet normal -0.4965934 0.3887702 0.7760495
    outer loop
      vertex 0.7778575 -2.5743873 0.5732954
      vertex 1.0509774 -2.3211832 0.6212193
      vertex 1.0095771 -2.2784255 0.5733074
    endloop
  endfacet
  facet normal -0.4913387 0.3846559 0.7814257
    outer loop
      vertex 0.7778575 -2.5743873 0.5732954
      vertex 1.0095771 -2.2784255 0.5733074
      vertex 0.7462675 -2.5219238 0.5276074
    endloop
  endfacet
  facet normal -0.3025559 0.1505326 0.9411694
    outer loop
      vertex 0.7462675 -2.5219238 0.5276074
      vertex 1.0095771 -2.2784255 0.5733074
      vertex 0.9572845 -2.2285384 0.5485179
    endloop
  endfacet
  facet normal -0.2961043 0.1456921 0.9439788
    outer loop
      vertex 0.7462675 -2.5219238 0.5276074
      vertex 0.9572845 -2.2285384 0.5485179
      vertex 0.7042238 -2.4621910 0.5052002
    endloop
  endfacet
  facet normal -0.0719364 -0.1059554 0.9917654
    outer loop
      vertex 0.7042238 -2.4621910 0.5052002
      vertex 0.9572845 -2.2285384 0.5485179
      vertex 0.9004069 -2.1775390 0.5498409
    endloop
  endfacet
  facet normal -0.0649082 -0.1107924 0.9917217
    outer loop
      vertex 0.7042238 -2.4621910 0.5052002
      vertex 0.9004069 -2.1775390 0.5498409
      vertex 0.6567977 -2.4023936 0.5087765
    endloop
  endfacet
  facet normal 0.1667855 -0.3491006 0.9221233
    outer loop
      vertex 0.6567977 -2.4023936 0.5087765
      vertex 0.9004069 -2.1775390 0.5498409
      vertex 0.8458046 -2.1315784 0.5771168
    endloop
  endfacet
  facet normal 0.1737191 -0.3532197 0.9192701
    outer loop
      vertex 0.6567977 -2.4023936 0.5087765
      vertex 0.8458046 -2.1315784 0.5771168
      vertex 0.6097094 -2.3497440 0.5379051
    endloop
  endfacet
  facet normal 0.3846495 -0.5495589 0.7416399
    outer loop
      vertex 0.6097094 -2.3497440 0.5379051
      vertex 0.8458046 -2.1315784 0.5771168
      vertex 0.8000634 -2.0962004 0.6270556
    endloop
  endfacet
  facet normal 0.3908275 -0.5523308 0.7363319
    outer loop
      vertex 0.6097094 -2.3497440 0.5379051
      vertex 0.8000634 -2.0962004 0.6270556
      vertex 0.5686385 -2.3105926 0.5890725
    endloop
  endfacet
  facet normal 0.5558779 -0.6837855 0.4726914
    outer loop
      vertex 0.5686385 -2.3105926 0.5890725
      vertex 0.8000634 -2.0962004 0.6270556
      vertex 0.7687003 -2.0756719 0.6936341
    endloop
  endfacet
  facet normal 0.5607076 -0.6847282 0.4655687
    outer loop
      vertex 0.5686385 -2.3105926 0.5890725
      vertex 0.7687003 -2.0756719 0.6936341
      vertex 0.5385387 -2.2896616 0.6561071
    endloop
  endfacet
  facet normal 0.6604868 -0.7362401 0.1473354
    outer loop
      vertex 0.5385387 -2.2896616 0.6561071
      vertex 0.7687003 -2.0756719 0.6936341
      vertex 0.7554983 -2.0724690 0.7688219
    endloop
  endfacet
  facet normal 0.6635168 -0.7350837 0.1392748
    outer loop
      vertex 0.5385387 -2.2896616 0.6561071
      vertex 0.7554983 -2.0724690 0.7688219
      vertex 0.5230405 -2.2894755 0.7309238
    endloop
  endfacet
  facet normal 0.6860350 -0.7006220 -0.1961752
    outer loop
      vertex 0.5230405 -2.2894755 0.7309238
      vertex 0.7554983 -2.0724690 0.7688219
      vertex 0.7620497 -2.0869781 0.8435502
    endloop
  endfacet
  facet normal 0.6870311 -0.6973576 -0.2041584
    outer loop
      vertex 0.5230405 -2.2894755 0.7309238
      vertex 0.7620497 -2.0869781 0.8435502
      vertex 0.5240132 -2.3100569 0.8044983
    endloop
  endfacet
  facet normal 0.6289473 -0.5806083 -0.5170294
    outer loop
      vertex 0.5240132 -2.3100569 0.8044983
      vertex 0.7620497 -2.0869781 0.8435502
      vertex 0.7875643 -2.1174491 0.9088058
    endloop
  endfacet
  facet normal 0.6279397 -0.5754960 -0.5239237
    outer loop
      vertex 0.5240132 -2.3100569 0.8044983
      vertex 0.7875643 -2.1174491 0.9088058
      vertex 0.5413395 -2.3489233 0.8679566
    endloop
  endfacet
  facet normal 0.4954282 -0.3900265 -0.7761638
    outer loop
      vertex 0.5413395 -2.3489233 0.8679566
      vertex 0.7875643 -2.1174491 0.9088058
      vertex 0.8289646 -2.1602067 0.9567177
    endloop
  endfacet
  facet normal 0.4927066 -0.3835539 -0.7811060
    outer loop
      vertex 0.5413395 -2.3489233 0.8679566
      vertex 0.8289646 -2.1602067 0.9567177
      vertex 0.5729296 -2.4013868 0.9136447
    endloop
  endfacet
  facet normal 0.3013893 -0.1518374 -0.9413341
    outer loop
      vertex 0.5729296 -2.4013868 0.9136447
      vertex 0.8289646 -2.1602067 0.9567177
      vertex 0.8812572 -2.2100938 0.9815071
    endloop
  endfacet
  facet normal 0.2974515 -0.1446454 -0.9437162
    outer loop
      vertex 0.5729296 -2.4013868 0.9136447
      vertex 0.8812572 -2.2100938 0.9815071
      vertex 0.6149733 -2.4611196 0.9360519
    endloop
  endfacet
  facet normal 0.0707224 0.1046075 -0.9919958
    outer loop
      vertex 0.6149733 -2.4611196 0.9360519
      vertex 0.8812572 -2.2100938 0.9815071
      vertex 0.9381348 -2.2610933 0.9801841
    endloop
  endfacet
  facet normal 0.0662018 0.1118065 -0.9915224
    outer loop
      vertex 0.6149733 -2.4611196 0.9360519
      vertex 0.9381348 -2.2610933 0.9801841
      vertex 0.6623994 -2.5209170 0.9324755
    endloop
  endfacet
  facet normal -0.1680734 0.3477374 -0.9224045
    outer loop
      vertex 0.6623994 -2.5209170 0.9324755
      vertex 0.9381348 -2.2610933 0.9801841
      vertex 0.9927371 -2.3070538 0.9529083
    endloop
  endfacet
  facet normal -0.1724844 0.3542361 -0.9191115
    outer loop
      vertex 0.6623994 -2.5209170 0.9324755
      vertex 0.9927371 -2.3070538 0.9529083
      vertex 0.7094877 -2.5735665 0.9033470
    endloop
  endfacet
  facet normal -0.4955372 0.4176189 -0.7616018
    outer loop
      vertex 0.9927371 -2.3070538 0.9529083
      vertex 1.2181536 -2.0079610 0.9702461
      vertex 1.2673979 -2.0393640 0.9209856
    endloop
  endfacet
  facet normal -0.4994111 0.4221986 -0.7565295
    outer loop
      vertex 0.9927371 -2.3070538 0.9529083
      vertex 1.2673979 -2.0393640 0.9209856
      vertex 1.0384783 -2.3424318 0.9029694
    endloop
  endfacet
  facet normal -0.6785954 0.5420377 -0.4956848
    outer loop
      vertex 1.0384783 -2.3424318 0.9029694
      vertex 1.2673979 -2.0393640 0.9209856
      vertex 1.2994670 -2.0598144 0.8547202
    endloop
  endfacet
  facet normal -0.6808928 0.5453196 -0.4888881
    outer loop
      vertex 1.0384783 -2.3424318 0.9029694
      vertex 1.2994670 -2.0598144 0.8547202
      vertex 1.0698413 -2.3629603 0.8363909
    endloop
  endfacet
  facet normal -0.7804704 0.6014960 -0.1704947
    outer loop
      vertex 1.0698413 -2.3629603 0.8363909
      vertex 1.2994670 -2.0598144 0.8547202
      vertex 1.3104928 -2.0668455 0.7794423
    endloop
  endfacet
  facet normal -0.7807785 0.6032280 -0.1627910
    outer loop
      vertex 1.0698413 -2.3629603 0.8363909
      vertex 1.3104928 -2.0668455 0.7794423
      vertex 1.0830433 -2.3661632 0.7612031
    endloop
  endfacet
  facet normal -0.7889474 0.5888101 0.1756835
    outer loop
      vertex 1.0830433 -2.3661632 0.7612031
      vertex 1.3104928 -2.0668455 0.7794423
      vertex 1.2991454 -2.0596093 0.7042318
    endloop
  endfacet
  facet normal -0.7871057 0.5889370 0.1833515
    outer loop
      vertex 1.0830433 -2.3661632 0.7612031
      vertex 1.2991454 -2.0596093 0.7042318
      vertex 1.0764919 -2.3516541 0.6864748
    endloop
  endfacet
  facet normal -0.7023946 0.5050027 0.5016115
    outer loop
      vertex 1.0764919 -2.3516541 0.6864748
      vertex 1.2991454 -2.0596093 0.7042318
      vertex 1.2667935 -2.0389785 0.6381600
    endloop
  endfacet
  facet normal -0.6985191 0.5036790 0.5083096
    outer loop
      vertex 1.0764919 -2.3516541 0.6864748
      vertex 1.2667935 -2.0389785 0.6381600
      vertex 1.0509774 -2.3211832 0.6212193
    endloop
  endfacet
  facet normal -0.5305692 0.3596773 0.7675471
    outer loop
      vertex 1.0509774 -2.3211832 0.6212193
      vertex 1.2667935 -2.0389785 0.6381600
      vertex 1.2173392 -2.0074417 0.5891962
    endloop
  endfacet
  facet normal -0.5250258 0.3572414 0.7724807
    outer loop
      vertex 1.0509774 -2.3211832 0.6212193
      vertex 1.2173392 -2.0074417 0.5891962
      vertex 1.0095771 -2.2784255 0.5733074
    endloop
  endfacet
  facet normal -0.2941330 0.1703678 0.9404577
    outer loop
      vertex 1.0095771 -2.2784255 0.5733074
      vertex 1.2173392 -2.0074417 0.5891962
      vertex 1.1567474 -1.9688024 0.5632462
    endloop
  endfacet
  facet normal -0.2874722 0.1672866 0.9430668
    outer loop
      vertex 1.0095771 -2.2784255 0.5733074
      vertex 1.1567474 -1.9688024 0.5632462
      vertex 0.9572845 -2.2285384 0.5485179
    endloop
  endfacet
  facet normal -0.0222323 -0.0395730 0.9989693
    outer loop
      vertex 0.9572845 -2.2285384 0.5485179
      vertex 1.1567474 -1.9688024 0.5632462
      vertex 1.0923265 -1.9277213 0.5634398
    endloop
  endfacet
  facet normal -0.0151127 -0.0427692 0.9989707
    outer loop
      vertex 0.9572845 -2.2285384 0.5485179
      vertex 1.0923265 -1.9277213 0.5634398
      vertex 0.9004069 -2.1775390 0.5498409
    endloop
  endfacet
  facet normal 0.2516531 -0.2443070 0.9364747
    outer loop
      vertex 0.9004069 -2.1775390 0.5498409
      vertex 1.0923265 -1.9277213 0.5634398
      vertex 1.0318464 -1.8891533 0.5897539
    endloop
  endfacet
  facet normal 0.2585278 -0.2470800 0.9338709
    outer loop
      vertex 0.9004069 -2.1775390 0.5498409
      vertex 1.0318464 -1.8891533 0.5897539
      vertex 0.8458046 -2.1315784 0.5771168
    endloop
  endfacet
  facet normal 0.4944431 -0.4191396 0.7614775
    outer loop
      vertex 0.8458046 -2.1315784 0.5771168
      vertex 1.0318464 -1.8891533 0.5897539
      vertex 0.9826021 -1.8577503 0.6390144
    endloop
  endfacet
  facet normal 0.5003784 -0.4209936 0.7565619
    outer loop
      vertex 0.8458046 -2.1315784 0.5771168
      vertex 0.9826021 -1.8577503 0.6390144
      vertex 0.8000634 -2.0962004 0.6270556
    endloop
  endfacet
  facet normal 0.6774936 -0.5434913 0.4956002
    outer loop
      vertex 0.8000634 -2.0962004 0.6270556
      vertex 0.9826021 -1.8577503 0.6390144
      vertex 0.9505330 -1.8372999 0.7052798
    endloop
  endfacet
  facet normal 0.6818762 -0.5440303 0.4889538
    outer loop
      vertex 0.8000634 -2.0962004 0.6270556
      vertex 0.9505330 -1.8372999 0.7052798
      vertex 0.7687003 -2.0756719 0.6936341
    endloop
  endfacet
  facet normal 0.7794131 -0.6028729 0.1704684
    outer loop
      vertex 0.7687003 -2.0756719 0.6936341
      vertex 0.9505330 -1.8372999 0.7052798
      vertex 0.9395072 -1.8302688 0.7805577
    endloop
  endfacet
  facet normal 0.7818062 -0.6018624 0.1629133
    outer loop
      vertex 0.7687003 -2.0756719 0.6936341
      vertex 0.9395072 -1.8302688 0.7805577
      vertex 0.7554983 -2.0724690 0.7688219
    endloop
  endfacet
  facet normal 0.7879624 -0.5901339 -0.1756623
    outer loop
      vertex 0.7554983 -2.0724690 0.7688219
      vertex 0.9395072 -1.8302688 0.7805577
      vertex 0.9508546 -1.8375050 0.8557682
    endloop
  endfacet
  facet normal 0.7881886 -0.5875418 -0.1831756
    outer loop
      vertex 0.7554983 -2.0724690 0.7688219
      vertex 0.9508546 -1.8375050 0.8557682
      vertex 0.7620497 -2.0869781 0.8435502
    endloop
  endfacet
  facet normal 0.7014733 -0.5063208 -0.5015720
    outer loop
      vertex 0.7620497 -2.0869781 0.8435502
      vertex 0.9508546 -1.8375050 0.8557682
      vertex 0.9832065 -1.8581358 0.9218400
    endloop
  endfacet
  facet normal 0.6996437 -0.5023151 -0.5081125
    outer loop
      vertex 0.7620497 -2.0869781 0.8435502
      vertex 0.9832065 -1.8581358 0.9218400
      vertex 0.7875643 -2.1174491 0.9088058
    endloop
  endfacet
  facet normal 0.5296759 -0.3610416 -0.7675236
    outer loop
      vertex 0.7875643 -2.1174491 0.9088058
      vertex 0.9832065 -1.8581358 0.9218400
      vertex 1.0326608 -1.8896727 0.9708038
    endloop
  endfacet
  facet normal 0.5261561 -0.3559521 -0.7723068
    outer loop
      vertex 0.7875643 -2.1174491 0.9088058
      vertex 1.0326608 -1.8896727 0.9708038
      vertex 0.8289646 -2.1602067 0.9567177
    endloop
  endfacet
  facet normal 0.2932224 -0.1718104 -0.9404796
    outer loop
      vertex 0.8289646 -2.1602067 0.9567177
      vertex 1.0326608 -1.8896727 0.9708038
      vertex 1.0932526 -1.9283119 0.9967538
    endloop
  endfacet
  facet normal 0.2885670 -0.1660789 -0.9429459
    outer loop
      vertex 0.8289646 -2.1602067 0.9567177
      vertex 1.0932526 -1.9283119 0.9967538
      vertex 0.8812572 -2.2100938 0.9815071
    endloop
  endfacet
  facet normal 0.0212658 0.0380577 -0.9990492
    outer loop
      vertex 0.8812572 -2.2100938 0.9815071
      vertex 1.0932526 -1.9283119 0.9967538
      vertex 1.1576735 -1.9693930 0.9965602
    endloop
  endfacet
  facet normal 0.0161496 0.0439240 -0.9989043
    outer loop
      vertex 0.8812572 -2.2100938 0.9815071
      vertex 1.1576735 -1.9693930 0.9965602
      vertex 0.9381348 -2.2610933 0.9801841
    endloop
  endfacet
  facet normal -0.2526921 0.2427610 -0.9365969
    outer loop
      vertex 0.9381348 -2.2610933 0.9801841
      vertex 1.1576735 -1.9693930 0.9965602
      vertex 1.2181536 -2.0079610 0.9702461
    endloop
  endfacet
  facet normal -0.2575408 0.2482330 -0.9338379
    outer loop
      vertex 0.9381348 -2.2610933 0.9801841
      vertex 1.2181536 -2.0079610 0.9702461
      vertex 0.9927371 -2.3070538 0.9529083
    endloop
  endfacet
  facet normal -0.5831704 0.2707812 -0.7658915
    outer loop
      vertex 1.2181536 -2.0079610 0.9702461
      vertex 1.3855513 -1.6924557 0.9543320
      vertex 1.4370620 -1.7203180 0.9052596
    endloop
  endfacet
  facet normal -0.5868781 0.2745483 -0.7617069
    outer loop
      vertex 1.2181536 -2.0079610 0.9702461
      vertex 1.4370620 -1.7203180 0.9052596
      vertex 1.2673979 -2.0393640 0.9209856
    endloop
  endfacet
  facet normal -0.7738613 0.3868083 -0.5015158
    outer loop
      vertex 1.2673979 -2.0393640 0.9209856
      vertex 1.4370620 -1.7203180 0.9052596
      vertex 1.4692763 -1.7414261 0.8392714
    endloop
  endfacet
  facet normal -0.7760030 0.3898142 -0.4958470
    outer loop
      vertex 1.2673979 -2.0393640 0.9209856
      vertex 1.4692763 -1.7414261 0.8392714
      vertex 1.2994670 -2.0598144 0.8547202
    endloop
  endfacet
  facet normal -0.8719585 0.4564619 -0.1770052
    outer loop
      vertex 1.2994670 -2.0598144 0.8547202
      vertex 1.4692763 -1.7414261 0.8392714
      vertex 1.4783085 -1.7532340 0.7643265
    endloop
  endfacet
  facet normal -0.8721784 0.4584877 -0.1705696
    outer loop
      vertex 1.2994670 -2.0598144 0.8547202
      vertex 1.4783085 -1.7532340 0.7643265
      vertex 1.3104928 -2.0668455 0.7794423
    endloop
  endfacet
  facet normal -0.8655451 0.4713230 0.1693702
    outer loop
      vertex 1.3104928 -2.0668455 0.7794423
      vertex 1.4783085 -1.7532340 0.7643265
      vertex 1.4630694 -1.7543177 0.6894643
    endloop
  endfacet
  facet normal -0.8637462 0.4722837 0.1757574
    outer loop
      vertex 1.3104928 -2.0668455 0.7794423
      vertex 1.4630694 -1.7543177 0.6894643
      vertex 1.2991454 -2.0596093 0.7042318
    endloop
  endfacet
  facet normal -0.7546868 0.4292254 0.4961989
    outer loop
      vertex 1.2991454 -2.0596093 0.7042318
      vertex 1.4630694 -1.7543177 0.6894643
      vertex 1.4253969 -1.7445463 0.6237143
    endloop
  endfacet
  facet normal -0.7510325 0.4291801 0.5017516
    outer loop
      vertex 1.2991454 -2.0596093 0.7042318
      vertex 1.4253969 -1.7445463 0.6237143
      vertex 1.2667935 -2.0389785 0.6381600
    endloop
  endfacet
  facet normal -0.5521326 0.3348820 0.7635467
    outer loop
      vertex 1.2667935 -2.0389785 0.6381600
      vertex 1.4253969 -1.7445463 0.6237143
      vertex 1.3698349 -1.7250984 0.5750070
    endloop
  endfacet
  facet normal -0.5469982 0.3340143 0.7676115
    outer loop
      vertex 1.2667935 -2.0389785 0.6381600
      vertex 1.3698349 -1.7250984 0.5750070
      vertex 1.2173392 -2.0074417 0.5891962
    endloop
  endfacet
  facet normal -0.2824099 0.1996851 0.9382806
    outer loop
      vertex 1.2173392 -2.0074417 0.5891962
      vertex 1.3698349 -1.7250984 0.5750070
      vertex 1.3030851 -1.6983198 0.5492172
    endloop
  endfacet
  facet normal -0.2763141 0.1982675 0.9403938
    outer loop
      vertex 1.2173392 -2.0074417 0.5891962
      vertex 1.3030851 -1.6983198 0.5492172
      vertex 1.1567474 -1.9688024 0.5632462
    endloop
  endfacet
  facet normal 0.0212252 0.0403293 0.9989610
    outer loop
      vertex 1.1567474 -1.9688024 0.5632462
      vertex 1.3030851 -1.6983198 0.5492172
      vertex 1.2331983 -1.6674403 0.5494554
    endloop
  endfacet
  facet normal 0.0276748 0.0386889 0.9988680
    outer loop
      vertex 1.1567474 -1.9688024 0.5632462
      vertex 1.2331983 -1.6674403 0.5494554
      vertex 1.0923265 -1.9277213 0.5634398
    endloop
  endfacet
  facet normal 0.3215328 -0.1235832 0.9387991
    outer loop
      vertex 1.0923265 -1.9277213 0.5634398
      vertex 1.2331983 -1.6674403 0.5494554
      vertex 1.1686041 -1.6361845 0.5756930
    endloop
  endfacet
  facet normal 0.3276750 -0.1250925 0.9364726
    outer loop
      vertex 1.0923265 -1.9277213 0.5634398
      vertex 1.1686041 -1.6361845 0.5756930
      vertex 1.0318464 -1.8891533 0.5897539
    endloop
  endfacet
  facet normal 0.5824061 -0.2722816 0.7659412
    outer loop
      vertex 1.0318464 -1.8891533 0.5897539
      vertex 1.1686041 -1.6361845 0.5756930
      vertex 1.1170934 -1.6083222 0.6247654
    endloop
  endfacet
  facet normal 0.5875748 -0.2733111 0.7616146
    outer loop
      vertex 1.0318464 -1.8891533 0.5897539
      vertex 1.1170934 -1.6083222 0.6247654
      vertex 0.9826021 -1.8577503 0.6390144
    endloop
  endfacet
  facet normal 0.7731096 -0.3882053 0.5015957
    outer loop
      vertex 0.9826021 -1.8577503 0.6390144
      vertex 1.1170934 -1.6083222 0.6247654
      vertex 1.0848792 -1.5872141 0.6907536
    endloop
  endfacet
  facet normal 0.7767255 -0.3884598 0.4957786
    outer loop
      vertex 0.9826021 -1.8577503 0.6390144
      vertex 1.0848792 -1.5872141 0.6907536
      vertex 0.9505330 -1.8372999 0.7052798
    endloop
  endfacet
  facet normal 0.8712580 -0.4577517 0.1771240
    outer loop
      vertex 0.9505330 -1.8372999 0.7052798
      vertex 1.0848792 -1.5872141 0.6907536
      vertex 1.0758469 -1.5754061 0.7656986
    endloop
  endfacet
  facet normal 0.8729423 -0.4570401 0.1705463
    outer loop
      vertex 0.9505330 -1.8372999 0.7052798
      vertex 1.0758469 -1.5754061 0.7656986
      vertex 0.9395072 -1.8302688 0.7805577
    endloop
  endfacet
  facet normal 0.8649049 -0.4725498 -0.1692221
    outer loop
      vertex 0.9395072 -1.8302688 0.7805577
      vertex 1.0758469 -1.5754061 0.7656986
      vertex 1.0910861 -1.5743225 0.8405607
    endloop
  endfacet
  facet normal 0.8645524 -0.4708136 -0.1757376
    outer loop
      vertex 0.9395072 -1.8302688 0.7805577
      vertex 1.0910861 -1.5743225 0.8405607
      vertex 0.9508546 -1.8375050 0.8557682
    endloop
  endfacet
  facet normal 0.7540871 -0.4304624 -0.4960391
    outer loop
      vertex 0.9508546 -1.8375050 0.8557682
      vertex 1.0910861 -1.5743225 0.8405607
      vertex 1.1287585 -1.5840939 0.9063107
    endloop
  endfacet
  facet normal 0.7518614 -0.4277676 -0.5017164
    outer loop
      vertex 0.9508546 -1.8375050 0.8557682
      vertex 1.1287585 -1.5840939 0.9063107
      vertex 0.9832065 -1.8581358 0.9218400
    endloop
  endfacet
  facet normal 0.5515397 -0.3361994 -0.7633963
    outer loop
      vertex 0.9832065 -1.8581358 0.9218400
      vertex 1.1287585 -1.5840939 0.9063107
      vertex 1.1843205 -1.6035417 0.9550180
    endloop
  endfacet
  facet normal 0.5478147 -0.3327096 -0.7675959
    outer loop
      vertex 0.9832065 -1.8581358 0.9218400
      vertex 1.1843205 -1.6035417 0.9550180
      vertex 1.0326608 -1.8896727 0.9708038
    endloop
  endfacet
  facet normal 0.2817895 -0.2011167 -0.9381614
    outer loop
      vertex 1.0326608 -1.8896727 0.9708038
      vertex 1.1843205 -1.6035417 0.9550180
      vertex 1.2510704 -1.6303204 0.9808079
    endloop
  endfacet
  facet normal 0.2770878 -0.1970702 -0.9404178
    outer loop
      vertex 1.0326608 -1.8896727 0.9708038
      vertex 1.2510704 -1.6303204 0.9808079
      vertex 1.0932526 -1.9283119 0.9967538
    endloop
  endfacet
  facet normal -0.0218987 -0.0418541 -0.9988837
    outer loop
      vertex 1.0932526 -1.9283119 0.9967538
      vertex 1.2510704 -1.6303204 0.9808079
      vertex 1.3209571 -1.6611998 0.9805696
    endloop
  endfacet
  facet normal -0.0269495 -0.0375513 -0.9989312
    outer loop
      vertex 1.0932526 -1.9283119 0.9967538
      vertex 1.3209571 -1.6611998 0.9805696
      vertex 1.1576735 -1.9693930 0.9965602
    endloop
  endfacet
  facet normal -0.3222642 0.1220316 -0.9387513
    outer loop
      vertex 1.1576735 -1.9693930 0.9965602
      vertex 1.3209571 -1.6611998 0.9805696
      vertex 1.3855513 -1.6924557 0.9543320
    endloop
  endfacet
  facet normal -0.3269787 0.1262449 -0.9365613
    outer loop
      vertex 1.1576735 -1.9693930 0.9965602
      vertex 1.3855513 -1.6924557 0.9543320
      vertex 1.2181536 -2.0079610 0.9702461
    endloop
  endfacet
  facet normal -0.6474282 0.1159518 -0.7532542
    outer loop
      vertex 1.3855513 -1.6924557 0.9543320
      vertex 1.4991786 -1.3755676 0.9054484
      vertex 1.5518507 -1.4009582 0.8562679
    endloop
  endfacet
  facet normal -0.6504705 0.1187161 -0.7501964
    outer loop
      vertex 1.3855513 -1.6924557 0.9543320
      vertex 1.5518507 -1.4009582 0.8562679
      vertex 1.4370620 -1.7203180 0.9052596
    endloop
  endfacet
  facet normal -0.8418101 0.2274829 -0.4894971
    outer loop
      vertex 1.4370620 -1.7203180 0.9052596
      vertex 1.5518507 -1.4009582 0.8562679
      vertex 1.5837858 -1.4238117 0.7907269
    endloop
  endfacet
  facet normal -0.8435402 0.2299397 -0.4853532
    outer loop
      vertex 1.4370620 -1.7203180 0.9052596
      vertex 1.5837858 -1.4238117 0.7907269
      vertex 1.4692763 -1.7414261 0.8392714
    endloop
  endfacet
  facet normal -0.9354038 0.3117403 -0.1668462
    outer loop
      vertex 1.4692763 -1.7414261 0.8392714
      vertex 1.5837858 -1.4238117 0.7907269
      vertex 1.5911321 -1.4413718 0.7167307
    endloop
  endfacet
  facet normal -0.9355654 0.3137116 -0.1621799
    outer loop
      vertex 1.4692763 -1.7414261 0.8392714
      vertex 1.5911321 -1.4413718 0.7167307
      vertex 1.4783085 -1.7532340 0.7643265
    endloop
  endfacet
  facet normal -0.9166635 0.3585649 0.1765195
    outer loop
      vertex 1.4783085 -1.7532340 0.7643265
      vertex 1.5911321 -1.4413718 0.7167307
      vertex 1.5730037 -1.4515203 0.6432044
    endloop
  endfacet
  facet normal -0.9152266 0.3599510 0.1810956
    outer loop
      vertex 1.4783085 -1.7532340 0.7643265
      vertex 1.5730037 -1.4515203 0.6432044
      vertex 1.4630694 -1.7543177 0.6894643
    endloop
  endfacet
  facet normal -0.7871222 0.3620623 0.4993492
    outer loop
      vertex 1.4630694 -1.7543177 0.6894643
      vertex 1.5730037 -1.4515203 0.6432044
      vertex 1.5315869 -1.4530332 0.5790163
    endloop
  endfacet
  facet normal -0.7842539 0.3628493 0.5032754
    outer loop
      vertex 1.4630694 -1.7543177 0.6894643
      vertex 1.5315869 -1.4530332 0.5790163
      vertex 1.4253969 -1.7445463 0.6237143
    endloop
  endfacet
  facet normal -0.5619362 0.3215546 0.7621222
    outer loop
      vertex 1.4253969 -1.7445463 0.6237143
      vertex 1.5315869 -1.4530332 0.5790163
      vertex 1.4718773 -1.4457280 0.5319084
    endloop
  endfacet
  facet normal -0.5579402 0.3218014 0.7649488
    outer loop
      vertex 1.4253969 -1.7445463 0.6237143
      vertex 1.4718773 -1.4457280 0.5319084
      vertex 1.3698349 -1.7250984 0.5750070
    endloop
  endfacet
  facet normal -0.2685350 0.2419258 0.9323952
    outer loop
      vertex 1.3698349 -1.7250984 0.5750070
      vertex 1.4718773 -1.4457280 0.5319084
      vertex 1.4010768 -1.4304859 0.5075626
    endloop
  endfacet
  facet normal -0.2638027 0.2417438 0.9337923
    outer loop
      vertex 1.3698349 -1.7250984 0.5750070
      vertex 1.4010768 -1.4304859 0.5075626
      vertex 1.3030851 -1.6983198 0.5492172
    endloop
  endfacet
  facet normal 0.0569570 0.1330477 0.9894717
    outer loop
      vertex 1.3030851 -1.6983198 0.5492172
      vertex 1.4010768 -1.4304859 0.5075626
      vertex 1.3277249 -1.4091452 0.5089154
    endloop
  endfacet
  facet normal 0.0619568 0.1325884 0.9892329
    outer loop
      vertex 1.3030851 -1.6983198 0.5492172
      vertex 1.3277249 -1.4091452 0.5089154
      vertex 1.2331983 -1.6674403 0.5494554
    endloop
  endfacet
  facet normal 0.3748238 0.0083322 0.9270586
    outer loop
      vertex 1.2331983 -1.6674403 0.5494554
      vertex 1.3277249 -1.4091452 0.5089154
      vertex 1.2606689 -1.3842800 0.5358037
    endloop
  endfacet
  facet normal 0.3795488 0.0077812 0.9251390
    outer loop
      vertex 1.2331983 -1.6674403 0.5494554
      vertex 1.2606689 -1.3842800 0.5358037
      vertex 1.1686041 -1.6361845 0.5756930
    endloop
  endfacet
  facet normal 0.6470084 -0.1171593 0.7534280
    outer loop
      vertex 1.1686041 -1.6361845 0.5756930
      vertex 1.2606689 -1.3842800 0.5358037
      vertex 1.2079969 -1.3588894 0.5849842
    endloop
  endfacet
  facet normal 0.6508941 -0.1175966 0.7500053
    outer loop
      vertex 1.1686041 -1.6361845 0.5756930
      vertex 1.2079969 -1.3588894 0.5849842
      vertex 1.1170934 -1.6083222 0.6247654
    endloop
  endfacet
  facet normal 0.8414163 -0.2285495 0.4896771
    outer loop
      vertex 1.1170934 -1.6083222 0.6247654
      vertex 1.2079969 -1.3588894 0.5849842
      vertex 1.1760618 -1.3360358 0.6505252
    endloop
  endfacet
  facet normal 0.8439884 -0.2286801 0.4851691
    outer loop
      vertex 1.1170934 -1.6083222 0.6247654
      vertex 1.1760618 -1.3360358 0.6505252
      vertex 1.0848792 -1.5872141 0.6907536
    endloop
  endfacet
  facet normal 0.9350528 -0.3126900 0.1670368
    outer loop
      vertex 1.0848792 -1.5872141 0.6907536
      vertex 1.1760618 -1.3360358 0.6505252
      vertex 1.1687154 -1.3184758 0.7245213
    endloop
  endfacet
  facet normal 0.9360414 -0.3123687 0.1620257
    outer loop
      vertex 1.0848792 -1.5872141 0.6907536
      vertex 1.1687154 -1.3184758 0.7245213
      vertex 1.0758469 -1.5754061 0.7656986
    endloop
  endfacet
  facet normal 0.9163464 -0.3594746 -0.1763157
    outer loop
      vertex 1.0758469 -1.5754061 0.7656986
      vertex 1.1687154 -1.3184758 0.7245213
      vertex 1.1868439 -1.3083273 0.7980476
    endloop
  endfacet
  facet normal 0.9157241 -0.3586224 -0.1812161
    outer loop
      vertex 1.0758469 -1.5754061 0.7656986
      vertex 1.1868439 -1.3083273 0.7980476
      vertex 1.0910861 -1.5743225 0.8405607
    endloop
  endfacet
  facet normal 0.7868170 -0.3630271 -0.4991295
    outer loop
      vertex 1.0910861 -1.5743225 0.8405607
      vertex 1.1868439 -1.3083273 0.7980476
      vertex 1.2282607 -1.3068144 0.8622358
    endloop
  endfacet
  facet normal 0.7847529 -0.3616243 -0.5033793
    outer loop
      vertex 1.0910861 -1.5743225 0.8405607
      vertex 1.2282607 -1.3068144 0.8622358
      vertex 1.1287585 -1.5840939 0.9063107
    endloop
  endfacet
  facet normal 0.5616219 -0.3226454 -0.7618929
    outer loop
      vertex 1.1287585 -1.5840939 0.9063107
      vertex 1.2282607 -1.3068144 0.8622358
      vertex 1.2879702 -1.3141196 0.9093437
    endloop
  endfacet
  facet normal 0.5584145 -0.3207184 -0.7650575
    outer loop
      vertex 1.1287585 -1.5840939 0.9063107
      vertex 1.2879702 -1.3141196 0.9093437
      vertex 1.1843205 -1.6035417 0.9550180
    endloop
  endfacet
  facet normal 0.2681940 -0.2431557 -0.9321734
    outer loop
      vertex 1.1843205 -1.6035417 0.9550180
      vertex 1.2879702 -1.3141196 0.9093437
      vertex 1.3587708 -1.3293617 0.9336895
    endloop
  endfacet
  facet normal 0.2642400 -0.2407757 -0.9339188
    outer loop
      vertex 1.1843205 -1.6035417 0.9550180
      vertex 1.3587708 -1.3293617 0.9336895
      vertex 1.2510704 -1.6303204 0.9808079
    endloop
  endfacet
  facet normal -0.0573361 -0.1343633 -0.9892720
    outer loop
      vertex 1.2510704 -1.6303204 0.9808079
      vertex 1.3587708 -1.3293617 0.9336895
      vertex 1.4321227 -1.3507024 0.9323367
    endloop
  endfacet
  facet normal -0.0615457 -0.1316568 -0.9893829
    outer loop
      vertex 1.2510704 -1.6303204 0.9808079
      vertex 1.4321227 -1.3507024 0.9323367
      vertex 1.3209571 -1.6611998 0.9805696
    endloop
  endfacet
  facet normal -0.3752362 -0.0096387 -0.9268791
    outer loop
      vertex 1.3209571 -1.6611998 0.9805696
      vertex 1.4321227 -1.3507024 0.9323367
      vertex 1.4991786 -1.3755676 0.9054484
    endloop
  endfacet
  facet normal -0.3791407 -0.0067909 -0.9253141
    outer loop
      vertex 1.3209571 -1.6611998 0.9805696
      vertex 1.4991786 -1.3755676 0.9054484
      vertex 1.3855513 -1.6924557 0.9543320
    endloop
  endfacet
  facet normal -0.6890561 -0.0364980 -0.7237883
    outer loop
      vertex 1.4991786 -1.3755676 0.9054484
      vertex 1.5670444 -1.0700357 0.8254324
      vertex 1.6200820 -1.0944964 0.7761734
    endloop
  endfacet
  facet normal -0.6909785 -0.0348642 -0.7220340
    outer loop
      vertex 1.4991786 -1.3755676 0.9054484
      vertex 1.6200820 -1.0944964 0.7761734
      vertex 1.5518507 -1.4009582 0.8562679
    endloop
  endfacet
  facet normal -0.8841699 0.0764028 -0.4608754
    outer loop
      vertex 1.5518507 -1.4009582 0.8562679
      vertex 1.6200820 -1.0944964 0.7761734
      vertex 1.6515497 -1.1203338 0.7115207
    endloop
  endfacet
  facet normal -0.8852470 0.0779922 -0.4585358
    outer loop
      vertex 1.5518507 -1.4009582 0.8562679
      vertex 1.6515497 -1.1203338 0.7115207
      vertex 1.5837858 -1.4238117 0.7907269
    endloop
  endfacet
  facet normal -0.9732844 0.1801845 -0.1423060
    outer loop
      vertex 1.5837858 -1.4238117 0.7907269
      vertex 1.6515497 -1.1203338 0.7115207
      vertex 1.6576520 -1.1444314 0.6392724
    endloop
  endfacet
  facet normal -0.9733925 0.1816064 -0.1397357
    outer loop
      vertex 1.5837858 -1.4238117 0.7907269
      vertex 1.6576520 -1.1444314 0.6392724
      vertex 1.5911321 -1.4413718 0.7167307
    endloop
  endfacet
  facet normal -0.9452610 0.2623672 0.1940236
    outer loop
      vertex 1.5911321 -1.4413718 0.7167307
      vertex 1.6576520 -1.1444314 0.6392724
      vertex 1.6376531 -1.1638827 0.5681426
    endloop
  endfacet
  facet normal -0.9444262 0.2635426 0.1964801
    outer loop
      vertex 1.5911321 -1.4413718 0.7167307
      vertex 1.6376531 -1.1638827 0.5681426
      vertex 1.5730037 -1.4515203 0.6432044
    endloop
  endfacet
  facet normal -0.8028404 0.3128823 0.5074958
    outer loop
      vertex 1.5730037 -1.4515203 0.6432044
      vertex 1.6376531 -1.1638827 0.5681426
      vertex 1.5939650 -1.1763416 0.5067107
    endloop
  endfacet
  facet normal -0.8011817 0.3137794 0.5095590
    outer loop
      vertex 1.5730037 -1.4515203 0.6432044
      vertex 1.5939650 -1.1763416 0.5067107
      vertex 1.5315869 -1.4530332 0.5790163
    endloop
  endfacet
  facet normal -0.5629551 0.3254443 0.7597155
    outer loop
      vertex 1.5315869 -1.4530332 0.5790163
      vertex 1.5939650 -1.1763416 0.5067107
      vertex 1.5318571 -1.1803053 0.4623863
    endloop
  endfacet
  facet normal -0.5606313 0.3260628 0.7611673
    outer loop
      vertex 1.5315869 -1.4530332 0.5790163
      vertex 1.5318571 -1.1803053 0.4623863
      vertex 1.4718773 -1.4457280 0.5319084
    endloop
  endfacet
  facet normal -0.2549376 0.2985140 0.9197262
    outer loop
      vertex 1.4718773 -1.4457280 0.5319084
      vertex 1.5318571 -1.1803053 0.4623863
      vertex 1.4588206 -1.1752959 0.4405155
    endloop
  endfacet
  facet normal -0.2521444 0.2988699 0.9203803
    outer loop
      vertex 1.4718773 -1.4457280 0.5319084
      vertex 1.4588206 -1.1752959 0.4405155
      vertex 1.4010768 -1.4304859 0.5075626
    endloop
  endfacet
  facet normal 0.0834211 0.2355241 0.9682816
    outer loop
      vertex 1.4010768 -1.4304859 0.5075626
      vertex 1.4588206 -1.1752959 0.4405155
      vertex 1.3836648 -1.1619174 0.4437363
    endloop
  endfacet
  facet normal 0.0864110 0.2356485 0.9679891
    outer loop
      vertex 1.4010768 -1.4304859 0.5075626
      vertex 1.3836648 -1.1619174 0.4437363
      vertex 1.3277249 -1.4091452 0.5089154
    endloop
  endfacet
  facet normal 0.4110770 0.1442907 0.9001088
    outer loop
      vertex 1.3277249 -1.4091452 0.5089154
      vertex 1.3836648 -1.1619174 0.4437363
      vertex 1.3154545 -1.1417836 0.4716602
    endloop
  endfacet
  facet normal 0.4138985 0.1442411 0.8988229
    outer loop
      vertex 1.3277249 -1.4091452 0.5089154
      vertex 1.3154545 -1.1417836 0.4716602
      vertex 1.2606689 -1.3842800 0.5358037
    endloop
  endfacet
  facet normal 0.6889143 0.0358539 0.7239555
    outer loop
      vertex 1.2606689 -1.3842800 0.5358037
      vertex 1.3154545 -1.1417836 0.4716602
      vertex 1.2624170 -1.1173228 0.5209192
    endloop
  endfacet
  facet normal 0.6911756 0.0357191 0.7218036
    outer loop
      vertex 1.2606689 -1.3842800 0.5358037
      vertex 1.2624170 -1.1173228 0.5209192
      vertex 1.2079969 -1.3588894 0.5849842
    endloop
  endfacet
  facet normal 0.8840540 -0.0768952 0.4610158
    outer loop
      vertex 1.2079969 -1.3588894 0.5849842
      vertex 1.2624170 -1.1173228 0.5209192
      vertex 1.2309493 -1.0914855 0.5855719
    endloop
  endfacet
  facet normal 0.8854573 -0.0770097 0.4582957
    outer loop
      vertex 1.2079969 -1.3588894 0.5849842
      vertex 1.2309493 -1.0914855 0.5855719
      vertex 1.1760618 -1.3360358 0.6505252
    endloop
  endfacet
  facet normal 0.9731897 -0.1805942 0.1424346
    outer loop
      vertex 1.1760618 -1.3360358 0.6505252
      vertex 1.2309493 -1.0914855 0.5855719
      vertex 1.2248469 -1.0673879 0.6578202
    endloop
  endfacet
  facet normal 0.9736127 -0.1805918 0.1395168
    outer loop
      vertex 1.1760618 -1.3360358 0.6505252
      vertex 1.2248469 -1.0673879 0.6578202
      vertex 1.1687154 -1.3184758 0.7245213
    endloop
  endfacet
  facet normal 0.9451703 -0.2627997 -0.1938798
    outer loop
      vertex 1.1687154 -1.3184758 0.7245213
      vertex 1.2248469 -1.0673879 0.6578202
      vertex 1.2448459 -1.0479366 0.7289500
    endloop
  endfacet
  facet normal 0.9446485 -0.2626073 -0.1966640
    outer loop
      vertex 1.1687154 -1.3184758 0.7245213
      vertex 1.2448459 -1.0479366 0.7289500
      vertex 1.1868439 -1.3083273 0.7980476
    endloop
  endfacet
  facet normal 0.8027411 -0.3134319 -0.5073137
    outer loop
      vertex 1.1868439 -1.3083273 0.7980476
      vertex 1.2448459 -1.0479366 0.7289500
      vertex 1.2885340 -1.0354777 0.7903818
    endloop
  endfacet
  facet normal 0.8013906 -0.3129960 -0.5097122
    outer loop
      vertex 1.1868439 -1.3083273 0.7980476
      vertex 1.2885340 -1.0354777 0.7903818
      vertex 1.2282607 -1.3068144 0.8622358
    endloop
  endfacet
  facet normal 0.5628429 -0.3261524 -0.7594949
    outer loop
      vertex 1.2282607 -1.3068144 0.8622358
      vertex 1.2885340 -1.0354777 0.7903818
      vertex 1.3506419 -1.0315139 0.8347063
    endloop
  endfacet
  facet normal 0.5608149 -0.3254316 -0.7613021
    outer loop
      vertex 1.2282607 -1.3068144 0.8622358
      vertex 1.3506419 -1.0315139 0.8347063
      vertex 1.2879702 -1.3141196 0.9093437
    endloop
  endfacet
  facet normal 0.2548097 -0.2993490 -0.9194902
    outer loop
      vertex 1.2879702 -1.3141196 0.9093437
      vertex 1.3506419 -1.0315139 0.8347063
      vertex 1.4236784 -1.0365234 0.8565771
    endloop
  endfacet
  facet normal 0.2523085 -0.2983207 -0.9205135
    outer loop
      vertex 1.2879702 -1.3141196 0.9093437
      vertex 1.4236784 -1.0365234 0.8565771
      vertex 1.3587708 -1.3293617 0.9336895
    endloop
  endfacet
  facet normal -0.0835663 -0.2363937 -0.9680572
    outer loop
      vertex 1.3587708 -1.3293617 0.9336895
      vertex 1.4236784 -1.0365234 0.8565771
      vertex 1.4988342 -1.0499019 0.8533563
    endloop
  endfacet
  facet normal -0.0862469 -0.2350749 -0.9681432
    outer loop
      vertex 1.3587708 -1.3293617 0.9336895
      vertex 1.4988342 -1.0499019 0.8533563
      vertex 1.4321227 -1.3507024 0.9323367
    endloop
  endfacet
  facet normal -0.4112304 -0.1450845 -0.8999111
    outer loop
      vertex 1.4321227 -1.3507024 0.9323367
      vertex 1.4988342 -1.0499019 0.8533563
      vertex 1.5670444 -1.0700357 0.8254324
    endloop
  endfacet
  facet normal -0.4137190 -0.1435475 -0.8990165
    outer loop
      vertex 1.4321227 -1.3507024 0.9323367
      vertex 1.5670444 -1.0700357 0.8254324
      vertex 1.4991786 -1.3755676 0.9054484
    endloop
  endfacet
  facet normal -0.7114856 -0.1749706 -0.6805686
    outer loop
      vertex 1.5670444 -1.0700357 0.8254324
      vertex 1.5998484 -0.7852699 0.7179264
      vertex 1.6528456 -0.8104802 0.6690031
    endloop
  endfacet
  facet normal -0.7120851 -0.1744717 -0.6800695
    outer loop
      vertex 1.5670444 -1.0700357 0.8254324
      vertex 1.6528456 -0.8104802 0.6690031
      vertex 1.6200820 -1.0944964 0.7761734
    endloop
  endfacet
  facet normal -0.9058101 -0.0540723 -0.4202193
    outer loop
      vertex 1.6200820 -1.0944964 0.7761734
      vertex 1.6528456 -0.8104802 0.6690031
      vertex 1.6838983 -0.8403641 0.6059124
    endloop
  endfacet
  facet normal -0.9061208 -0.0535869 -0.4196112
    outer loop
      vertex 1.6200820 -1.0944964 0.7761734
      vertex 1.6838983 -0.8403641 0.6059124
      vertex 1.6515497 -1.1203338 0.7115207
    endloop
  endfacet
  facet normal -0.9913290 0.0734377 -0.1089668
    outer loop
      vertex 1.6515497 -1.1203338 0.7115207
      vertex 1.6838983 -0.8403641 0.6059124
      vertex 1.6892610 -0.8713172 0.5362640
    endloop
  endfacet
  facet normal -0.9913628 0.0738624 -0.1083705
    outer loop
      vertex 1.6515497 -1.1203338 0.7115207
      vertex 1.6892610 -0.8713172 0.5362640
      vertex 1.6576520 -1.1444314 0.6392724
    endloop
  endfacet
  facet normal -0.9573017 0.1922302 0.2159189
    outer loop
      vertex 1.6576520 -1.1444314 0.6392724
      vertex 1.6892610 -0.8713172 0.5362640
      vertex 1.6682870 -0.8996061 0.4684585
    endloop
  endfacet
  facet normal -0.9571131 0.1925847 0.2164388
    outer loop
      vertex 1.6576520 -1.1444314 0.6392724
      vertex 1.6682870 -0.8996061 0.4684585
      vertex 1.6376531 -1.1638827 0.5681426
    endloop
  endfacet
  facet normal -0.8073834 0.2878607 0.5150420
    outer loop
      vertex 1.6376531 -1.1638827 0.5681426
      vertex 1.6682870 -0.8996061 0.4684585
      vertex 1.6235060 -0.9218186 0.4106742
    endloop
  endfacet
  facet normal -0.8070031 0.2881612 0.5154698
    outer loop
      vertex 1.6376531 -1.1638827 0.5681426
      vertex 1.6235060 -0.9218186 0.4106742
      vertex 1.5939650 -1.1763416 0.5067107
    endloop
  endfacet
  facet normal -0.5596365 0.3486369 0.7518373
    outer loop
      vertex 1.5939650 -1.1763416 0.5067107
      vertex 1.6235060 -0.9218186 0.4106742
      vertex 1.5603193 -0.9352757 0.3698809
    endloop
  endfacet
  facet normal -0.5590532 0.3488963 0.7521509
    outer loop
      vertex 1.5939650 -1.1763416 0.5067107
      vertex 1.5603193 -0.9352757 0.3698809
      vertex 1.5318571 -1.1803053 0.4623863
    endloop
  endfacet
  facet normal -0.2443727 0.3672037 0.8974650
    outer loop
      vertex 1.5318571 -1.1803053 0.4623863
      vertex 1.5603193 -0.9352757 0.3698809
      vertex 1.4863481 -0.9383542 0.3509987
    endloop
  endfacet
  facet normal -0.2435846 0.3674114 0.8975942
    outer loop
      vertex 1.5318571 -1.1803053 0.4623863
      vertex 1.4863481 -0.9383542 0.3509987
      vertex 1.4588206 -1.1752959 0.4405155
    endloop
  endfacet
  facet normal 0.0999393 0.3414689 0.9345647
    outer loop
      vertex 1.4588206 -1.1752959 0.4405155
      vertex 1.4863481 -0.9383542 0.3509987
      vertex 1.4105144 -0.9306828 0.3563051
    endloop
  endfacet
  facet normal 0.1008523 0.3415991 0.9344190
    outer loop
      vertex 1.4588206 -1.1752959 0.4405155
      vertex 1.4105144 -0.9306828 0.3563051
      vertex 1.3836648 -1.1619174 0.4437363
    endloop
  endfacet
  facet normal 0.4317587 0.2747119 0.8591378
    outer loop
      vertex 1.3836648 -1.1619174 0.4437363
      vertex 1.4105144 -0.9306828 0.3563051
      vertex 1.3419649 -0.9131868 0.3851602
    endloop
  endfacet
  facet normal 0.4326285 0.2747517 0.8586874
    outer loop
      vertex 1.3836648 -1.1619174 0.4437363
      vertex 1.3419649 -0.9131868 0.3851602
      vertex 1.3154545 -1.1417836 0.4716602
    endloop
  endfacet
  facet normal 0.7114900 0.1750073 0.6805545
    outer loop
      vertex 1.3154545 -1.1417836 0.4716602
      vertex 1.3419649 -0.9131868 0.3851602
      vertex 1.2889677 -0.8879765 0.4340835
    endloop
  endfacet
  facet normal 0.7121419 0.1749756 0.6798805
    outer loop
      vertex 1.3154545 -1.1417836 0.4716602
      vertex 1.2889677 -0.8879765 0.4340835
      vertex 1.2624170 -1.1173228 0.5209192
    endloop
  endfacet
  facet normal 0.9058289 0.0542170 0.4201600
    outer loop
      vertex 1.2624170 -1.1173228 0.5209192
      vertex 1.2889677 -0.8879765 0.4340835
      vertex 1.2579150 -0.8580926 0.4971742
    endloop
  endfacet
  facet normal 0.9061790 0.0541547 0.4194126
    outer loop
      vertex 1.2624170 -1.1173228 0.5209192
      vertex 1.2579150 -0.8580926 0.4971742
      vertex 1.2309493 -1.0914855 0.5855719
    endloop
  endfacet
  facet normal 0.9913468 -0.0732911 0.1089030
    outer loop
      vertex 1.2309493 -1.0914855 0.5855719
      vertex 1.2579150 -0.8580926 0.4971742
      vertex 1.2525523 -0.8271395 0.5668226
    endloop
  endfacet
  facet normal 0.9914193 -0.0733467 0.1082032
    outer loop
      vertex 1.2309493 -1.0914855 0.5855719
      vertex 1.2525523 -0.8271395 0.5668226
      vertex 1.2248469 -1.0673879 0.6578202
    endloop
  endfacet
  facet normal 0.9573061 -0.1921862 -0.2159387
    outer loop
      vertex 1.2248469 -1.0673879 0.6578202
      vertex 1.2525523 -0.8271395 0.5668226
      vertex 1.2735263 -0.7988506 0.6346281
    endloop
  endfacet
  facet normal 0.9571617 -0.1922132 -0.2165540
    outer loop
      vertex 1.2248469 -1.0673879 0.6578202
      vertex 1.2735263 -0.7988506 0.6346281
      vertex 1.2448459 -1.0479366 0.7289500
    endloop
  endfacet
  facet normal 0.8073748 -0.2879760 -0.5149910
    outer loop
      vertex 1.2448459 -1.0479366 0.7289500
      vertex 1.2735263 -0.7988506 0.6346281
      vertex 1.3183073 -0.7766381 0.6924124
    endloop
  endfacet
  facet normal 0.8070350 -0.2879571 -0.5155339
    outer loop
      vertex 1.2448459 -1.0479366 0.7289500
      vertex 1.3183073 -0.7766381 0.6924124
      vertex 1.2885340 -1.0354777 0.7903818
    endloop
  endfacet
  facet normal 0.5596214 -0.3488964 -0.7517282
    outer loop
      vertex 1.2885340 -1.0354777 0.7903818
      vertex 1.3183073 -0.7766381 0.6924124
      vertex 1.3814941 -0.7631810 0.7332057
    endloop
  endfacet
  facet normal 0.5590694 -0.3488033 -0.7521819
    outer loop
      vertex 1.2885340 -1.0354777 0.7903818
      vertex 1.3814941 -0.7631810 0.7332057
      vertex 1.3506419 -1.0315139 0.8347063
    endloop
  endfacet
  facet normal 0.2443537 -0.3675255 -0.8973384
    outer loop
      vertex 1.3506419 -1.0315139 0.8347063
      vertex 1.3814941 -0.7631810 0.7332057
      vertex 1.4554653 -0.7601025 0.7520879
    endloop
  endfacet
  facet normal 0.2436004 -0.3673222 -0.8976264
    outer loop
      vertex 1.3506419 -1.0315139 0.8347063
      vertex 1.4554653 -0.7601025 0.7520879
      vertex 1.4236784 -1.0365234 0.8565771
    endloop
  endfacet
  facet normal -0.0999596 -0.3417394 -0.9344636
    outer loop
      vertex 1.4236784 -1.0365234 0.8565771
      vertex 1.4554653 -0.7601025 0.7520879
      vertex 1.5312989 -0.7677739 0.7467814
    endloop
  endfacet
  facet normal -0.1008212 -0.3414063 -0.9344928
    outer loop
      vertex 1.4236784 -1.0365234 0.8565771
      vertex 1.5312989 -0.7677739 0.7467814
      vertex 1.4988342 -1.0499019 0.8533563
    endloop
  endfacet
  facet normal -0.4317714 -0.2748400 -0.8590904
    outer loop
      vertex 1.4988342 -1.0499019 0.8533563
      vertex 1.5312989 -0.7677739 0.7467814
      vertex 1.5998484 -0.7852699 0.7179264
    endloop
  endfacet
  facet normal -0.4325801 -0.2743959 -0.8588256
    outer loop
      vertex 1.4988342 -1.0499019 0.8533563
      vertex 1.5998484 -0.7852699 0.7179264
      vertex 1.5670444 -1.0700357 0.8254324
    endloop
  endfacet
  facet normal -0.7204429 -0.2886605 -0.6305848
    outer loop
      vertex 1.5998484 -0.7852699 0.7179264
      vertex 1.6094946 -0.5264767 0.5884389
      vertex 1.6623727 -0.5538146 0.5405400
    endloop
  endfacet
  facet normal -0.7199581 -0.2890714 -0.6309501
    outer loop
      vertex 1.5998484 -0.7852699 0.7179264
      vertex 1.6623727 -0.5538146 0.5405400
      vertex 1.6528456 -0.8104802 0.6690031
    endloop
  endfacet
  facet normal -0.9137992 -0.1541587 -0.3757741
    outer loop
      vertex 1.6528456 -0.8104802 0.6690031
      vertex 1.6623727 -0.5538146 0.5405400
      vertex 1.6931997 -0.5882729 0.4797118
    endloop
  endfacet
  facet normal -0.9134788 -0.1546931 -0.3763331
    outer loop
      vertex 1.6528456 -0.8104802 0.6690031
      vertex 1.6931997 -0.5882729 0.4797118
      vertex 1.6838983 -0.8403641 0.6059124
    endloop
  endfacet
  facet normal -0.9971533 -0.0009514 -0.0753944
    outer loop
      vertex 1.6838983 -0.8403641 0.6059124
      vertex 1.6931997 -0.5882729 0.4797118
      vertex 1.6982575 -0.6256956 0.4132910
    endloop
  endfacet
  facet normal -0.9971007 -0.0015677 -0.0760773
    outer loop
      vertex 1.6838983 -0.8403641 0.6059124
      vertex 1.6982575 -0.6256956 0.4132910
      vertex 1.6892610 -0.8713172 0.5362640
    endloop
  endfacet
  facet normal -0.9601107 0.1525061 0.2343702
    outer loop
      vertex 1.6892610 -0.8713172 0.5362640
      vertex 1.6982575 -0.6256956 0.4132910
      vertex 1.6769359 -0.6615689 0.3492891
    endloop
  endfacet
  facet normal -0.9603719 0.1518916 0.2336981
    outer loop
      vertex 1.6892610 -0.8713172 0.5362640
      vertex 1.6769359 -0.6615689 0.3492891
      vertex 1.6682870 -0.8996061 0.4684585
    endloop
  endfacet
  facet normal -0.8069236 0.2875998 0.5159077
    outer loop
      vertex 1.6682870 -0.8996061 0.4684585
      vertex 1.6769359 -0.6615689 0.3492891
      vertex 1.6318067 -0.6915660 0.2954255
    endloop
  endfacet
  facet normal -0.8074415 0.2870770 0.5153883
    outer loop
      vertex 1.6682870 -0.8996061 0.4684585
      vertex 1.6318067 -0.6915660 0.2954255
      vertex 1.6235060 -0.9218186 0.4106742
    endloop
  endfacet
  facet normal -0.5561956 0.3879211 0.7349583
    outer loop
      vertex 1.6235060 -0.9218186 0.4106742
      vertex 1.6318067 -0.6915660 0.2954255
      vertex 1.5683132 -0.7120687 0.2581970
    endloop
  endfacet
  facet normal -0.5568395 0.3875425 0.7346704
    outer loop
      vertex 1.6235060 -0.9218186 0.4106742
      vertex 1.5683132 -0.7120687 0.2581970
      vertex 1.5603193 -0.9352757 0.3698809
    endloop
  endfacet
  facet normal -0.2385082 0.4413756 0.8650442
    outer loop
      vertex 1.5603193 -0.9352757 0.3698809
      vertex 1.5683132 -0.7120687 0.2581970
      vertex 1.4941135 -0.7206041 0.2420939
    endloop
  endfacet
  facet normal -0.2391587 0.4411397 0.8649849
    outer loop
      vertex 1.5603193 -0.9352757 0.3698809
      vertex 1.4941135 -0.7206041 0.2420939
      vertex 1.4863481 -0.9383542 0.3509987
    endloop
  endfacet
  facet normal 0.1076115 0.4416414 0.8907147
    outer loop
      vertex 1.4863481 -0.9383542 0.3509987
      vertex 1.4941135 -0.7206041 0.2420939
      vertex 1.4181573 -0.7161428 0.2490584
    endloop
  endfacet
  facet normal 0.1070012 0.4415163 0.8908502
    outer loop
      vertex 1.4863481 -0.9383542 0.3509987
      vertex 1.4181573 -0.7161428 0.2490584
      vertex 1.4105144 -0.9306828 0.3563051
    endloop
  endfacet
  facet normal 0.4405452 0.3888018 0.8091682
    outer loop
      vertex 1.4105144 -0.9306828 0.3563051
      vertex 1.4181573 -0.7161428 0.2490584
      vertex 1.3496060 -0.6992229 0.2782507
    endloop
  endfacet
  facet normal 0.4399729 0.3887625 0.8094983
    outer loop
      vertex 1.4105144 -0.9306828 0.3563051
      vertex 1.3496060 -0.6992229 0.2782507
      vertex 1.3419649 -0.9131868 0.3851602
    endloop
  endfacet
  facet normal 0.7204703 0.2892082 0.6303025
    outer loop
      vertex 1.3419649 -0.9131868 0.3851602
      vertex 1.3496060 -0.6992229 0.2782507
      vertex 1.2967279 -0.6718850 0.3261496
    endloop
  endfacet
  facet normal 0.7199627 0.2892501 0.6308630
    outer loop
      vertex 1.3419649 -0.9131868 0.3851602
      vertex 1.2967279 -0.6718850 0.3261496
      vertex 1.2889677 -0.8879765 0.4340835
    endloop
  endfacet
  facet normal 0.9138290 0.1547233 0.3754693
    outer loop
      vertex 1.2889677 -0.8879765 0.4340835
      vertex 1.2967279 -0.6718850 0.3261496
      vertex 1.2659009 -0.6374267 0.3869778
    endloop
  endfacet
  facet normal 0.9134819 0.1548409 0.3762646
    outer loop
      vertex 1.2889677 -0.8879765 0.4340835
      vertex 1.2659009 -0.6374267 0.3869778
      vertex 1.2579150 -0.8580926 0.4971742
    endloop
  endfacet
  facet normal 0.9971730 0.0014295 0.0751266
    outer loop
      vertex 1.2579150 -0.8580926 0.4971742
      vertex 1.2659009 -0.6374267 0.3869778
      vertex 1.2608431 -0.6000040 0.4533985
    endloop
  endfacet
  facet normal 0.9971014 0.0015899 0.0760675
    outer loop
      vertex 1.2579150 -0.8580926 0.4971742
      vertex 1.2608431 -0.6000040 0.4533985
      vertex 1.2525523 -0.8271395 0.5668226
    endloop
  endfacet
  facet normal 0.9601173 -0.1521762 -0.2345574
    outer loop
      vertex 1.2525523 -0.8271395 0.5668226
      vertex 1.2608431 -0.6000040 0.4533985
      vertex 1.2821647 -0.5641307 0.5174005
    endloop
  endfacet
  facet normal 0.9603645 -0.1520312 -0.2336376
    outer loop
      vertex 1.2525523 -0.8271395 0.5668226
      vertex 1.2821647 -0.5641307 0.5174005
      vertex 1.2735263 -0.7988506 0.6346281
    endloop
  endfacet
  facet normal 0.8069236 -0.2874122 -0.5160122
    outer loop
      vertex 1.2735263 -0.7988506 0.6346281
      vertex 1.2821647 -0.5641307 0.5174005
      vertex 1.3272938 -0.5341336 0.5712641
    endloop
  endfacet
  facet normal 0.8074223 -0.2873367 -0.5152736
    outer loop
      vertex 1.2735263 -0.7988506 0.6346281
      vertex 1.3272938 -0.5341336 0.5712641
      vertex 1.3183073 -0.7766381 0.6924124
    endloop
  endfacet
  facet normal 0.5561946 -0.3878058 -0.7350199
    outer loop
      vertex 1.3183073 -0.7766381 0.6924124
      vertex 1.3272938 -0.5341336 0.5712641
      vertex 1.3907874 -0.5136309 0.6084926
    endloop
  endfacet
  facet normal 0.5568153 -0.3878238 -0.7345402
    outer loop
      vertex 1.3183073 -0.7766381 0.6924124
      vertex 1.3907874 -0.5136309 0.6084926
      vertex 1.3814941 -0.7631810 0.7332057
    endloop
  endfacet
  facet normal 0.2385076 -0.4412274 -0.8651199
    outer loop
      vertex 1.3814941 -0.7631810 0.7332057
      vertex 1.3907874 -0.5136309 0.6084926
      vertex 1.4649871 -0.5050955 0.6245957
    endloop
  endfacet
  facet normal 0.2391425 -0.4413358 -0.8648894
    outer loop
      vertex 1.3814941 -0.7631810 0.7332057
      vertex 1.4649871 -0.5050955 0.6245957
      vertex 1.4554653 -0.7601025 0.7520879
    endloop
  endfacet
  facet normal -0.1076079 -0.4413678 -0.8908507
    outer loop
      vertex 1.4554653 -0.7601025 0.7520879
      vertex 1.4649871 -0.5050955 0.6245957
      vertex 1.5409433 -0.5095568 0.6176311
    endloop
  endfacet
  facet normal -0.1070042 -0.4415613 -0.8908275
    outer loop
      vertex 1.4554653 -0.7601025 0.7520879
      vertex 1.5409433 -0.5095568 0.6176311
      vertex 1.5312989 -0.7677739 0.7467814
    endloop
  endfacet
  facet normal -0.4405303 -0.3883693 -0.8093840
    outer loop
      vertex 1.5312989 -0.7677739 0.7467814
      vertex 1.5409433 -0.5095568 0.6176311
      vertex 1.6094946 -0.5264767 0.5884389
    endloop
  endfacet
  facet normal -0.4399685 -0.3886602 -0.8095499
    outer loop
      vertex 1.5312989 -0.7677739 0.7467814
      vertex 1.6094946 -0.5264767 0.5884389
      vertex 1.5998484 -0.7852699 0.7179264
    endloop
  endfacet
  facet normal -0.7223581 -0.3701502 -0.5841127
    outer loop
      vertex 1.6094946 -0.5264767 0.5884389
      vertex 1.6073017 -0.2941598 0.4439323
      vertex 1.6601350 -0.3243115 0.3977017
    endloop
  endfacet
  facet normal -0.7214484 -0.3709562 -0.5847254
    outer loop
      vertex 1.6094946 -0.5264767 0.5884389
      vertex 1.6601350 -0.3243115 0.3977017
      vertex 1.6623727 -0.5538146 0.5405400
    endloop
  endfacet
  facet normal -0.9152764 -0.2192478 -0.3379341
    outer loop
      vertex 1.6623727 -0.5538146 0.5405400
      vertex 1.6601350 -0.3243115 0.3977017
      vertex 1.6909111 -0.3630895 0.3395050
    endloop
  endfacet
  facet normal -0.9147161 -0.2202458 -0.3388013
    outer loop
      vertex 1.6623727 -0.5538146 0.5405400
      vertex 1.6909111 -0.3630895 0.3395050
      vertex 1.6931997 -0.5882729 0.4797118
    endloop
  endfacet
  facet normal -0.9978319 -0.0417958 -0.0508394
    outer loop
      vertex 1.6931997 -0.5882729 0.4797118
      vertex 1.6909111 -0.3630895 0.3395050
      vertex 1.6959179 -0.4058167 0.2763617
    endloop
  endfacet
  facet normal -0.9977356 -0.0428831 -0.0518137
    outer loop
      vertex 1.6931997 -0.5882729 0.4797118
      vertex 1.6959179 -0.4058167 0.2763617
      vertex 1.6982575 -0.6256956 0.4132910
    endloop
  endfacet
  facet normal -0.9598880 0.1407873 0.2424746
    outer loop
      vertex 1.6982575 -0.6256956 0.4132910
      vertex 1.6959179 -0.4058167 0.2763617
      vertex 1.6745516 -0.4473394 0.2158878
    endloop
  endfacet
  facet normal -0.9602671 0.1397427 0.2415763
    outer loop
      vertex 1.6982575 -0.6256956 0.4132910
      vertex 1.6745516 -0.4473394 0.2158878
      vertex 1.6769359 -0.6615689 0.3492891
    endloop
  endfacet
  facet normal -0.8059902 0.3064013 0.5064564
    outer loop
      vertex 1.6769359 -0.6615689 0.3492891
      vertex 1.6745516 -0.4473394 0.2158878
      vertex 1.6293892 -0.4826495 0.1653773
    endloop
  endfacet
  facet normal -0.8067486 0.3055109 0.5057863
    outer loop
      vertex 1.6769359 -0.6615689 0.3492891
      vertex 1.6293892 -0.4826495 0.1653773
      vertex 1.6318067 -0.6915660 0.2954255
    endloop
  endfacet
  facet normal -0.5548479 0.4350206 0.7091551
    outer loop
      vertex 1.6318067 -0.6915660 0.2954255
      vertex 1.6293892 -0.4826495 0.1653773
      vertex 1.5658780 -0.5074880 0.1309225
    endloop
  endfacet
  facet normal -0.5558430 0.4343403 0.7087926
    outer loop
      vertex 1.6318067 -0.6915660 0.2954255
      vertex 1.5658780 -0.5074880 0.1309225
      vertex 1.5683132 -0.7120687 0.2581970
    endloop
  endfacet
  facet normal -0.2369287 0.5111661 0.8261804
    outer loop
      vertex 1.5683132 -0.7120687 0.2581970
      vertex 1.5658780 -0.5074880 0.1309225
      vertex 1.4916784 -0.5188590 0.1166792
    endloop
  endfacet
  facet normal -0.2380416 0.5107010 0.8261481
    outer loop
      vertex 1.5683132 -0.7120687 0.2581970
      vertex 1.4916784 -0.5188590 0.1166792
      vertex 1.4941135 -0.7206041 0.2420939
    endloop
  endfacet
  facet normal 0.1093930 0.5257346 0.8435854
    outer loop
      vertex 1.4941135 -0.7206041 0.2420939
      vertex 1.4916784 -0.5188590 0.1166792
      vertex 1.4157400 -0.5153911 0.1243653
    endloop
  endfacet
  facet normal 0.1082425 0.5254736 0.8438964
    outer loop
      vertex 1.4941135 -0.7206041 0.2420939
      vertex 1.4157400 -0.5153911 0.1243653
      vertex 1.4181573 -0.7161428 0.2490584
    endloop
  endfacet
  facet normal 0.4424915 0.4770062 0.7593856
    outer loop
      vertex 1.4181573 -0.7161428 0.2490584
      vertex 1.4157400 -0.5153911 0.1243653
      vertex 1.3472219 -0.4975024 0.1530538
    endloop
  endfacet
  facet normal 0.4413903 0.4769466 0.7600635
    outer loop
      vertex 1.4181573 -0.7161428 0.2490584
      vertex 1.3472219 -0.4975024 0.1530538
      vertex 1.3496060 -0.6992229 0.2782507
    endloop
  endfacet
  facet normal 0.7223630 0.3708033 0.5836922
    outer loop
      vertex 1.3496060 -0.6992229 0.2782507
      vertex 1.3472219 -0.4975024 0.1530538
      vertex 1.2943886 -0.4673507 0.1992845
    endloop
  endfacet
  facet normal 0.7214488 0.3709406 0.5847347
    outer loop
      vertex 1.3496060 -0.6992229 0.2782507
      vertex 1.2943886 -0.4673507 0.1992845
      vertex 1.2967279 -0.6718850 0.3261496
    endloop
  endfacet
  facet normal 0.9152794 0.2198346 0.3375446
    outer loop
      vertex 1.2967279 -0.6718850 0.3261496
      vertex 1.2943886 -0.4673507 0.1992845
      vertex 1.2636125 -0.4285727 0.2574811
    endloop
  endfacet
  facet normal 0.9147190 0.2201317 0.3388675
    outer loop
      vertex 1.2967279 -0.6718850 0.3261496
      vertex 1.2636125 -0.4285727 0.2574811
      vertex 1.2659009 -0.6374267 0.3869778
    endloop
  endfacet
  facet normal 0.9978283 0.0422600 0.0505250
    outer loop
      vertex 1.2659009 -0.6374267 0.3869778
      vertex 1.2636125 -0.4285727 0.2574811
      vertex 1.2586057 -0.3858456 0.3206244
    endloop
  endfacet
  facet normal 0.9977390 0.0426343 0.0519541
    outer loop
      vertex 1.2659009 -0.6374267 0.3869778
      vertex 1.2586057 -0.3858456 0.3206244
      vertex 1.2608431 -0.6000040 0.4533985
    endloop
  endfacet
  facet normal 0.9598795 -0.1404451 -0.2427066
    outer loop
      vertex 1.2608431 -0.6000040 0.4533985
      vertex 1.2586057 -0.3858456 0.3206244
      vertex 1.2799720 -0.3443228 0.3810984
    endloop
  endfacet
  facet normal 0.9602655 -0.1400979 -0.2413767
    outer loop
      vertex 1.2608431 -0.6000040 0.4533985
      vertex 1.2799720 -0.3443228 0.3810984
      vertex 1.2821647 -0.5641307 0.5174005
    endloop
  endfacet
  facet normal 0.8059797 -0.3061257 -0.5066397
    outer loop
      vertex 1.2821647 -0.5641307 0.5174005
      vertex 1.2799720 -0.3443228 0.3810984
      vertex 1.3251344 -0.3090127 0.4316089
    endloop
  endfacet
  facet normal 0.8067411 -0.3058932 -0.5055671
    outer loop
      vertex 1.2821647 -0.5641307 0.5174005
      vertex 1.3251344 -0.3090127 0.4316089
      vertex 1.3272938 -0.5341336 0.5712641
    endloop
  endfacet
  facet normal 0.5548357 -0.4347250 -0.7093458
    outer loop
      vertex 1.3272938 -0.5341336 0.5712641
      vertex 1.3251344 -0.3090127 0.4316089
      vertex 1.3886456 -0.2841742 0.4660637
    endloop
  endfacet
  facet normal 0.5558351 -0.4346581 -0.7086040
    outer loop
      vertex 1.3272938 -0.5341336 0.5712641
      vertex 1.3886456 -0.2841742 0.4660637
      vertex 1.3907874 -0.5136309 0.6084926
    endloop
  endfacet
  facet normal 0.2369158 -0.5107712 -0.8264283
    outer loop
      vertex 1.3907874 -0.5136309 0.6084926
      vertex 1.3886456 -0.2841742 0.4660637
      vertex 1.4628452 -0.2728032 0.4803070
    endloop
  endfacet
  facet normal 0.2380381 -0.5108947 -0.8260294
    outer loop
      vertex 1.3907874 -0.5136309 0.6084926
      vertex 1.4628452 -0.2728032 0.4803070
      vertex 1.4649871 -0.5050955 0.6245957
    endloop
  endfacet
  facet normal -0.1094020 -0.5252067 -0.8439130
    outer loop
      vertex 1.4649871 -0.5050955 0.6245957
      vertex 1.4628452 -0.2728032 0.4803070
      vertex 1.5387837 -0.2762711 0.4726208
    endloop
  endfacet
  facet normal -0.1082426 -0.5255415 -0.8438541
    outer loop
      vertex 1.4649871 -0.5050955 0.6245957
      vertex 1.5387837 -0.2762711 0.4726208
      vertex 1.5409433 -0.5095568 0.6176311
    endloop
  endfacet
  facet normal -0.4424923 -0.4763758 -0.7597807
    outer loop
      vertex 1.5409433 -0.5095568 0.6176311
      vertex 1.5387837 -0.2762711 0.4726208
      vertex 1.6073017 -0.2941598 0.4439323
    endloop
  endfacet
  facet normal -0.4413903 -0.4769444 -0.7600649
    outer loop
      vertex 1.5409433 -0.5095568 0.6176311
      vertex 1.6073017 -0.2941598 0.4439323
      vertex 1.6094946 -0.5264767 0.5884389
    endloop
  endfacet
  facet normal -0.7221701 -0.4171817 -0.5517515
    outer loop
      vertex 1.6073017 -0.2941598 0.4439323
      vertex 1.6022832 -0.0843187 0.2918391
      vertex 1.6551320 -0.1170906 0.2474459
    endloop
  endfacet
  facet normal -0.7215445 -0.4177673 -0.5521269
    outer loop
      vertex 1.6073017 -0.2941598 0.4439323
      vertex 1.6551320 -0.1170906 0.2474459
      vertex 1.6601350 -0.3243115 0.3977017
    endloop
  endfacet
  facet normal -0.9151271 -0.2509139 -0.3155703
    outer loop
      vertex 1.6601350 -0.3243115 0.3977017
      vertex 1.6551320 -0.1170906 0.2474459
      vertex 1.6859266 -0.1591184 0.1915611
    endloop
  endfacet
  facet normal -0.9147546 -0.2516187 -0.3160885
    outer loop
      vertex 1.6601350 -0.3243115 0.3977017
      vertex 1.6859266 -0.1591184 0.1915611
      vertex 1.6909111 -0.3630895 0.3395050
    endloop
  endfacet
  facet normal -0.9976691 -0.0543278 -0.0412888
    outer loop
      vertex 1.6909111 -0.3630895 0.3395050
      vertex 1.6859266 -0.1591184 0.1915611
      vertex 1.6909526 -0.2053328 0.1309251
    endloop
  endfacet
  facet normal -0.9976057 -0.0550623 -0.0418444
    outer loop
      vertex 1.6909111 -0.3630895 0.3395050
      vertex 1.6909526 -0.2053328 0.1309251
      vertex 1.6959179 -0.4058167 0.2763617
    endloop
  endfacet
  facet normal -0.9598055 0.1488429 0.2379477
    outer loop
      vertex 1.6959179 -0.4058167 0.2763617
      vertex 1.6909526 -0.2053328 0.1309251
      vertex 1.6696039 -0.2501599 0.0728517
    endloop
  endfacet
  facet normal -0.9600313 0.1481658 0.2374590
    outer loop
      vertex 1.6959179 -0.4058167 0.2763617
      vertex 1.6696039 -0.2501599 0.0728517
      vertex 1.6745516 -0.4473394 0.2158878
    endloop
  endfacet
  facet normal -0.8061412 0.3340645 0.4884028
    outer loop
      vertex 1.6745516 -0.4473394 0.2158878
      vertex 1.6696039 -0.2501599 0.0728517
      vertex 1.6244554 -0.2881926 0.0243453
    endloop
  endfacet
  facet normal -0.8065894 0.3334983 0.4880496
    outer loop
      vertex 1.6745516 -0.4473394 0.2158878
      vertex 1.6244554 -0.2881926 0.0243453
      vertex 1.6293892 -0.4826495 0.1653773
    endloop
  endfacet
  facet normal -0.5552825 0.4789953 0.6798712
    outer loop
      vertex 1.6293892 -0.4826495 0.1653773
      vertex 1.6244554 -0.2881926 0.0243453
      vertex 1.5609527 -0.3148439 -0.0087435
    endloop
  endfacet
  facet normal -0.5558873 0.4785564 0.6796860
    outer loop
      vertex 1.6293892 -0.4826495 0.1653773
      vertex 1.5609527 -0.3148439 -0.0087435
      vertex 1.5658780 -0.5074880 0.1309225
    endloop
  endfacet
  facet normal -0.2375203 0.5661797 0.7893191
    outer loop
      vertex 1.5658780 -0.5074880 0.1309225
      vertex 1.5609527 -0.3148439 -0.0087435
      vertex 1.4867551 -0.3268990 -0.0224238
    endloop
  endfacet
  facet normal -0.2382374 0.5658704 0.7893248
    outer loop
      vertex 1.5658780 -0.5074880 0.1309225
      vertex 1.4867551 -0.3268990 -0.0224238
      vertex 1.4916784 -0.5188590 0.1166792
    endloop
  endfacet
  facet normal 0.1088564 0.5851215 0.8036063
    outer loop
      vertex 1.4916784 -0.5188590 0.1166792
      vertex 1.4867551 -0.3268990 -0.0224238
      vertex 1.4108120 -0.3229040 -0.0150453
    endloop
  endfacet
  facet normal 0.1080740 0.5849524 0.8038350
    outer loop
      vertex 1.4916784 -0.5188590 0.1166792
      vertex 1.4108120 -0.3229040 -0.0150453
      vertex 1.4157400 -0.5153911 0.1243653
    endloop
  endfacet
  facet normal 0.4421408 0.5335229 0.7210165
    outer loop
      vertex 1.4157400 -0.5153911 0.1243653
      vertex 1.4108120 -0.3229040 -0.0150453
      vertex 1.3422832 -0.3033408 0.0125018
    endloop
  endfacet
  facet normal 0.4413779 0.5335101 0.7214932
    outer loop
      vertex 1.4157400 -0.5153911 0.1243653
      vertex 1.3422832 -0.3033408 0.0125018
      vertex 1.3472219 -0.4975024 0.1530538
    endloop
  endfacet
  facet normal 0.7221673 0.4175685 0.5514626
    outer loop
      vertex 1.3472219 -0.4975024 0.1530538
      vertex 1.3422832 -0.3033408 0.0125018
      vertex 1.2894344 -0.2705689 0.0568950
    endloop
  endfacet
  facet normal 0.7215469 0.4177092 0.5521676
    outer loop
      vertex 1.3472219 -0.4975024 0.1530538
      vertex 1.2894344 -0.2705689 0.0568950
      vertex 1.2943886 -0.4673507 0.1992845
    endloop
  endfacet
  facet normal 0.9151232 0.2512168 0.3153404
    outer loop
      vertex 1.2943886 -0.4673507 0.1992845
      vertex 1.2894344 -0.2705689 0.0568950
      vertex 1.2586398 -0.2285411 0.1127798
    endloop
  endfacet
  facet normal 0.9147603 0.2514704 0.3161903
    outer loop
      vertex 1.2943886 -0.4673507 0.1992845
      vertex 1.2586398 -0.2285411 0.1127798
      vertex 1.2636125 -0.4285727 0.2574811
    endloop
  endfacet
  facet normal 0.9976641 0.0545480 0.0411206
    outer loop
      vertex 1.2636125 -0.4285727 0.2574811
      vertex 1.2586398 -0.2285411 0.1127798
      vertex 1.2536138 -0.1823267 0.1734158
    endloop
  endfacet
  facet normal 0.9976115 0.0548436 0.0419929
    outer loop
      vertex 1.2636125 -0.4285727 0.2574811
      vertex 1.2536138 -0.1823267 0.1734158
      vertex 1.2586057 -0.3858456 0.3206244
    endloop
  endfacet
  facet normal 0.9597996 -0.1486666 -0.2380817
    outer loop
      vertex 1.2586057 -0.3858456 0.3206244
      vertex 1.2536138 -0.1823267 0.1734158
      vertex 1.2749625 -0.1374997 0.2314892
    endloop
  endfacet
  facet normal 0.9600346 -0.1484010 -0.2372987
    outer loop
      vertex 1.2586057 -0.3858456 0.3206244
      vertex 1.2749625 -0.1374997 0.2314892
      vertex 1.2799720 -0.3443228 0.3810984
    endloop
  endfacet
  facet normal 0.8061337 -0.3338729 -0.4885461
    outer loop
      vertex 1.2799720 -0.3443228 0.3810984
      vertex 1.2749625 -0.1374997 0.2314892
      vertex 1.3201110 -0.0994669 0.2799956
    endloop
  endfacet
  facet normal 0.8065905 -0.3336884 -0.4879178
    outer loop
      vertex 1.2799720 -0.3443228 0.3810984
      vertex 1.3201110 -0.0994669 0.2799956
      vertex 1.3251344 -0.3090127 0.4316089
    endloop
  endfacet
  facet normal 0.5552729 -0.4787357 -0.6800619
    outer loop
      vertex 1.3251344 -0.3090127 0.4316089
      vertex 1.3201110 -0.0994669 0.2799956
      vertex 1.3836138 -0.0728157 0.3130844
    endloop
  endfacet
  facet normal 0.5558879 -0.4786618 -0.6796113
    outer loop
      vertex 1.3251344 -0.3090127 0.4316089
      vertex 1.3836138 -0.0728157 0.3130844
      vertex 1.3886456 -0.2841742 0.4660637
    endloop
  endfacet
  facet normal 0.2375103 -0.5658303 -0.7895726
    outer loop
      vertex 1.3886456 -0.2841742 0.4660637
      vertex 1.3836138 -0.0728157 0.3130844
      vertex 1.4578113 -0.0607605 0.3267647
    endloop
  endfacet
  facet normal 0.2382377 -0.5658915 -0.7893096
    outer loop
      vertex 1.3886456 -0.2841742 0.4660637
      vertex 1.4578113 -0.0607605 0.3267647
      vertex 1.4628452 -0.2728032 0.4803070
    endloop
  endfacet
  facet normal -0.1088639 -0.5847036 -0.8039094
    outer loop
      vertex 1.4628452 -0.2728032 0.4803070
      vertex 1.4578113 -0.0607605 0.3267647
      vertex 1.5337544 -0.0647555 0.3193863
    endloop
  endfacet
  facet normal -0.1080747 -0.5849284 -0.8038524
    outer loop
      vertex 1.4628452 -0.2728032 0.4803070
      vertex 1.5337544 -0.0647555 0.3193863
      vertex 1.5387837 -0.2762711 0.4726208
    endloop
  endfacet
  facet normal -0.4421449 -0.5330904 -0.7213339
    outer loop
      vertex 1.5387837 -0.2762711 0.4726208
      vertex 1.5337544 -0.0647555 0.3193863
      vertex 1.6022832 -0.0843187 0.2918391
    endloop
  endfacet
  facet normal -0.4413783 -0.5335005 -0.7215001
    outer loop
      vertex 1.5387837 -0.2762711 0.4726208
      vertex 1.6022832 -0.0843187 0.2918391
      vertex 1.6073017 -0.2941598 0.4439323
    endloop
  endfacet
  facet normal -0.7220276 -0.4324544 -0.5400549
    outer loop
      vertex 1.6022832 -0.0843187 0.2918391
      vertex 1.6000022 0.1105254 0.1388653
      vertex 1.6528641 0.0761705 0.0957014
    endloop
  endfacet
  facet normal -0.7219253 -0.4325552 -0.5401110
    outer loop
      vertex 1.6022832 -0.0843187 0.2918391
      vertex 1.6528641 0.0761705 0.0957014
      vertex 1.6551320 -0.1170906 0.2474459
    endloop
  endfacet
  facet normal -0.9151011 -0.2556041 -0.3118597
    outer loop
      vertex 1.6551320 -0.1170906 0.2474459
      vertex 1.6528641 0.0761705 0.0957014
      vertex 1.6836699 0.0326284 0.0409946
    endloop
  endfacet
  facet normal -0.9150506 -0.2557045 -0.3119255
    outer loop
      vertex 1.6551320 -0.1170906 0.2474459
      vertex 1.6836699 0.0326284 0.0409946
      vertex 1.6859266 -0.1591184 0.1915611
    endloop
  endfacet
  facet normal -0.9977885 -0.0479164 -0.0460669
    outer loop
      vertex 1.6859266 -0.1591184 0.1915611
      vertex 1.6836699 0.0326284 0.0409946
      vertex 1.6887040 -0.0148493 -0.0186568
    endloop
  endfacet
  facet normal -0.9977820 -0.0479978 -0.0461226
    outer loop
      vertex 1.6859266 -0.1591184 0.1915611
      vertex 1.6887040 -0.0148493 -0.0186568
      vertex 1.6909526 -0.2053328 0.1309251
    endloop
  endfacet
  facet normal -0.9601298 0.1655563 0.2252596
    outer loop
      vertex 1.6909526 -0.2053328 0.1309251
      vertex 1.6887040 -0.0148493 -0.0186568
      vertex 1.6673591 -0.0605359 -0.0760579
    endloop
  endfacet
  facet normal -0.9601496 0.1654960 0.2252197
    outer loop
      vertex 1.6909526 -0.2053328 0.1309251
      vertex 1.6673591 -0.0605359 -0.0760579
      vertex 1.6696039 -0.2501599 0.0728517
    endloop
  endfacet
  facet normal -0.8066786 0.3590679 0.4694038
    outer loop
      vertex 1.6696039 -0.2501599 0.0728517
      vertex 1.6673591 -0.0605359 -0.0760579
      vertex 1.6222098 -0.0989209 -0.1242853
    endloop
  endfacet
  facet normal -0.8067180 0.3590175 0.4693747
    outer loop
      vertex 1.6696039 -0.2501599 0.0728517
      vertex 1.6222098 -0.0989209 -0.1242853
      vertex 1.6244554 -0.2881926 0.0243453
    endloop
  endfacet
  facet normal -0.5559413 0.5092795 0.6569351
    outer loop
      vertex 1.6244554 -0.2881926 0.0243453
      vertex 1.6222098 -0.0989209 -0.1242853
      vertex 1.5587017 -0.1253747 -0.1575220
    endloop
  endfacet
  facet normal -0.5560101 0.5092298 0.6569154
    outer loop
      vertex 1.6244554 -0.2881926 0.0243453
      vertex 1.5587017 -0.1253747 -0.1575220
      vertex 1.5609527 -0.3148439 -0.0087435
    endloop
  endfacet
  facet normal -0.2381473 0.5980698 0.7652440
    outer loop
      vertex 1.5609527 -0.3148439 -0.0087435
      vertex 1.5587017 -0.1253747 -0.1575220
      vertex 1.4844950 -0.1367064 -0.1717593
    endloop
  endfacet
  facet normal -0.2382557 0.5980246 0.7652455
    outer loop
      vertex 1.5609527 -0.3148439 -0.0087435
      vertex 1.4844950 -0.1367064 -0.1717593
      vertex 1.4867551 -0.3268990 -0.0224238
    endloop
  endfacet
  facet normal 0.1083840 0.6147204 0.7812629
    outer loop
      vertex 1.4867551 -0.3268990 -0.0224238
      vertex 1.4844950 -0.1367064 -0.1717593
      vertex 1.4085399 -0.1315493 -0.1652799
    endloop
  endfacet
  facet normal 0.1082451 0.6146940 0.7813029
    outer loop
      vertex 1.4867551 -0.3268990 -0.0224238
      vertex 1.4085399 -0.1315493 -0.1652799
      vertex 1.4108120 -0.3229040 -0.0150453
    endloop
  endfacet
  facet normal 0.4418537 0.5572160 0.7030473
    outer loop
      vertex 1.4108120 -0.3229040 -0.0150453
      vertex 1.4085399 -0.1315493 -0.1652799
      vertex 1.3399978 -0.1105254 -0.1388653
    endloop
  endfacet
  facet normal 0.4417160 0.5572191 0.7031314
    outer loop
      vertex 1.4108120 -0.3229040 -0.0150453
      vertex 1.3399978 -0.1105254 -0.1388653
      vertex 1.3422832 -0.3033408 0.0125018
    endloop
  endfacet
  facet normal 0.7220275 0.4324952 0.5400223
    outer loop
      vertex 1.3422832 -0.3033408 0.0125018
      vertex 1.3399978 -0.1105254 -0.1388653
      vertex 1.2871359 -0.0761705 -0.0957014
    endloop
  endfacet
  facet normal 0.7219260 0.4325242 0.5401348
    outer loop
      vertex 1.3422832 -0.3033408 0.0125018
      vertex 1.2871359 -0.0761705 -0.0957014
      vertex 1.2894344 -0.2705689 0.0568950
    endloop
  endfacet
  facet normal 0.9151010 0.2556137 0.3118521
    outer loop
      vertex 1.2894344 -0.2705689 0.0568950
      vertex 1.2871359 -0.0761705 -0.0957014
      vertex 1.2563301 -0.0326284 -0.0409946
    endloop
  endfacet
  facet normal 0.9150516 0.2556531 0.3119647
    outer loop
      vertex 1.2894344 -0.2705689 0.0568950
      vertex 1.2563301 -0.0326284 -0.0409946
      vertex 1.2586398 -0.2285411 0.1127798
    endloop
  endfacet
  facet normal 0.9977884 0.0479199 0.0460642
    outer loop
      vertex 1.2586398 -0.2285411 0.1127798
      vertex 1.2563301 -0.0326284 -0.0409946
      vertex 1.2512960 0.0148493 0.0186568
    endloop
  endfacet
  facet normal 0.9977825 0.0479550 0.0461553
    outer loop
      vertex 1.2586398 -0.2285411 0.1127798
      vertex 1.2512960 0.0148493 0.0186568
      vertex 1.2536138 -0.1823267 0.1734158
    endloop
  endfacet
  facet normal 0.9601294 -0.1655309 -0.2252797
    outer loop
      vertex 1.2536138 -0.1823267 0.1734158
      vertex 1.2512960 0.0148493 0.0186568
      vertex 1.2726409 0.0605359 0.0760579
    endloop
  endfacet
  facet normal 0.9601496 -0.1655055 -0.2252124
    outer loop
      vertex 1.2536138 -0.1823267 0.1734158
      vertex 1.2726409 0.0605359 0.0760579
      vertex 1.2749625 -0.1374997 0.2314892
    endloop
  endfacet
  facet normal 0.8066778 -0.3590025 -0.4694552
    outer loop
      vertex 1.2749625 -0.1374997 0.2314892
      vertex 1.2726409 0.0605359 0.0760579
      vertex 1.3177902 0.0989209 0.1242853
    endloop
  endfacet
  facet normal 0.8067177 -0.3589848 -0.4694001
    outer loop
      vertex 1.2749625 -0.1374997 0.2314892
      vertex 1.3177902 0.0989209 0.1242853
      vertex 1.3201110 -0.0994669 0.2799956
    endloop
  endfacet
  facet normal 0.5559405 -0.5091749 -0.6570169
    outer loop
      vertex 1.3201110 -0.0994669 0.2799956
      vertex 1.3177902 0.0989209 0.1242853
      vertex 1.3812983 0.1253747 0.1575220
    endloop
  endfacet
  facet normal 0.5560094 -0.5091657 -0.6569657
    outer loop
      vertex 1.3201110 -0.0994669 0.2799956
      vertex 1.3812983 0.1253747 0.1575220
      vertex 1.3836138 -0.0728157 0.3130844
    endloop
  endfacet
  facet normal 0.2381469 -0.5979451 -0.7653415
    outer loop
      vertex 1.3836138 -0.0728157 0.3130844
      vertex 1.3812983 0.1253747 0.1575220
      vertex 1.4555050 0.1367064 0.1717593
    endloop
  endfacet
  facet normal 0.2382545 -0.5979545 -0.7653007
    outer loop
      vertex 1.3836138 -0.0728157 0.3130844
      vertex 1.4555050 0.1367064 0.1717593
      vertex 1.4578113 -0.0607605 0.3267647
    endloop
  endfacet
  facet normal -0.1083839 -0.6146045 -0.7813541
    outer loop
      vertex 1.4578113 -0.0607605 0.3267647
      vertex 1.4555050 0.1367064 0.1717593
      vertex 1.5314601 0.1315493 0.1652799
    endloop
  endfacet
  facet normal -0.1082463 -0.6146459 -0.7813406
    outer loop
      vertex 1.4578113 -0.0607605 0.3267647
      vertex 1.5314601 0.1315493 0.1652799
      vertex 1.5337544 -0.0647555 0.3193863
    endloop
  endfacet
  facet normal -0.4418536 -0.5571333 -0.7031130
    outer loop
      vertex 1.5337544 -0.0647555 0.3193863
      vertex 1.5314601 0.1315493 0.1652799
      vertex 1.6000022 0.1105254 0.1388653
    endloop
  endfacet
  facet normal -0.4417163 -0.5572108 -0.7031378
    outer loop
      vertex 1.5337544 -0.0647555 0.3193863
      vertex 1.6000022 0.1105254 0.1388653
      vertex 1.6022832 -0.0843187 0.2918391
    endloop
  endfacet
  facet normal -0.7219611 -0.4220312 -0.5483264
    outer loop
      vertex 1.6000022 0.1105254 0.1388653
      vertex 1.6022310 0.2998153 -0.0097604
      vertex 1.6550961 0.2656097 -0.0530388
    endloop
  endfacet
  facet normal -0.7219833 -0.4220087 -0.5483146
    outer loop
      vertex 1.6000022 0.1105254 0.1388653
      vertex 1.6550961 0.2656097 -0.0530388
      vertex 1.6528641 0.0761705 0.0957014
    endloop
  endfacet
  facet normal -0.9150451 -0.2423662 -0.3224145
    outer loop
      vertex 1.6528641 0.0761705 0.0957014
      vertex 1.6550961 0.2656097 -0.0530388
      vertex 1.6859112 0.2227464 -0.1082739
    endloop
  endfacet
  facet normal -0.9150594 -0.2423370 -0.3223958
    outer loop
      vertex 1.6528641 0.0761705 0.0957014
      vertex 1.6859112 0.2227464 -0.1082739
      vertex 1.6836699 0.0326284 0.0409946
    endloop
  endfacet
  facet normal -0.9977791 -0.0334590 -0.0575974
    outer loop
      vertex 1.6836699 0.0326284 0.0409946
      vertex 1.6859112 0.2227464 -0.1082739
      vertex 1.6909596 0.1763953 -0.1688036
    endloop
  endfacet
  facet normal -0.9977802 -0.0334426 -0.0575862
    outer loop
      vertex 1.6836699 0.0326284 0.0409946
      vertex 1.6909596 0.1763953 -0.1688036
      vertex 1.6887040 -0.0148493 -0.0186568
    endloop
  endfacet
  facet normal -0.9601586 0.1794893 0.2141941
    outer loop
      vertex 1.6887040 -0.0148493 -0.0186568
      vertex 1.6909596 0.1763953 -0.1688036
      vertex 1.6696325 0.1321470 -0.2273271
    endloop
  endfacet
  facet normal -0.9601614 0.1794810 0.2141885
    outer loop
      vertex 1.6887040 -0.0148493 -0.0186568
      vertex 1.6696325 0.1321470 -0.2273271
      vertex 1.6673591 -0.0605359 -0.0760579
    endloop
  endfacet
  facet normal -0.8067037 0.3707790 0.4601654
    outer loop
      vertex 1.6673591 -0.0605359 -0.0760579
      vertex 1.6696325 0.1321470 -0.2273271
      vertex 1.6245020 0.0953386 -0.2767856
    endloop
  endfacet
  facet normal -0.8067257 0.3707516 0.4601488
    outer loop
      vertex 1.6673591 -0.0605359 -0.0760579
      vertex 1.6245020 0.0953386 -0.2767856
      vertex 1.6222098 -0.0989209 -0.1242853
    endloop
  endfacet
  facet normal -0.5559309 0.5173244 0.6506276
    outer loop
      vertex 1.6222098 -0.0989209 -0.1242853
      vertex 1.6245020 0.0953386 -0.2767856
      vertex 1.5610118 0.0704097 -0.3112136
    endloop
  endfacet
  facet normal -0.5559726 0.5172955 0.6506150
    outer loop
      vertex 1.6222098 -0.0989209 -0.1242853
      vertex 1.5610118 0.0704097 -0.3112136
      vertex 1.5587017 -0.1253747 -0.1575220
    endloop
  endfacet
  facet normal -0.2381123 0.6014528 0.7625989
    outer loop
      vertex 1.5587017 -0.1253747 -0.1575220
      vertex 1.5610118 0.0704097 -0.3112136
      vertex 1.4868196 0.0603671 -0.3264588
    endloop
  endfacet
  facet normal -0.2381538 0.6014366 0.7625987
    outer loop
      vertex 1.5587017 -0.1253747 -0.1575220
      vertex 1.4868196 0.0603671 -0.3264588
      vertex 1.4844950 -0.1367064 -0.1717593
    endloop
  endfacet
  facet normal 0.1084011 0.6130360 0.7825829
    outer loop
      vertex 1.4844950 -0.1367064 -0.1717593
      vertex 1.4868196 0.0603671 -0.3264588
      vertex 1.4108741 0.0664220 -0.3206821
    endloop
  endfacet
  facet normal 0.1083824 0.6130330 0.7825879
    outer loop
      vertex 1.4844950 -0.1367064 -0.1717593
      vertex 1.4108741 0.0664220 -0.3206821
      vertex 1.4085399 -0.1315493 -0.1652799
    endloop
  endfacet
  facet normal 0.4418222 0.5506971 0.7081849
    outer loop
      vertex 1.4085399 -0.1315493 -0.1652799
      vertex 1.4108741 0.0664220 -0.3206821
      vertex 1.3423354 0.0878442 -0.2945805
    endloop
  endfacet
  facet normal 0.4418318 0.5506967 0.7081792
    outer loop
      vertex 1.4085399 -0.1315493 -0.1652799
      vertex 1.3423354 0.0878442 -0.2945805
      vertex 1.3399978 -0.1105254 -0.1388653
    endloop
  endfacet
  facet normal 0.7219605 0.4219592 0.5483826
    outer loop
      vertex 1.3399978 -0.1105254 -0.1388653
      vertex 1.3423354 0.0878442 -0.2945805
      vertex 1.2894703 0.1220498 -0.2513021
    endloop
  endfacet
  facet normal 0.7219827 0.4219524 0.5483586
    outer loop
      vertex 1.3399978 -0.1105254 -0.1388653
      vertex 1.2894703 0.1220498 -0.2513021
      vertex 1.2871359 -0.0761705 -0.0957014
    endloop
  endfacet
  facet normal 0.9150449 0.2423344 0.3224390
    outer loop
      vertex 1.2871359 -0.0761705 -0.0957014
      vertex 1.2894703 0.1220498 -0.2513021
      vertex 1.2586552 0.1649131 -0.1960670
    endloop
  endfacet
  facet normal 0.9150592 0.2423228 0.3224070
    outer loop
      vertex 1.2871359 -0.0761705 -0.0957014
      vertex 1.2586552 0.1649131 -0.1960670
      vertex 1.2563301 -0.0326284 -0.0409946
    endloop
  endfacet
  facet normal 0.9977791 0.0334662 0.0575919
    outer loop
      vertex 1.2563301 -0.0326284 -0.0409946
      vertex 1.2586552 0.1649131 -0.1960670
      vertex 1.2536068 0.2112642 -0.1355373
    endloop
  endfacet
  facet normal 0.9977804 0.0334589 0.0575732
    outer loop
      vertex 1.2563301 -0.0326284 -0.0409946
      vertex 1.2536068 0.2112642 -0.1355373
      vertex 1.2512960 0.0148493 0.0186568
    endloop
  endfacet
  facet normal 0.9601590 -0.1794631 -0.2142141
    outer loop
      vertex 1.2512960 0.0148493 0.0186568
      vertex 1.2536068 0.2112642 -0.1355373
      vertex 1.2749340 0.2555125 -0.0770138
    endloop
  endfacet
  facet normal 0.9601616 -0.1794599 -0.2142054
    outer loop
      vertex 1.2512960 0.0148493 0.0186568
      vertex 1.2749340 0.2555125 -0.0770138
      vertex 1.2726409 0.0605359 0.0760579
    endloop
  endfacet
  facet normal 0.8067040 -0.3707626 -0.4601779
    outer loop
      vertex 1.2726409 0.0605359 0.0760579
      vertex 1.2749340 0.2555125 -0.0770138
      vertex 1.3200644 0.2923209 -0.0275553
    endloop
  endfacet
  facet normal 0.8067257 -0.3707533 -0.4601473
    outer loop
      vertex 1.2726409 0.0605359 0.0760579
      vertex 1.3200644 0.2923209 -0.0275553
      vertex 1.3177902 0.0989209 0.1242853
    endloop
  endfacet
  facet normal 0.5559304 -0.5173420 -0.6506140
    outer loop
      vertex 1.3177902 0.0989209 0.1242853
      vertex 1.3200644 0.2923209 -0.0275553
      vertex 1.3835546 0.3172498 0.0068727
    endloop
  endfacet
  facet normal 0.5559726 -0.5173373 -0.6505817
    outer loop
      vertex 1.3177902 0.0989209 0.1242853
      vertex 1.3835546 0.3172498 0.0068727
      vertex 1.3812983 0.1253747 0.1575220
    endloop
  endfacet
  facet normal 0.2381108 -0.6015123 -0.7625524
    outer loop
      vertex 1.3812983 0.1253747 0.1575220
      vertex 1.3835546 0.3172498 0.0068727
      vertex 1.4577468 0.3272924 0.0221179
    endloop
  endfacet
  facet normal 0.2381540 -0.6015171 -0.7625351
    outer loop
      vertex 1.3812983 0.1253747 0.1575220
      vertex 1.4577468 0.3272924 0.0221179
      vertex 1.4555050 0.1367064 0.1717593
    endloop
  endfacet
  facet normal -0.1084029 -0.6131260 -0.7825122
    outer loop
      vertex 1.4555050 0.1367064 0.1717593
      vertex 1.4577468 0.3272924 0.0221179
      vertex 1.5336924 0.3212375 0.0163412
    endloop
  endfacet
  facet normal -0.1083825 -0.6131326 -0.7825098
    outer loop
      vertex 1.4555050 0.1367064 0.1717593
      vertex 1.5336924 0.3212375 0.0163412
      vertex 1.5314601 0.1315493 0.1652799
    endloop
  endfacet
  facet normal -0.4418234 -0.5507920 -0.7081103
    outer loop
      vertex 1.5314601 0.1315493 0.1652799
      vertex 1.5336924 0.3212375 0.0163412
      vertex 1.6022310 0.2998153 -0.0097604
    endloop
  endfacet
  facet normal -0.4418323 -0.5507868 -0.7081089
    outer loop
      vertex 1.5314601 0.1315493 0.1652799
      vertex 1.6022310 0.2998153 -0.0097604
      vertex 1.6000022 0.1105254 0.1388653
    endloop
  endfacet
  facet normal -0.7218050 -0.3941693 -0.5688833
    outer loop
      vertex 1.6022310 0.2998153 -0.0097604
      vertex 1.6071553 0.4934677 -0.1501867
      vertex 1.6600341 0.4616751 -0.1952513
    endloop
  endfacet
  facet normal -0.7213128 -0.3946658 -0.5691632
    outer loop
      vertex 1.6022310 0.2998153 -0.0097604
      vertex 1.6600341 0.4616751 -0.1952513
      vertex 1.6550961 0.2656097 -0.0530388
    endloop
  endfacet
  facet normal -0.9149149 -0.2216466 -0.3373478
    outer loop
      vertex 1.6550961 0.2656097 -0.0530388
      vertex 1.6600341 0.4616751 -0.1952513
      vertex 1.6908679 0.4219407 -0.2527684
    endloop
  endfacet
  facet normal -0.9146089 -0.2222604 -0.3377735
    outer loop
      vertex 1.6550961 0.2656097 -0.0530388
      vertex 1.6908679 0.4219407 -0.2527684
      vertex 1.6859112 0.2227464 -0.1082739
    endloop
  endfacet
  facet normal -0.9976327 -0.0223506 -0.0650339
    outer loop
      vertex 1.6859112 0.2227464 -0.1082739
      vertex 1.6908679 0.4219407 -0.2527684
      vertex 1.6959376 0.3790572 -0.3158006
    endloop
  endfacet
  facet normal -0.9975828 -0.0230458 -0.0655551
    outer loop
      vertex 1.6859112 0.2227464 -0.1082739
      vertex 1.6959376 0.3790572 -0.3158006
      vertex 1.6909596 0.1763953 -0.1688036
    endloop
  endfacet
  facet normal -0.9599189 0.1796312 0.2151472
    outer loop
      vertex 1.6909596 0.1763953 -0.1688036
      vertex 1.6959376 0.3790572 -0.3158006
      vertex 1.6746317 0.3381968 -0.3767452
    endloop
  endfacet
  facet normal -0.9601678 0.1789295 0.2146207
    outer loop
      vertex 1.6909596 0.1763953 -0.1688036
      vertex 1.6746317 0.3381968 -0.3767452
      vertex 1.6696325 0.1321470 -0.2273271
    endloop
  endfacet
  facet normal -0.8063621 0.3598919 0.4693165
    outer loop
      vertex 1.6696325 0.1321470 -0.2273271
      vertex 1.6746317 0.3381968 -0.3767452
      vertex 1.6295202 0.3042880 -0.4282515
    endloop
  endfacet
  facet normal -0.8068842 0.3592747 0.4688919
    outer loop
      vertex 1.6696325 0.1321470 -0.2273271
      vertex 1.6295202 0.3042880 -0.4282515
      vertex 1.6245020 0.0953386 -0.2767856
    endloop
  endfacet
  facet normal -0.5555856 0.4966981 0.6667951
    outer loop
      vertex 1.6245020 0.0953386 -0.2767856
      vertex 1.6295202 0.3042880 -0.4282515
      vertex 1.5660440 0.2814206 -0.4641069
    endloop
  endfacet
  facet normal -0.5562871 0.4962356 0.6665545
    outer loop
      vertex 1.6245020 0.0953386 -0.2767856
      vertex 1.5660440 0.2814206 -0.4641069
      vertex 1.5610118 0.0704097 -0.3112136
    endloop
  endfacet
  facet normal -0.2378991 0.5736107 0.7838206
    outer loop
      vertex 1.5610118 0.0704097 -0.3112136
      vertex 1.5660440 0.2814206 -0.4641069
      vertex 1.4918594 0.2723528 -0.4799869
    endloop
  endfacet
  facet normal -0.2386609 0.5733287 0.7837954
    outer loop
      vertex 1.5610118 0.0704097 -0.3112136
      vertex 1.4918594 0.2723528 -0.4799869
      vertex 1.4868196 0.0603671 -0.3264588
    endloop
  endfacet
  facet normal 0.1084187 0.5814135 0.8063521
    outer loop
      vertex 1.4868196 0.0603671 -0.3264588
      vertex 1.4918594 0.2723528 -0.4799869
      vertex 1.4159141 0.2781784 -0.4739761
    endloop
  endfacet
  facet normal 0.1076924 0.5812989 0.8065320
    outer loop
      vertex 1.4868196 0.0603671 -0.3264588
      vertex 1.4159141 0.2781784 -0.4739761
      vertex 1.4108741 0.0664220 -0.3206821
    endloop
  endfacet
  facet normal 0.4416985 0.5191681 0.7316877
    outer loop
      vertex 1.4108741 0.0664220 -0.3206821
      vertex 1.4159141 0.2781784 -0.4739761
      vertex 1.3473683 0.2981945 -0.4467994
    endloop
  endfacet
  facet normal 0.4410648 0.5191928 0.7320524
    outer loop
      vertex 1.4108741 0.0664220 -0.3206821
      vertex 1.3473683 0.2981945 -0.4467994
      vertex 1.3423354 0.0878442 -0.2945805
    endloop
  endfacet
  facet normal 0.7218058 0.3943219 0.5687765
    outer loop
      vertex 1.3423354 0.0878442 -0.2945805
      vertex 1.3473683 0.2981945 -0.4467994
      vertex 1.2944895 0.3299871 -0.4017348
    endloop
  endfacet
  facet normal 0.7213049 0.3944613 0.5693150
    outer loop
      vertex 1.3423354 0.0878442 -0.2945805
      vertex 1.2944895 0.3299871 -0.4017348
      vertex 1.2894703 0.1220498 -0.2513021
    endloop
  endfacet
  facet normal 0.9149171 0.2218633 0.3371993
    outer loop
      vertex 1.2894703 0.1220498 -0.2513021
      vertex 1.2944895 0.3299871 -0.4017348
      vertex 1.2636558 0.3697215 -0.3442177
    endloop
  endfacet
  facet normal 0.9146028 0.2220933 0.3378998
    outer loop
      vertex 1.2894703 0.1220498 -0.2513021
      vertex 1.2636558 0.3697215 -0.3442177
      vertex 1.2586552 0.1649131 -0.1960670
    endloop
  endfacet
  facet normal 0.9976376 0.0225749 0.0648817
    outer loop
      vertex 1.2586552 0.1649131 -0.1960670
      vertex 1.2636558 0.3697215 -0.3442177
      vertex 1.2585861 0.4126050 -0.2811856
    endloop
  endfacet
  facet normal 0.9975776 0.0228561 0.0656999
    outer loop
      vertex 1.2586552 0.1649131 -0.1960670
      vertex 1.2585861 0.4126050 -0.2811856
      vertex 1.2536068 0.2112642 -0.1355373
    endloop
  endfacet
  facet normal 0.9599248 -0.1794598 -0.2152641
    outer loop
      vertex 1.2536068 0.2112642 -0.1355373
      vertex 1.2585861 0.4126050 -0.2811856
      vertex 1.2798919 0.4534654 -0.2202409
    endloop
  endfacet
  facet normal 0.9601635 -0.1791910 -0.2144215
    outer loop
      vertex 1.2536068 0.2112642 -0.1355373
      vertex 1.2798919 0.4534654 -0.2202409
      vertex 1.2749340 0.2555125 -0.0770138
    endloop
  endfacet
  facet normal 0.8063656 -0.3598081 -0.4693747
    outer loop
      vertex 1.2749340 0.2555125 -0.0770138
      vertex 1.2798919 0.4534654 -0.2202409
      vertex 1.3250034 0.4873742 -0.1687347
    endloop
  endfacet
  facet normal 0.8068812 -0.3596244 -0.4686289
    outer loop
      vertex 1.2749340 0.2555125 -0.0770138
      vertex 1.3250034 0.4873742 -0.1687347
      vertex 1.3200644 0.2923209 -0.0275553
    endloop
  endfacet
  facet normal 0.5555857 -0.4966951 -0.6667972
    outer loop
      vertex 1.3200644 0.2923209 -0.0275553
      vertex 1.3250034 0.4873742 -0.1687347
      vertex 1.3884796 0.5102416 -0.1328792
    endloop
  endfacet
  facet normal 0.5562838 -0.4966494 -0.6662490
    outer loop
      vertex 1.3200644 0.2923209 -0.0275553
      vertex 1.3884796 0.5102416 -0.1328792
      vertex 1.3835546 0.3172498 0.0068727
    endloop
  endfacet
  facet normal 0.2378980 -0.5736445 -0.7837963
    outer loop
      vertex 1.3835546 0.3172498 0.0068727
      vertex 1.3884796 0.5102416 -0.1328792
      vertex 1.4626642 0.5193094 -0.1169992
    endloop
  endfacet
  facet normal 0.2386549 -0.5737516 -0.7834876
    outer loop
      vertex 1.3835546 0.3172498 0.0068727
      vertex 1.4626642 0.5193094 -0.1169992
      vertex 1.4577468 0.3272924 0.0221179
    endloop
  endfacet
  facet normal -0.1084189 -0.5814236 -0.8063448
    outer loop
      vertex 1.4577468 0.3272924 0.0221179
      vertex 1.4626642 0.5193094 -0.1169992
      vertex 1.5386095 0.5134839 -0.1230100
    endloop
  endfacet
  facet normal -0.1077016 -0.5816710 -0.8062625
    outer loop
      vertex 1.4577468 0.3272924 0.0221179
      vertex 1.5386095 0.5134839 -0.1230100
      vertex 1.5336924 0.3212375 0.0163412
    endloop
  endfacet
  facet normal -0.4416980 -0.5191049 -0.7317329
    outer loop
      vertex 1.5336924 0.3212375 0.0163412
      vertex 1.5386095 0.5134839 -0.1230100
      vertex 1.6071553 0.4934677 -0.1501867
    endloop
  endfacet
  facet normal -0.4410746 -0.5194782 -0.7318440
    outer loop
      vertex 1.5336924 0.3212375 0.0163412
      vertex 1.6071553 0.4934677 -0.1501867
      vertex 1.6022310 0.2998153 -0.0097604
    endloop
  endfacet
  facet normal -0.7223357 -0.3592009 -0.5909364
    outer loop
      vertex 1.6071553 0.4934677 -0.1501867
      vertex 1.6096943 0.7005581 -0.2791702
      vertex 1.6625103 0.6737629 -0.3274428
    endloop
  endfacet
  facet normal -0.7210323 -0.3604298 -0.5917794
    outer loop
      vertex 1.6071553 0.4934677 -0.1501867
      vertex 1.6625103 0.6737629 -0.3274428
      vertex 1.6600341 0.4616751 -0.1952513
    endloop
  endfacet
  facet normal -0.9154015 -0.2051744 -0.3463287
    outer loop
      vertex 1.6600341 0.4616751 -0.1952513
      vertex 1.6625103 0.6737629 -0.3274428
      vertex 1.6932586 0.6396207 -0.3884887
    endloop
  endfacet
  facet normal -0.9146086 -0.2066453 -0.3475469
    outer loop
      vertex 1.6600341 0.4616751 -0.1952513
      vertex 1.6932586 0.6396207 -0.3884887
      vertex 1.6908679 0.4219407 -0.2527684
    endloop
  endfacet
  facet normal -0.9978603 -0.0263488 -0.0598382
    outer loop
      vertex 1.6908679 0.4219407 -0.2527684
      vertex 1.6932586 0.6396207 -0.3884887
      vertex 1.6982306 0.6022495 -0.4549449
    endloop
  endfacet
  facet normal -0.9977319 -0.0279314 -0.0612450
    outer loop
      vertex 1.6908679 0.4219407 -0.2527684
      vertex 1.6982306 0.6022495 -0.4549449
      vertex 1.6959376 0.3790572 -0.3158006
    endloop
  endfacet
  facet normal -0.9597591 0.1556019 0.2337746
    outer loop
      vertex 1.6959376 0.3790572 -0.3158006
      vertex 1.6982306 0.6022495 -0.4549449
      vertex 1.6768265 0.5661568 -0.5187958
    endloop
  endfacet
  facet normal -0.9603328 0.1540780 0.2324240
    outer loop
      vertex 1.6959376 0.3790572 -0.3158006
      vertex 1.6768265 0.5661568 -0.5187958
      vertex 1.6746317 0.3381968 -0.3767452
    endloop
  endfacet
  facet normal -0.8058888 0.3186912 0.4989782
    outer loop
      vertex 1.6746317 0.3381968 -0.3767452
      vertex 1.6768265 0.5661568 -0.5187958
      vertex 1.6316279 0.5356960 -0.5723401
    endloop
  endfacet
  facet normal -0.8070619 0.3173828 0.4979149
    outer loop
      vertex 1.6746317 0.3381968 -0.3767452
      vertex 1.6316279 0.5356960 -0.5723401
      vertex 1.6295202 0.3042880 -0.4282515
    endloop
  endfacet
  facet normal -0.5550116 0.4433240 0.7038650
    outer loop
      vertex 1.6295202 0.3042880 -0.4282515
      vertex 1.6316279 0.5356960 -0.5723401
      vertex 1.5680866 0.5145412 -0.6091195
    endloop
  endfacet
  facet normal -0.5565886 0.4423298 0.7032449
    outer loop
      vertex 1.6295202 0.3042880 -0.4282515
      vertex 1.5680866 0.5145412 -0.6091195
      vertex 1.5660440 0.2814206 -0.4641069
    endloop
  endfacet
  facet normal -0.2373969 0.5145953 0.8239140
    outer loop
      vertex 1.5660440 0.2814206 -0.4641069
      vertex 1.5680866 0.5145412 -0.6091195
      vertex 1.4938664 0.5052437 -0.6246978
    endloop
  endfacet
  facet normal -0.2391657 0.5139478 0.8238066
    outer loop
      vertex 1.5660440 0.2814206 -0.4641069
      vertex 1.4938664 0.5052437 -0.6246978
      vertex 1.4918594 0.2723528 -0.4799869
    endloop
  endfacet
  facet normal 0.1088396 0.5239663 0.8447563
    outer loop
      vertex 1.4918594 0.2723528 -0.4799869
      vertex 1.4938664 0.5052437 -0.6246978
      vertex 1.4179196 0.5089252 -0.6171962
    endloop
  endfacet
  facet normal 0.1070610 0.5236543 0.8451769
    outer loop
      vertex 1.4918594 0.2723528 -0.4799869
      vertex 1.4179196 0.5089252 -0.6171962
      vertex 1.4159141 0.2781784 -0.4739761
    endloop
  endfacet
  facet normal 0.4421423 0.4702333 0.7638003
    outer loop
      vertex 1.4159141 0.2781784 -0.4739761
      vertex 1.4179196 0.5089252 -0.6171962
      vertex 1.3494063 0.5251415 -0.5875193
    endloop
  endfacet
  facet normal 0.4405135 0.4702284 0.7647438
    outer loop
      vertex 1.4159141 0.2781784 -0.4739761
      vertex 1.3494063 0.5251415 -0.5875193
      vertex 1.3473683 0.2981945 -0.4467994
    endloop
  endfacet
  facet normal 0.7223234 0.3597351 0.5906264
    outer loop
      vertex 1.3473683 0.2981945 -0.4467994
      vertex 1.3494063 0.5251415 -0.5875193
      vertex 1.2965903 0.5519367 -0.5392468
    endloop
  endfacet
  facet normal 0.7210147 0.3599971 0.5920641
    outer loop
      vertex 1.3473683 0.2981945 -0.4467994
      vertex 1.2965903 0.5519367 -0.5392468
      vertex 1.2944895 0.3299871 -0.4017348
    endloop
  endfacet
  facet normal 0.9153956 0.2057182 0.3460216
    outer loop
      vertex 1.2944895 0.3299871 -0.4017348
      vertex 1.2965903 0.5519367 -0.5392468
      vertex 1.2658420 0.5860789 -0.4782009
    endloop
  endfacet
  facet normal 0.9145942 0.2061781 0.3478621
    outer loop
      vertex 1.2944895 0.3299871 -0.4017348
      vertex 1.2658420 0.5860789 -0.4782009
      vertex 1.2636558 0.3697215 -0.3442177
    endloop
  endfacet
  facet normal 0.9978635 0.0268118 0.0595781
    outer loop
      vertex 1.2636558 0.3697215 -0.3442177
      vertex 1.2658420 0.5860789 -0.4782009
      vertex 1.2608700 0.6234501 -0.4117446
    endloop
  endfacet
  facet normal 0.9977238 0.0273576 0.0616348
    outer loop
      vertex 1.2636558 0.3697215 -0.3442177
      vertex 1.2608700 0.6234501 -0.4117446
      vertex 1.2585861 0.4126050 -0.2811856
    endloop
  endfacet
  facet normal 0.9597665 -0.1552713 -0.2339640
    outer loop
      vertex 1.2585861 0.4126050 -0.2811856
      vertex 1.2608700 0.6234501 -0.4117446
      vertex 1.2822741 0.6595428 -0.3478937
    endloop
  endfacet
  facet normal 0.9603336 -0.1547822 -0.2319522
    outer loop
      vertex 1.2585861 0.4126050 -0.2811856
      vertex 1.2822741 0.6595428 -0.3478937
      vertex 1.2798919 0.4534654 -0.2202409
    endloop
  endfacet
  facet normal 0.8058947 -0.3184809 -0.4991028
    outer loop
      vertex 1.2798919 0.4534654 -0.2202409
      vertex 1.2822741 0.6595428 -0.3478937
      vertex 1.3274727 0.6900036 -0.2943495
    endloop
  endfacet
  facet normal 0.8070682 -0.3181818 -0.4973945
    outer loop
      vertex 1.2798919 0.4534654 -0.2202409
      vertex 1.3274727 0.6900036 -0.2943495
      vertex 1.3250034 0.4873742 -0.1687347
    endloop
  endfacet
  facet normal 0.5550150 -0.4431662 -0.7039617
    outer loop
      vertex 1.3250034 0.4873742 -0.1687347
      vertex 1.3274727 0.6900036 -0.2943495
      vertex 1.3910140 0.7111584 -0.2575701
    endloop
  endfacet
  facet normal 0.5565911 -0.4431426 -0.7027311
    outer loop
      vertex 1.3250034 0.4873742 -0.1687347
      vertex 1.3910140 0.7111584 -0.2575701
      vertex 1.3884796 0.5102416 -0.1328792
    endloop
  endfacet
  facet normal 0.2373980 -0.5143993 -0.8240362
    outer loop
      vertex 1.3884796 0.5102416 -0.1328792
      vertex 1.3910140 0.7111584 -0.2575701
      vertex 1.4652342 0.7204559 -0.2419918
    endloop
  endfacet
  facet normal 0.2391578 -0.5146850 -0.8233486
    outer loop
      vertex 1.3884796 0.5102416 -0.1328792
      vertex 1.4652342 0.7204559 -0.2419918
      vertex 1.4626642 0.5193094 -0.1169992
    endloop
  endfacet
  facet normal -0.1088435 -0.5236594 -0.8449461
    outer loop
      vertex 1.4626642 0.5193094 -0.1169992
      vertex 1.4652342 0.7204559 -0.2419918
      vertex 1.5411810 0.7167744 -0.2494934
    endloop
  endfacet
  facet normal -0.1070777 -0.5242621 -0.8447980
    outer loop
      vertex 1.4626642 0.5193094 -0.1169992
      vertex 1.5411810 0.7167744 -0.2494934
      vertex 1.5386095 0.5134839 -0.1230100
    endloop
  endfacet
  facet normal -0.4421528 -0.4697931 -0.7640650
    outer loop
      vertex 1.5386095 0.5134839 -0.1230100
      vertex 1.5411810 0.7167744 -0.2494934
      vertex 1.6096943 0.7005581 -0.2791702
    endloop
  endfacet
  facet normal -0.4405326 -0.4707158 -0.7644329
    outer loop
      vertex 1.5386095 0.5134839 -0.1230100
      vertex 1.6096943 0.7005581 -0.2791702
      vertex 1.6071553 0.4934677 -0.1501867
    endloop
  endfacet
  facet normal -0.7243922 -0.3289589 -0.6058398
    outer loop
      vertex 1.6096943 0.7005581 -0.2791702
      vertex 1.6018226 0.9279502 -0.3932275
      vertex 1.6542050 0.9087269 -0.4454223
    endloop
  endfacet
  facet normal -0.7225922 -0.3304230 -0.6071912
    outer loop
      vertex 1.6096943 0.7005581 -0.2791702
      vertex 1.6542050 0.9087269 -0.4454223
      vertex 1.6625103 0.6737629 -0.3274428
    endloop
  endfacet
  facet normal -0.9164669 -0.2049415 -0.3436384
    outer loop
      vertex 1.6625103 0.6737629 -0.3274428
      vertex 1.6542050 0.9087269 -0.4454223
      vertex 1.6844789 0.8823271 -0.5104169
    endloop
  endfacet
  facet normal -0.9153844 -0.2066729 -0.3454820
    outer loop
      vertex 1.6625103 0.6737629 -0.3274428
      vertex 1.6844789 0.8823271 -0.5104169
      vertex 1.6932586 0.6396207 -0.3884887
    endloop
  endfacet
  facet normal -0.9976209 -0.0561684 -0.0399707
    outer loop
      vertex 1.6932586 0.6396207 -0.3884887
      vertex 1.6844789 0.8823271 -0.5104169
      vertex 1.6889928 0.8519352 -0.5803719
    endloop
  endfacet
  facet normal -0.9974323 -0.0580035 -0.0420054
    outer loop
      vertex 1.6932586 0.6396207 -0.3884887
      vertex 1.6889928 0.8519352 -0.5803719
      vertex 1.6982306 0.6022495 -0.4549449
    endloop
  endfacet
  facet normal -0.9582292 0.0992834 0.2682158
    outer loop
      vertex 1.6982306 0.6022495 -0.4549449
      vertex 1.6889928 0.8519352 -0.5803719
      vertex 1.6672024 0.8212167 -0.6468498
    endloop
  endfacet
  facet normal -0.9589363 0.0975272 0.2663263
    outer loop
      vertex 1.6982306 0.6022495 -0.4549449
      vertex 1.6672024 0.8212167 -0.6468498
      vertex 1.6768265 0.5661568 -0.5187958
    endloop
  endfacet
  facet normal -0.8034250 0.2426588 0.5437141
    outer loop
      vertex 1.6768265 0.5661568 -0.5187958
      vertex 1.6672024 0.8212167 -0.6468498
      vertex 1.6217358 0.7938769 -0.7018323
    endloop
  endfacet
  facet normal -0.8048756 0.2411289 0.5422473
    outer loop
      vertex 1.6768265 0.5661568 -0.5187958
      vertex 1.6217358 0.7938769 -0.7018323
      vertex 1.6316279 0.5356960 -0.5723401
    endloop
  endfacet
  facet normal -0.5521020 0.3568058 0.7535734
    outer loop
      vertex 1.6316279 0.5356960 -0.5723401
      vertex 1.6217358 0.7938769 -0.7018323
      vertex 1.5580769 0.7732133 -0.7386877
    endloop
  endfacet
  facet normal -0.5540706 0.3555874 0.7527040
    outer loop
      vertex 1.6316279 0.5356960 -0.5723401
      vertex 1.5580769 0.7732133 -0.7386877
      vertex 1.5680866 0.5145412 -0.6091195
    endloop
  endfacet
  facet normal -0.2344163 0.4281100 0.8727949
    outer loop
      vertex 1.5680866 0.5145412 -0.6091195
      vertex 1.5580769 0.7732133 -0.7386877
      vertex 1.4839041 0.7617182 -0.7529708
    endloop
  endfacet
  facet normal -0.2366753 0.4272353 0.8726138
    outer loop
      vertex 1.5680866 0.5145412 -0.6091195
      vertex 1.4839041 0.7617182 -0.7529708
      vertex 1.4938664 0.5052437 -0.6246978
    endloop
  endfacet
  facet normal 0.1116968 0.4479814 0.8870381
    outer loop
      vertex 1.4938664 0.5052437 -0.6246978
      vertex 1.4839041 0.7617182 -0.7529708
      vertex 1.4081636 0.7607781 -0.7429587
    endloop
  endfacet
  facet normal 0.1093621 0.4474557 0.8875941
    outer loop
      vertex 1.4938664 0.5052437 -0.6246978
      vertex 1.4081636 0.7607781 -0.7429587
      vertex 1.4179196 0.5089252 -0.6171962
    endloop
  endfacet
  facet normal 0.4447198 0.4138680 0.7943158
    outer loop
      vertex 1.4179196 0.5089252 -0.6171962
      vertex 1.4081636 0.7607781 -0.7429587
      vertex 1.3399908 0.7705065 -0.7098591
    endloop
  endfacet
  facet normal 0.4425433 0.4136838 0.7956263
    outer loop
      vertex 1.4179196 0.5089252 -0.6171962
      vertex 1.3399908 0.7705065 -0.7098591
      vertex 1.3494063 0.5251415 -0.5875193
    endloop
  endfacet
  facet normal 0.7243329 0.3297027 0.6055064
    outer loop
      vertex 1.3494063 0.5251415 -0.5875193
      vertex 1.3399908 0.7705065 -0.7098591
      vertex 1.2876084 0.7897298 -0.6576643
    endloop
  endfacet
  facet normal 0.7225892 0.3298286 0.6075178
    outer loop
      vertex 1.3494063 0.5251415 -0.5875193
      vertex 1.2876084 0.7897298 -0.6576643
      vertex 1.2965903 0.5519367 -0.5392468
    endloop
  endfacet
  facet normal 0.9164267 0.2055997 0.3433524
    outer loop
      vertex 1.2965903 0.5519367 -0.5392468
      vertex 1.2876084 0.7897298 -0.6576643
      vertex 1.2573344 0.8161296 -0.5926697
    endloop
  endfacet
  facet normal 0.9153929 0.2059584 0.3458859
    outer loop
      vertex 1.2965903 0.5519367 -0.5392468
      vertex 1.2573344 0.8161296 -0.5926697
      vertex 1.2658420 0.5860789 -0.4782009
    endloop
  endfacet
  facet normal 0.9976012 0.0566716 0.0397508
    outer loop
      vertex 1.2658420 0.5860789 -0.4782009
      vertex 1.2573344 0.8161296 -0.5926697
      vertex 1.2528205 0.8465216 -0.5227146
    endloop
  endfacet
  facet normal 0.9974617 0.0571339 0.0424966
    outer loop
      vertex 1.2658420 0.5860789 -0.4782009
      vertex 1.2528205 0.8465216 -0.5227146
      vertex 1.2608700 0.6234501 -0.4117446
    endloop
  endfacet
  facet normal 0.9582208 -0.0989301 -0.2683763
    outer loop
      vertex 1.2608700 0.6234501 -0.4117446
      vertex 1.2528205 0.8465216 -0.5227146
      vertex 1.2746109 0.8772400 -0.4562368
    endloop
  endfacet
  facet normal 0.9589857 -0.0985170 -0.2657834
    outer loop
      vertex 1.2608700 0.6234501 -0.4117446
      vertex 1.2746109 0.8772400 -0.4562368
      vertex 1.2822741 0.6595428 -0.3478937
    endloop
  endfacet
  facet normal 0.8034187 -0.2423796 -0.5438478
    outer loop
      vertex 1.2822741 0.6595428 -0.3478937
      vertex 1.2746109 0.8772400 -0.4562368
      vertex 1.3200775 0.9045798 -0.4012543
    endloop
  endfacet
  facet normal 0.8049294 -0.2421478 -0.5417131
    outer loop
      vertex 1.2822741 0.6595428 -0.3478937
      vertex 1.3200775 0.9045798 -0.4012543
      vertex 1.3274727 0.6900036 -0.2943495
    endloop
  endfacet
  facet normal 0.5520909 -0.3564914 -0.7537304
    outer loop
      vertex 1.3274727 0.6900036 -0.2943495
      vertex 1.3200775 0.9045798 -0.4012543
      vertex 1.3837364 0.9252434 -0.3643988
    endloop
  endfacet
  facet normal 0.5541095 -0.3565276 -0.7522305
    outer loop
      vertex 1.3274727 0.6900036 -0.2943495
      vertex 1.3837364 0.9252434 -0.3643988
      vertex 1.3910140 0.7111584 -0.2575701
    endloop
  endfacet
  facet normal 0.2343909 -0.4276692 -0.8730177
    outer loop
      vertex 1.3910140 0.7111584 -0.2575701
      vertex 1.3837364 0.9252434 -0.3643988
      vertex 1.4579092 0.9367385 -0.3501158
    endloop
  endfacet
  facet normal 0.2366920 -0.4280252 -0.8722221
    outer loop
      vertex 1.3910140 0.7111584 -0.2575701
      vertex 1.4579092 0.9367385 -0.3501158
      vertex 1.4652342 0.7204559 -0.2419918
    endloop
  endfacet
  facet normal -0.1117435 -0.4473811 -0.8873351
    outer loop
      vertex 1.4652342 0.7204559 -0.2419918
      vertex 1.4579092 0.9367385 -0.3501158
      vertex 1.5336498 0.9376786 -0.3601279
    endloop
  endfacet
  facet normal -0.1093613 -0.4480965 -0.8872709
    outer loop
      vertex 1.4652342 0.7204559 -0.2419918
      vertex 1.5336498 0.9376786 -0.3601279
      vertex 1.5411810 0.7167744 -0.2494934
    endloop
  endfacet
  facet normal -0.4447821 -0.4131479 -0.7946557
    outer loop
      vertex 1.5411810 0.7167744 -0.2494934
      vertex 1.5336498 0.9376786 -0.3601279
      vertex 1.6018226 0.9279502 -0.3932275
    endloop
  endfacet
  facet normal -0.4425484 -0.4142481 -0.7953298
    outer loop
      vertex 1.5411810 0.7167744 -0.2494934
      vertex 1.6018226 0.9279502 -0.3932275
      vertex 1.6096943 0.7005581 -0.2791702
    endloop
  endfacet
  facet normal -0.7269441 -0.3143694 -0.6105114
    outer loop
      vertex 1.6018226 0.9279502 -0.3932275
      vertex 1.5731790 1.1788123 -0.4882971
      vertex 1.6243015 1.1693168 -0.5442799
    endloop
  endfacet
  facet normal -0.7253895 -0.3153530 -0.6118517
    outer loop
      vertex 1.6018226 0.9279502 -0.3932275
      vertex 1.6243015 1.1693168 -0.5442799
      vertex 1.6542050 0.9087269 -0.4454223
    endloop
  endfacet
  facet normal -0.9153842 -0.2303070 -0.3301976
    outer loop
      vertex 1.6542050 0.9087269 -0.4454223
      vertex 1.6243015 1.1693168 -0.5442799
      vertex 1.6533453 1.1521735 -0.6128388
    endloop
  endfacet
  facet normal -0.9144621 -0.2314891 -0.3319214
    outer loop
      vertex 1.6542050 0.9087269 -0.4454223
      vertex 1.6533453 1.1521735 -0.6128388
      vertex 1.6844789 0.8823271 -0.5104169
    endloop
  endfacet
  facet normal -0.9929081 -0.1184425 -0.0102368
    outer loop
      vertex 1.6844789 0.8823271 -0.5104169
      vertex 1.6533453 1.1521735 -0.6128388
      vertex 1.6568072 1.1294501 -0.6857045
    endloop
  endfacet
  facet normal -0.9927358 -0.1197094 -0.0120501
    outer loop
      vertex 1.6844789 0.8823271 -0.5104169
      vertex 1.6568072 1.1294501 -0.6857045
      vertex 1.6889928 0.8519352 -0.5803719
    endloop
  endfacet
  facet normal -0.9505613 0.0075867 0.3104442
    outer loop
      vertex 1.6889928 0.8519352 -0.5803719
      vertex 1.6568072 1.1294501 -0.6857045
      vertex 1.6342696 1.1038873 -0.7540884
    endloop
  endfacet
  facet normal -0.9510989 0.0063510 0.3088213
    outer loop
      vertex 1.6889928 0.8519352 -0.5803719
      vertex 1.6342696 1.1038873 -0.7540884
      vertex 1.6672024 0.8212167 -0.6468498
    endloop
  endfacet
  facet normal -0.7939634 0.1325942 0.5933303
    outer loop
      vertex 1.6672024 0.8212167 -0.6468498
      vertex 1.6342696 1.1038873 -0.7540884
      vertex 1.5884510 1.0785685 -0.8097424
    endloop
  endfacet
  facet normal -0.7950722 0.1314724 0.5920940
    outer loop
      vertex 1.6672024 0.8212167 -0.6468498
      vertex 1.5884510 1.0785685 -0.8097424
      vertex 1.6217358 0.7938769 -0.7018323
    endloop
  endfacet
  facet normal -0.5421237 0.2416693 0.8047968
    outer loop
      vertex 1.6217358 0.7938769 -0.7018323
      vertex 1.5884510 1.0785685 -0.8097424
      vertex 1.5248777 1.0565474 -0.8459537
    endloop
  endfacet
  facet normal -0.5436446 0.2407040 0.8040598
    outer loop
      vertex 1.6217358 0.7938769 -0.7018323
      vertex 1.5248777 1.0565474 -0.8459537
      vertex 1.5580769 0.7732133 -0.7386877
    endloop
  endfacet
  facet normal -0.2250275 0.3218077 0.9196752
    outer loop
      vertex 1.5580769 0.7732133 -0.7386877
      vertex 1.5248777 1.0565474 -0.8459537
      vertex 1.4512176 1.0404801 -0.8583548
    endloop
  endfacet
  facet normal -0.2268156 0.3210195 0.9195114
    outer loop
      vertex 1.5580769 0.7732133 -0.7386877
      vertex 1.4512176 1.0404801 -0.8583548
      vertex 1.4839041 0.7617182 -0.7529708
    endloop
  endfacet
  facet normal 0.1195963 0.3633189 0.9239568
    outer loop
      vertex 1.4839041 0.7617182 -0.7529708
      vertex 1.4512176 1.0404801 -0.8583548
      vertex 1.3763552 1.0323046 -0.8454499
    endloop
  endfacet
  facet normal 0.1176981 0.3627272 0.9244329
    outer loop
      vertex 1.4839041 0.7617182 -0.7529708
      vertex 1.3763552 1.0323046 -0.8454499
      vertex 1.4081636 0.7607781 -0.7429587
    endloop
  endfacet
  facet normal 0.4503136 0.3610026 0.8166363
    outer loop
      vertex 1.4081636 0.7607781 -0.7429587
      vertex 1.3763552 1.0323046 -0.8454499
      vertex 1.3093200 1.0330069 -0.8087955
    endloop
  endfacet
  facet normal 0.4485190 0.3606295 0.8177879
    outer loop
      vertex 1.4081636 0.7607781 -0.7429587
      vertex 1.3093200 1.0330069 -0.8087955
      vertex 1.3399908 0.7705065 -0.7098591
    endloop
  endfacet
  facet normal 0.7268476 0.3149564 0.6103237
    outer loop
      vertex 1.3399908 0.7705065 -0.7098591
      vertex 1.3093200 1.0330069 -0.8087955
      vertex 1.2581975 1.0425024 -0.7528127
    endloop
  endfacet
  facet normal 0.7254260 0.3148077 0.6120892
    outer loop
      vertex 1.3399908 0.7705065 -0.7098591
      vertex 1.2581975 1.0425024 -0.7528127
      vertex 1.2876084 0.7897298 -0.6576643
    endloop
  endfacet
  facet normal 0.9153231 0.2307427 0.3300628
    outer loop
      vertex 1.2876084 0.7897298 -0.6576643
      vertex 1.2581975 1.0425024 -0.7528127
      vertex 1.2291537 1.0596457 -0.6842538
    endloop
  endfacet
  facet normal 0.9145256 0.2307842 0.3322373
    outer loop
      vertex 1.2876084 0.7897298 -0.6576643
      vertex 1.2291537 1.0596457 -0.6842538
      vertex 1.2573344 0.8161296 -0.5926697
    endloop
  endfacet
  facet normal 0.9928762 0.1187172 0.0101497
    outer loop
      vertex 1.2573344 0.8161296 -0.5926697
      vertex 1.2291537 1.0596457 -0.6842538
      vertex 1.2256918 1.0823692 -0.6113881
    endloop
  endfacet
  facet normal 0.9928320 0.1188715 0.0124203
    outer loop
      vertex 1.2573344 0.8161296 -0.5926697
      vertex 1.2256918 1.0823692 -0.6113881
      vertex 1.2528205 0.8465216 -0.5227146
    endloop
  endfacet
  facet normal 0.9505427 -0.0074058 -0.3105057
    outer loop
      vertex 1.2528205 0.8465216 -0.5227146
      vertex 1.2256918 1.0823692 -0.6113881
      vertex 1.2482294 1.1079319 -0.5430042
    endloop
  endfacet
  facet normal 0.9512129 -0.0072345 -0.3084504
    outer loop
      vertex 1.2528205 0.8465216 -0.5227146
      vertex 1.2482294 1.1079319 -0.5430042
      vertex 1.2746109 0.8772400 -0.4562368
    endloop
  endfacet
  facet normal 0.7939422 -0.1323957 -0.5934031
    outer loop
      vertex 1.2746109 0.8772400 -0.4562368
      vertex 1.2482294 1.1079319 -0.5430042
      vertex 1.2940480 1.1332508 -0.4873502
    endloop
  endfacet
  facet normal 0.7951757 -0.1322911 -0.5917725
    outer loop
      vertex 1.2746109 0.8772400 -0.4562368
      vertex 1.2940480 1.1332508 -0.4873502
      vertex 1.3200775 0.9045798 -0.4012543
    endloop
  endfacet
  facet normal 0.5420834 -0.2413516 -0.8049193
    outer loop
      vertex 1.3200775 0.9045798 -0.4012543
      vertex 1.2940480 1.1332508 -0.4873502
      vertex 1.3576213 1.1552719 -0.4511389
    endloop
  endfacet
  facet normal 0.5437175 -0.2413754 -0.8038092
    outer loop
      vertex 1.3200775 0.9045798 -0.4012543
      vertex 1.3576213 1.1552719 -0.4511389
      vertex 1.3837364 0.9252434 -0.3643988
    endloop
  endfacet
  facet normal 0.2249539 -0.3213261 -0.9198616
    outer loop
      vertex 1.3837364 0.9252434 -0.3643988
      vertex 1.3576213 1.1552719 -0.4511389
      vertex 1.4312814 1.1713391 -0.4387378
    endloop
  endfacet
  facet normal 0.2268585 -0.3215311 -0.9193220
    outer loop
      vertex 1.3837364 0.9252434 -0.3643988
      vertex 1.4312814 1.1713391 -0.4387378
      vertex 1.4579092 0.9367385 -0.3501158
    endloop
  endfacet
  facet normal -0.1197027 -0.3627037 -0.9241847
    outer loop
      vertex 1.4579092 0.9367385 -0.3501158
      vertex 1.4312814 1.1713391 -0.4387378
      vertex 1.5061438 1.1795147 -0.4516427
    endloop
  endfacet
  facet normal -0.1176717 -0.3631440 -0.9242726
    outer loop
      vertex 1.4579092 0.9367385 -0.3501158
      vertex 1.5061438 1.1795147 -0.4516427
      vertex 1.5336498 0.9376786 -0.3601279
    endloop
  endfacet
  facet normal -0.4504302 -0.3603454 -0.8168622
    outer loop
      vertex 1.5336498 0.9376786 -0.3601279
      vertex 1.5061438 1.1795147 -0.4516427
      vertex 1.5731790 1.1788123 -0.4882971
    endloop
  endfacet
  facet normal -0.4484946 -0.3610607 -0.8176110
    outer loop
      vertex 1.5336498 0.9376786 -0.3601279
      vertex 1.5731790 1.1788123 -0.4882971
      vertex 1.6018226 0.9279502 -0.3932275
    endloop
  endfacet
  facet normal -0.7261777 -0.3221978 -0.6073340
    outer loop
      vertex 1.5731790 1.1788123 -0.4882971
      vertex 1.5122556 1.4514369 -0.5600827
      vertex 1.5608333 1.4530733 -0.6190343
    endloop
  endfacet
  facet normal -0.7255901 -0.3224437 -0.6079054
    outer loop
      vertex 1.5731790 1.1788123 -0.4882971
      vertex 1.5608333 1.4530733 -0.6190343
      vertex 1.6243015 1.1693168 -0.5442799
    endloop
  endfacet
  facet normal -0.9064107 -0.2848953 -0.3118563
    outer loop
      vertex 1.6243015 1.1693168 -0.5442799
      vertex 1.5608333 1.4530733 -0.6190343
      vertex 1.5875907 1.4458867 -0.6902393
    endloop
  endfacet
  facet normal -0.9060811 -0.2852064 -0.3125288
    outer loop
      vertex 1.6243015 1.1693168 -0.5442799
      vertex 1.5875907 1.4458867 -0.6902393
      vertex 1.6533453 1.1521735 -0.6128388
    endloop
  endfacet
  facet normal -0.9767886 -0.2131922 0.0208138
    outer loop
      vertex 1.6533453 1.1521735 -0.6128388
      vertex 1.5875907 1.4458867 -0.6902393
      vertex 1.5893003 1.4307440 -0.7651094
    endloop
  endfacet
  facet normal -0.9767295 -0.2135233 0.0201831
    outer loop
      vertex 1.6533453 1.1521735 -0.6128388
      vertex 1.5893003 1.4307440 -0.7651094
      vertex 1.6568072 1.1294501 -0.6857045
    endloop
  endfacet
  facet normal -0.9294305 -0.1159204 0.3503162
    outer loop
      vertex 1.6568072 1.1294501 -0.6857045
      vertex 1.5893003 1.4307440 -0.7651094
      vertex 1.5657561 1.4094717 -0.8346141
    endloop
  endfacet
  facet normal -0.9295798 -0.1162353 0.3498154
    outer loop
      vertex 1.6568072 1.1294501 -0.6857045
      vertex 1.5657561 1.4094717 -0.8346141
      vertex 1.6342696 1.1038873 -0.7540884
    endloop
  endfacet
  facet normal -0.7705828 -0.0048255 0.6373216
    outer loop
      vertex 1.6342696 1.1038873 -0.7540884
      vertex 1.5657561 1.4094717 -0.8346141
      vertex 1.5197977 1.3846354 -0.8903702
    endloop
  endfacet
  facet normal -0.7708727 -0.0051150 0.6369687
    outer loop
      vertex 1.6342696 1.1038873 -0.7540884
      vertex 1.5197977 1.3846354 -0.8903702
      vertex 1.5884510 1.0785685 -0.8097424
    endloop
  endfacet
  facet normal -0.5193358 0.1068628 0.8478624
    outer loop
      vertex 1.5884510 1.0785685 -0.8097424
      vertex 1.5197977 1.3846354 -0.8903702
      vertex 1.4569685 1.3592309 -0.9256527
    endloop
  endfacet
  facet normal -0.5197407 0.1065851 0.8476492
    outer loop
      vertex 1.5884510 1.0785685 -0.8097424
      vertex 1.4569685 1.3592309 -0.9256527
      vertex 1.5248777 1.0565474 -0.8459537
    endloop
  endfacet
  facet normal -0.2053872 0.2058495 0.9567874
    outer loop
      vertex 1.5248777 1.0565474 -0.8459537
      vertex 1.4569685 1.3592309 -0.9256527
      vertex 1.3848465 1.3363222 -0.9362059
    endloop
  endfacet
  facet normal -0.2059120 0.2055698 0.9567347
    outer loop
      vertex 1.5248777 1.0565474 -0.8459537
      vertex 1.3848465 1.3363222 -0.9362059
      vertex 1.4512176 1.0404801 -0.8583548
    endloop
  endfacet
  facet normal 0.1339431 0.2801887 0.9505543
    outer loop
      vertex 1.4512176 1.0404801 -0.8583548
      vertex 1.3848465 1.3363222 -0.9362059
      vertex 1.3121308 1.3186725 -0.9207570
    endloop
  endfacet
  facet normal 0.1333187 0.2799143 0.9507229
    outer loop
      vertex 1.4512176 1.0404801 -0.8583548
      vertex 1.3121308 1.3186725 -0.9207570
      vertex 1.3763552 1.0323046 -0.8454499
    endloop
  endfacet
  facet normal 0.4576693 0.3207168 0.8292644
    outer loop
      vertex 1.3763552 1.0323046 -0.8454499
      vertex 1.3121308 1.3186725 -0.9207570
      vertex 1.2475919 1.3084106 -0.8811693
    endloop
  endfacet
  facet normal 0.4570355 0.3204784 0.8297061
    outer loop
      vertex 1.3763552 1.0323046 -0.8454499
      vertex 1.2475919 1.3084106 -0.8811693
      vertex 1.3093200 1.0330069 -0.8087955
    endloop
  endfacet
  facet normal 0.7261361 0.3223482 0.6073039
    outer loop
      vertex 1.3093200 1.0330069 -0.8087955
      vertex 1.2475919 1.3084106 -0.8811693
      vertex 1.1990142 1.3067743 -0.8222178
    endloop
  endfacet
  facet normal 0.7256352 0.3221801 0.6079913
    outer loop
      vertex 1.3093200 1.0330069 -0.8087955
      vertex 1.1990142 1.3067743 -0.8222178
      vertex 1.2581975 1.0425024 -0.7528127
    endloop
  endfacet
  facet normal 0.9064116 0.2848916 0.3118570
    outer loop
      vertex 1.2581975 1.0425024 -0.7528127
      vertex 1.1990142 1.3067743 -0.8222178
      vertex 1.1722569 1.3139608 -0.7510128
    endloop
  endfacet
  facet normal 0.9061607 0.2848068 0.3126624
    outer loop
      vertex 1.2581975 1.0425024 -0.7528127
      vertex 1.1722569 1.3139608 -0.7510128
      vertex 1.2291537 1.0596457 -0.6842538
    endloop
  endfacet
  facet normal 0.9768134 0.2130805 -0.0207906
    outer loop
      vertex 1.2291537 1.0596457 -0.6842538
      vertex 1.1722569 1.3139608 -0.7510128
      vertex 1.1705472 1.3291035 -0.6761427
    endloop
  endfacet
  facet normal 0.9768332 0.2130621 -0.0200343
    outer loop
      vertex 1.2291537 1.0596457 -0.6842538
      vertex 1.1705472 1.3291035 -0.6761427
      vertex 1.2256918 1.0823692 -0.6113881
    endloop
  endfacet
  facet normal 0.9294562 0.1157994 -0.3502879
    outer loop
      vertex 1.2256918 1.0823692 -0.6113881
      vertex 1.1705472 1.3291035 -0.6761427
      vertex 1.1940915 1.3503759 -0.6066380
    endloop
  endfacet
  facet normal 0.9296790 0.1158151 -0.3496911
    outer loop
      vertex 1.2256918 1.0823692 -0.6113881
      vertex 1.1940915 1.3503759 -0.6066380
      vertex 1.2482294 1.1079319 -0.5430042
    endloop
  endfacet
  facet normal 0.7705889 0.0047982 -0.6373145
    outer loop
      vertex 1.2482294 1.1079319 -0.5430042
      vertex 1.1940915 1.3503759 -0.6066380
      vertex 1.2400498 1.3752121 -0.5508819
    endloop
  endfacet
  facet normal 0.7709395 0.0048215 -0.6368901
    outer loop
      vertex 1.2482294 1.1079319 -0.5430042
      vertex 1.2400498 1.3752121 -0.5508819
      vertex 1.2940480 1.1332508 -0.4873502
    endloop
  endfacet
  facet normal 0.5193052 -0.1067393 -0.8478967
    outer loop
      vertex 1.2940480 1.1332508 -0.4873502
      vertex 1.2400498 1.3752121 -0.5508819
      vertex 1.3028791 1.4006167 -0.5155994
    endloop
  endfacet
  facet normal 0.5197692 -0.1067247 -0.8476142
    outer loop
      vertex 1.2940480 1.1332508 -0.4873502
      vertex 1.3028791 1.4006167 -0.5155994
      vertex 1.3576213 1.1552719 -0.4511389
    endloop
  endfacet
  facet normal 0.2053150 -0.2055892 -0.9568588
    outer loop
      vertex 1.3576213 1.1552719 -0.4511389
      vertex 1.3028791 1.4006167 -0.5155994
      vertex 1.3750010 1.4235254 -0.5050462
    endloop
  endfacet
  facet normal 0.2059176 -0.2056017 -0.9567266
    outer loop
      vertex 1.3576213 1.1552719 -0.4511389
      vertex 1.3750010 1.4235254 -0.5050462
      vertex 1.4312814 1.1713391 -0.4387378
    endloop
  endfacet
  facet normal -0.1340382 -0.2798680 -0.9506354
    outer loop
      vertex 1.4312814 1.1713391 -0.4387378
      vertex 1.3750010 1.4235254 -0.5050462
      vertex 1.4477167 1.4411751 -0.5204951
    endloop
  endfacet
  facet normal -0.1333152 -0.2799367 -0.9507168
    outer loop
      vertex 1.4312814 1.1713391 -0.4387378
      vertex 1.4477167 1.4411751 -0.5204951
      vertex 1.5061438 1.1795147 -0.4516427
    endloop
  endfacet
  facet normal -0.4577515 -0.3204390 -0.8293265
    outer loop
      vertex 1.5061438 1.1795147 -0.4516427
      vertex 1.4477167 1.4411751 -0.5204951
      vertex 1.5122556 1.4514369 -0.5600827
    endloop
  endfacet
  facet normal -0.4570178 -0.3205931 -0.8296715
    outer loop
      vertex 1.5061438 1.1795147 -0.4516427
      vertex 1.5122556 1.4514369 -0.5600827
      vertex 1.5731790 1.1788123 -0.4882971
    endloop
  endfacet
  facet normal -0.7165032 -0.3531861 -0.6015670
    outer loop
      vertex 1.5122556 1.4514369 -0.5600827
      vertex 1.4080835 1.7388795 -0.6047678
      vertex 1.4525171 1.7521607 -0.6654885
    endloop
  endfacet
  facet normal -0.7172093 -0.3530576 -0.6008004
    outer loop
      vertex 1.5122556 1.4514369 -0.5600827
      vertex 1.4525171 1.7521607 -0.6654885
      vertex 1.5608333 1.4530733 -0.6190343
    endloop
  endfacet
  facet normal -0.8824954 -0.3655622 -0.2959157
    outer loop
      vertex 1.5608333 1.4530733 -0.6190343
      vertex 1.4525171 1.7521607 -0.6654885
      vertex 1.4757902 1.7548471 -0.7382134
    endloop
  endfacet
  facet normal -0.8829389 -0.3652946 -0.2949215
    outer loop
      vertex 1.5608333 1.4530733 -0.6190343
      vertex 1.4757902 1.7548471 -0.7382134
      vertex 1.5875907 1.4458867 -0.6902393
    endloop
  endfacet
  facet normal -0.9415901 -0.3337698 0.0447855
    outer loop
      vertex 1.5875907 1.4458867 -0.6902393
      vertex 1.4757902 1.7548471 -0.7382134
      vertex 1.4750957 1.7466145 -0.8141706
    endloop
  endfacet
  facet normal -0.9416878 -0.3333406 0.0459156
    outer loop
      vertex 1.5875907 1.4458867 -0.6902393
      vertex 1.4750957 1.7466145 -0.8141706
      vertex 1.5893003 1.4307440 -0.7651094
    endloop
  endfacet
  facet normal -0.8873969 -0.2619183 0.3793751
    outer loop
      vertex 1.5893003 1.4307440 -0.7651094
      vertex 1.4750957 1.7466145 -0.8141706
      vertex 1.4505172 1.7284560 -0.8841986
    endloop
  endfacet
  facet normal -0.8870954 -0.2613355 0.3804806
    outer loop
      vertex 1.5893003 1.4307440 -0.7651094
      vertex 1.4505172 1.7284560 -0.8841986
      vertex 1.5657561 1.4094717 -0.8346141
    endloop
  endfacet
  facet normal -0.7269066 -0.1587498 0.6681357
    outer loop
      vertex 1.5657561 1.4094717 -0.8346141
      vertex 1.4505172 1.7284560 -0.8841986
      vertex 1.4050194 1.7025618 -0.9398510
    endloop
  endfacet
  facet normal -0.7262365 -0.1580625 0.6690267
    outer loop
      vertex 1.5657561 1.4094717 -0.8346141
      vertex 1.4050194 1.7025618 -0.9398510
      vertex 1.5197977 1.3846354 -0.8903702
    endloop
  endfacet
  facet normal -0.4791958 -0.0365153 0.8769481
    outer loop
      vertex 1.5197977 1.3846354 -0.8903702
      vertex 1.4050194 1.7025618 -0.9398510
      vertex 1.3440899 1.6720551 -0.9744153
    endloop
  endfacet
  facet normal -0.4782809 -0.0358014 0.8774769
    outer loop
      vertex 1.5197977 1.3846354 -0.8903702
      vertex 1.3440899 1.6720551 -0.9744153
      vertex 1.4569685 1.3592309 -0.9256527
    endloop
  endfacet
  facet normal -0.1733999 0.0903017 0.9807028
    outer loop
      vertex 1.4569685 1.3592309 -0.9256527
      vertex 1.3440899 1.6720551 -0.9744153
      vertex 1.2750778 1.6406154 -0.9837226
    endloop
  endfacet
  facet normal -0.1724112 0.0909641 0.9808159
    outer loop
      vertex 1.4569685 1.3592309 -0.9256527
      vertex 1.2750778 1.6406154 -0.9837226
      vertex 1.3848465 1.3363222 -0.9362059
    endloop
  endfacet
  facet normal 0.1540682 0.2064615 0.9662487
    outer loop
      vertex 1.3848465 1.3363222 -0.9362059
      vertex 1.2750778 1.6406154 -0.9837226
      vertex 1.2063069 1.6120348 -0.9666502
    endloop
  endfacet
  facet normal 0.1549800 0.2070226 0.9659828
    outer loop
      vertex 1.3848465 1.3363222 -0.9362059
      vertex 1.2063069 1.6120348 -0.9666502
      vertex 1.3121308 1.3186725 -0.9207570
    endloop
  endfacet
  facet normal 0.4634369 0.2977401 0.8346119
    outer loop
      vertex 1.3121308 1.3186725 -0.9207570
      vertex 1.2063069 1.6120348 -0.9666502
      vertex 1.1460720 1.5897606 -0.9252573
    endloop
  endfacet
  facet normal 0.4641806 0.2981861 0.8340392
    outer loop
      vertex 1.3121308 1.3186725 -0.9207570
      vertex 1.1460720 1.5897606 -0.9252573
      vertex 1.2475919 1.3084106 -0.8811693
    endloop
  endfacet
  facet normal 0.7166408 0.3528575 0.6015958
    outer loop
      vertex 1.2475919 1.3084106 -0.8811693
      vertex 1.1460720 1.5897606 -0.9252573
      vertex 1.1016383 1.5764794 -0.8645365
    endloop
  endfacet
  facet normal 0.7171672 0.3531955 0.6007696
    outer loop
      vertex 1.2475919 1.3084106 -0.8811693
      vertex 1.1016383 1.5764794 -0.8645365
      vertex 1.1990142 1.3067743 -0.8222178
    endloop
  endfacet
  facet normal 0.8826656 0.3651202 0.2959539
    outer loop
      vertex 1.1990142 1.3067743 -0.8222178
      vertex 1.1016383 1.5764794 -0.8645365
      vertex 1.0783652 1.5737931 -0.7918117
    endloop
  endfacet
  facet normal 0.8829190 0.3653537 0.2949081
    outer loop
      vertex 1.1990142 1.3067743 -0.8222178
      vertex 1.0783652 1.5737931 -0.7918117
      vertex 1.1722569 1.3139608 -0.7510128
    endloop
  endfacet
  facet normal 0.9417636 0.3332868 -0.0447347
    outer loop
      vertex 1.1722569 1.3139608 -0.7510128
      vertex 1.0783652 1.5737931 -0.7918117
      vertex 1.0790598 1.5820257 -0.7158545
    endloop
  endfacet
  facet normal 0.9416630 0.3334086 -0.0459299
    outer loop
      vertex 1.1722569 1.3139608 -0.7510128
      vertex 1.0790598 1.5820257 -0.7158545
      vertex 1.1705472 1.3291035 -0.6761427
    endloop
  endfacet
  facet normal 0.8875485 0.2614886 -0.3793169
    outer loop
      vertex 1.1705472 1.3291035 -0.6761427
      vertex 1.0790598 1.5820257 -0.7158545
      vertex 1.1036382 1.6001841 -0.6458264
    endloop
  endfacet
  facet normal 0.8870359 0.2614954 -0.3805094
    outer loop
      vertex 1.1705472 1.3291035 -0.6761427
      vertex 1.1036382 1.6001841 -0.6458264
      vertex 1.1940915 1.3503759 -0.6066380
    endloop
  endfacet
  facet normal 0.7270201 0.1584419 -0.6680853
    outer loop
      vertex 1.1940915 1.3503759 -0.6066380
      vertex 1.1036382 1.6001841 -0.6458264
      vertex 1.1491360 1.6260784 -0.5901740
    endloop
  endfacet
  facet normal 0.7261318 0.1583559 -0.6690711
    outer loop
      vertex 1.1940915 1.3503759 -0.6066380
      vertex 1.1491360 1.6260784 -0.5901740
      vertex 1.2400498 1.3752121 -0.5508819
    endloop
  endfacet
  facet normal 0.4792667 0.0363381 -0.8769167
    outer loop
      vertex 1.2400498 1.3752121 -0.5508819
      vertex 1.1491360 1.6260784 -0.5901740
      vertex 1.2100655 1.6565851 -0.5556097
    endloop
  endfacet
  facet normal 0.4781477 0.0362085 -0.8775328
    outer loop
      vertex 1.2400498 1.3752121 -0.5508819
      vertex 1.2100655 1.6565851 -0.5556097
      vertex 1.3028791 1.4006167 -0.5155994
    endloop
  endfacet
  facet normal 0.1734428 -0.0904006 -0.9806862
    outer loop
      vertex 1.3028791 1.4006167 -0.5155994
      vertex 1.2100655 1.6565851 -0.5556097
      vertex 1.2790776 1.6880248 -0.5463025
    endloop
  endfacet
  facet normal 0.1722789 -0.0905178 -0.9808805
    outer loop
      vertex 1.3028791 1.4006167 -0.5155994
      vertex 1.2790776 1.6880248 -0.5463025
      vertex 1.3750010 1.4235254 -0.5050462
    endloop
  endfacet
  facet normal -0.1540199 -0.2065687 -0.9662335
    outer loop
      vertex 1.3750010 1.4235254 -0.5050462
      vertex 1.2790776 1.6880248 -0.5463025
      vertex 1.3478486 1.7166054 -0.5633749
    endloop
  endfacet
  facet normal -0.1550891 -0.2066311 -0.9660492
    outer loop
      vertex 1.3750010 1.4235254 -0.5050462
      vertex 1.3478486 1.7166054 -0.5633749
      vertex 1.4477167 1.4411751 -0.5204951
    endloop
  endfacet
  facet normal -0.4633492 -0.2979371 -0.8345903
    outer loop
      vertex 1.4477167 1.4411751 -0.5204951
      vertex 1.3478486 1.7166054 -0.5633749
      vertex 1.4080835 1.7388795 -0.6047678
    endloop
  endfacet
  facet normal -0.4642564 -0.2979171 -0.8340931
    outer loop
      vertex 1.4477167 1.4411751 -0.5204951
      vertex 1.4080835 1.7388795 -0.6047678
      vertex 1.5122556 1.4514369 -0.5600827
    endloop
  endfacet
  facet normal -0.6926157 -0.4025624 -0.5985207
    outer loop
      vertex 1.4080835 1.7388795 -0.6047678
      vertex 1.2520088 2.0295504 -0.6196602
      vertex 1.2905872 2.0541518 -0.6808504
    endloop
  endfacet
  facet normal -0.6944662 -0.4027097 -0.5962731
    outer loop
      vertex 1.4080835 1.7388795 -0.6047678
      vertex 1.2905872 2.0541518 -0.6808504
      vertex 1.4525171 1.7521607 -0.6654885
    endloop
  endfacet
  facet normal -0.8376912 -0.4638425 -0.2883116
    outer loop
      vertex 1.4525171 1.7521607 -0.6654885
      vertex 1.2905872 2.0541518 -0.6808504
      vertex 1.3091933 2.0660169 -0.7539994
    endloop
  endfacet
  facet normal -0.8387901 -0.4635653 -0.2855494
    outer loop
      vertex 1.4525171 1.7521607 -0.6654885
      vertex 1.3091933 2.0660169 -0.7539994
      vertex 1.4757902 1.7548471 -0.7382134
    endloop
  endfacet
  facet normal -0.8813990 -0.4690570 0.0558697
    outer loop
      vertex 1.4757902 1.7548471 -0.7382134
      vertex 1.3091933 2.0660169 -0.7539994
      vertex 1.3055830 2.0637146 -0.8302846
    endloop
  endfacet
  facet normal -0.8816120 -0.4682957 0.0588175
    outer loop
      vertex 1.4757902 1.7548471 -0.7382134
      vertex 1.3055830 2.0637146 -0.8302846
      vertex 1.4750957 1.7466145 -0.8141706
    endloop
  endfacet
  facet normal -0.8192321 -0.4179867 0.3926141
    outer loop
      vertex 1.4750957 1.7466145 -0.8141706
      vertex 1.3055830 2.0637146 -0.8302846
      vertex 1.2801918 2.0475226 -0.9005046
    endloop
  endfacet
  facet normal -0.8185415 -0.4167524 0.3953572
    outer loop
      vertex 1.4750957 1.7466145 -0.8141706
      vertex 1.2801918 2.0475226 -0.9005046
      vertex 1.4505172 1.7284560 -0.8841986
    endloop
  endfacet
  facet normal -0.6590035 -0.3169327 0.6821056
    outer loop
      vertex 1.4505172 1.7284560 -0.8841986
      vertex 1.2801918 2.0475226 -0.9005046
      vertex 1.2360820 2.0193939 -0.9561900
    endloop
  endfacet
  facet normal -0.6575349 -0.3153149 0.6842693
    outer loop
      vertex 1.4505172 1.7284560 -0.8841986
      vertex 1.2360820 2.0193939 -0.9561900
      vertex 1.4050194 1.7025618 -0.9398510
    endloop
  endfacet
  facet normal -0.4195882 -0.1778239 0.8901261
    outer loop
      vertex 1.4050194 1.7025618 -0.9398510
      vertex 1.2360820 2.0193939 -0.9561900
      vertex 1.1785742 1.9827213 -0.9906243
    endloop
  endfacet
  facet normal -0.4175890 -0.1759711 0.8914334
    outer loop
      vertex 1.4050194 1.7025618 -0.9398510
      vertex 1.1785742 1.9827213 -0.9906243
      vertex 1.3440899 1.6720551 -0.9744153
    endloop
  endfacet
  facet normal -0.1290882 -0.0170443 0.9914866
    outer loop
      vertex 1.3440899 1.6720551 -0.9744153
      vertex 1.1785742 1.9827213 -0.9906243
      vertex 1.1146045 1.9419280 -0.9996542
    endloop
  endfacet
  facet normal -0.1268676 -0.0151263 0.9918043
    outer loop
      vertex 1.3440899 1.6720551 -0.9744153
      vertex 1.1146045 1.9419280 -0.9996542
      vertex 1.2750778 1.6406154 -0.9837226
    endloop
  endfacet
  facet normal 0.1777880 0.1461414 0.9731568
    outer loop
      vertex 1.2750778 1.6406154 -0.9837226
      vertex 1.1146045 1.9419280 -0.9996542
      vertex 1.0518887 1.9019342 -0.9821906
    endloop
  endfacet
  facet normal 0.1799252 0.1479707 0.9724873
    outer loop
      vertex 1.2750778 1.6406154 -0.9837226
      vertex 1.0518887 1.9019342 -0.9821906
      vertex 1.2063069 1.6120348 -0.9666502
    endloop
  endfacet
  facet normal 0.4635746 0.2917774 0.8366388
    outer loop
      vertex 1.2063069 1.6120348 -0.9666502
      vertex 1.0518887 1.9019342 -0.9821906
      vertex 0.9979912 1.8675639 -0.9403398
    endloop
  endfacet
  facet normal 0.4653635 0.2933964 0.8350781
    outer loop
      vertex 1.2063069 1.6120348 -0.9666502
      vertex 0.9979912 1.8675639 -0.9403398
      vertex 1.1460720 1.5897606 -0.9252573
    endloop
  endfacet
  facet normal 0.6930139 0.4018995 0.5985053
    outer loop
      vertex 1.1460720 1.5897606 -0.9252573
      vertex 0.9979912 1.8675639 -0.9403398
      vertex 0.9594128 1.8429625 -0.8791496
    endloop
  endfacet
  facet normal 0.6942287 0.4032132 0.5962094
    outer loop
      vertex 1.1460720 1.5897606 -0.9252573
      vertex 0.9594128 1.8429625 -0.8791496
      vertex 1.1016383 1.5764794 -0.8645365
    endloop
  endfacet
  facet normal 0.8380993 0.4631138 0.2882971
    outer loop
      vertex 1.1016383 1.5764794 -0.8645365
      vertex 0.9594128 1.8429625 -0.8791496
      vertex 0.9408067 1.8310975 -0.8060006
    endloop
  endfacet
  facet normal 0.8385469 0.4640421 0.2854892
    outer loop
      vertex 1.1016383 1.5764794 -0.8645365
      vertex 0.9408067 1.8310975 -0.8060006
      vertex 1.0783652 1.5737931 -0.7918117
    endloop
  endfacet
  facet normal 0.8817839 0.4683334 -0.0558661
    outer loop
      vertex 1.0783652 1.5737931 -0.7918117
      vertex 0.9408067 1.8310975 -0.8060006
      vertex 0.9444170 1.8333997 -0.7297154
    endloop
  endfacet
  facet normal 0.8813305 0.4688183 -0.0588716
    outer loop
      vertex 1.0783652 1.5737931 -0.7918117
      vertex 0.9444170 1.8333997 -0.7297154
      vertex 1.0790598 1.5820257 -0.7158545
    endloop
  endfacet
  facet normal 0.8195746 0.4173388 -0.3925886
    outer loop
      vertex 1.0790598 1.5820257 -0.7158545
      vertex 0.9444170 1.8333997 -0.7297154
      vertex 0.9698082 1.8495917 -0.6594954
    endloop
  endfacet
  facet normal 0.8182053 0.4173718 -0.3953998
    outer loop
      vertex 1.0790598 1.5820257 -0.7158545
      vertex 0.9698082 1.8495917 -0.6594954
      vertex 1.1036382 1.6001841 -0.6458264
    endloop
  endfacet
  facet normal 0.6593006 0.3163938 -0.6820687
    outer loop
      vertex 1.1036382 1.6001841 -0.6458264
      vertex 0.9698082 1.8495917 -0.6594954
      vertex 1.0139180 1.8777204 -0.6038100
    endloop
  endfacet
  facet normal 0.6571578 0.3160385 -0.6842977
    outer loop
      vertex 1.1036382 1.6001841 -0.6458264
      vertex 1.0139180 1.8777204 -0.6038100
      vertex 1.1491360 1.6260784 -0.5901740
    endloop
  endfacet
  facet normal 0.4198540 0.1773736 -0.8900906
    outer loop
      vertex 1.1491360 1.6260784 -0.5901740
      vertex 1.0139180 1.8777204 -0.6038100
      vertex 1.0714258 1.9143930 -0.5693757
    endloop
  endfacet
  facet normal 0.4172076 0.1767588 -0.8914562
    outer loop
      vertex 1.1491360 1.6260784 -0.5901740
      vertex 1.0714258 1.9143930 -0.5693757
      vertex 1.2100655 1.6565851 -0.5556097
    endloop
  endfacet
  facet normal 0.1293538 0.0166217 -0.9914592
    outer loop
      vertex 1.2100655 1.6565851 -0.5556097
      vertex 1.0714258 1.9143930 -0.5693757
      vertex 1.1353955 1.9551863 -0.5603458
    endloop
  endfacet
  facet normal 0.1265167 0.0159063 -0.9918369
    outer loop
      vertex 1.2100655 1.6565851 -0.5556097
      vertex 1.1353955 1.9551863 -0.5603458
      vertex 1.2790776 1.6880248 -0.5463025
    endloop
  endfacet
  facet normal -0.1774867 -0.1466071 -0.9731417
    outer loop
      vertex 1.2790776 1.6880248 -0.5463025
      vertex 1.1353955 1.9551863 -0.5603458
      vertex 1.1981113 1.9951801 -0.5778094
    endloop
  endfacet
  facet normal -0.1802296 -0.1472682 -0.9725376
    outer loop
      vertex 1.2790776 1.6880248 -0.5463025
      vertex 1.1981113 1.9951801 -0.5778094
      vertex 1.3478486 1.7166054 -0.5633749
    endloop
  endfacet
  facet normal -0.4632191 -0.2923369 -0.8366404
    outer loop
      vertex 1.3478486 1.7166054 -0.5633749
      vertex 1.1981113 1.9951801 -0.5778094
      vertex 1.2520088 2.0295504 -0.6196602
    endloop
  endfacet
  facet normal -0.4656253 -0.2928039 -0.8351401
    outer loop
      vertex 1.3478486 1.7166054 -0.5633749
      vertex 1.2520088 2.0295504 -0.6196602
      vertex 1.4080835 1.7388795 -0.6047678
    endloop
  endfacet
  facet normal -0.6512565 -0.4621552 -0.6018950
    outer loop
      vertex 1.2520088 2.0295504 -0.6196602
      vertex 1.0391518 2.3085094 -0.6035408
      vertex 1.0702291 2.3434276 -0.6639781
    endloop
  endfacet
  facet normal -0.6537891 -0.4631274 -0.5983919
    outer loop
      vertex 1.2520088 2.0295504 -0.6196602
      vertex 1.0702291 2.3434276 -0.6639781
      vertex 1.2905872 2.0541518 -0.6808504
    endloop
  endfacet
  facet normal -0.7688577 -0.5686266 -0.2924408
    outer loop
      vertex 1.2905872 2.0541518 -0.6808504
      vertex 1.0702291 2.3434276 -0.6639781
      vertex 1.0830987 2.3633761 -0.7366017
    endloop
  endfacet
  facet normal -0.7703046 -0.5688330 -0.2882011
    outer loop
      vertex 1.2905872 2.0541518 -0.6808504
      vertex 1.0830987 2.3633761 -0.7366017
      vertex 1.3091933 2.0660169 -0.7539994
    endloop
  endfacet
  facet normal -0.7935287 -0.6063595 0.0513844
    outer loop
      vertex 1.3091933 2.0660169 -0.7539994
      vertex 1.0830987 2.3633761 -0.7366017
      vertex 1.0762082 2.3659488 -0.8126521
    endloop
  endfacet
  facet normal -0.7937576 -0.6056651 0.0558448
    outer loop
      vertex 1.3091933 2.0660169 -0.7539994
      vertex 1.0762082 2.3659488 -0.8126521
      vertex 1.3055830 2.0637146 -0.8302846
    endloop
  endfacet
  facet normal -0.7229997 -0.5713632 0.3883497
    outer loop
      vertex 1.3055830 2.0637146 -0.8302846
      vertex 1.0762082 2.3659488 -0.8126521
      vertex 1.0503887 2.3508355 -0.8829564
    endloop
  endfacet
  facet normal -0.7220428 -0.5697573 0.3924675
    outer loop
      vertex 1.3055830 2.0637146 -0.8302846
      vertex 1.0503887 2.3508355 -0.8829564
      vertex 1.2801918 2.0475226 -0.9005046
    endloop
  endfacet
  facet normal -0.5659398 -0.4680474 0.6787074
    outer loop
      vertex 1.2801918 2.0475226 -0.9005046
      vertex 1.0503887 2.3508355 -0.8829564
      vertex 1.0087545 2.3198590 -0.9390349
    endloop
  endfacet
  facet normal -0.5639953 -0.4656479 0.6819687
    outer loop
      vertex 1.2801918 2.0475226 -0.9005046
      vertex 1.0087545 2.3198590 -0.9390349
      vertex 1.2360820 2.0193939 -0.9561900
    endloop
  endfacet
  facet normal -0.3407467 -0.3085100 0.8880953
    outer loop
      vertex 1.2360820 2.0193939 -0.9561900
      vertex 1.0087545 2.3198590 -0.9390349
      vertex 0.9563272 2.2767555 -0.9741238
    endloop
  endfacet
  facet normal -0.3381407 -0.3055364 0.8901170
    outer loop
      vertex 1.2360820 2.0193939 -0.9561900
      vertex 0.9563272 2.2767555 -0.9741238
      vertex 1.1785742 1.9827213 -0.9906243
    endloop
  endfacet
  facet normal -0.0738643 -0.1114445 0.9910218
    outer loop
      vertex 1.1785742 1.9827213 -0.9906243
      vertex 0.9563272 2.2767555 -0.9741238
      vertex 0.8994304 2.2267240 -0.9839908
    endloop
  endfacet
  facet normal -0.0709909 -0.1081729 0.9915941
    outer loop
      vertex 1.1785742 1.9827213 -0.9906243
      vertex 0.8994304 2.2267240 -0.9839908
      vertex 1.1146045 1.9419280 -0.9996542
    endloop
  endfacet
  facet normal 0.2026912 0.0995626 0.9741681
    outer loop
      vertex 1.1146045 1.9419280 -0.9996542
      vertex 0.8994304 2.2267240 -0.9839908
      vertex 0.8449267 2.1757990 -0.9674457
    endloop
  endfacet
  facet normal 0.2054265 0.1028427 0.9732540
    outer loop
      vertex 1.1146045 1.9419280 -0.9996542
      vertex 0.8449267 2.1757990 -0.9674457
      vertex 1.0518887 1.9019342 -0.9821906
    endloop
  endfacet
  facet normal 0.4550090 0.2986880 0.8388995
    outer loop
      vertex 1.0518887 1.9019342 -0.9821906
      vertex 0.8449267 2.1757990 -0.9674457
      vertex 0.7993899 2.1301228 -0.9264843
    endloop
  endfacet
  facet normal 0.4572266 0.3017001 0.8366127
    outer loop
      vertex 1.0518887 1.9019342 -0.9821906
      vertex 0.7993899 2.1301228 -0.9264843
      vertex 0.9979912 1.8675639 -0.9403398
    endloop
  endfacet
  facet normal 0.6519239 0.4613628 0.6017803
    outer loop
      vertex 0.9979912 1.8675639 -0.9403398
      vertex 0.7993899 2.1301228 -0.9264843
      vertex 0.7683126 2.0952047 -0.8660469
    endloop
  endfacet
  facet normal 0.6532918 0.4638555 0.5983711
    outer loop
      vertex 0.9979912 1.8675639 -0.9403398
      vertex 0.7683126 2.0952047 -0.8660469
      vertex 0.9594128 1.8429625 -0.8791496
    endloop
  endfacet
  facet normal 0.7695101 0.5678007 0.2923295
    outer loop
      vertex 0.9594128 1.8429625 -0.8791496
      vertex 0.7683126 2.0952047 -0.8660469
      vertex 0.7554430 2.0752562 -0.7934233
    endloop
  endfacet
  facet normal 0.7697728 0.5695612 0.2881839
    outer loop
      vertex 0.9594128 1.8429625 -0.8791496
      vertex 0.7554430 2.0752562 -0.7934233
      vertex 0.9408067 1.8310975 -0.8060006
    endloop
  endfacet
  facet normal 0.7941375 0.6055550 -0.0514668
    outer loop
      vertex 0.9408067 1.8310975 -0.8060006
      vertex 0.7554430 2.0752562 -0.7934233
      vertex 0.7623335 2.0726834 -0.7173730
    endloop
  endfacet
  facet normal 0.7931652 0.6064411 -0.0558401
    outer loop
      vertex 0.9408067 1.8310975 -0.8060006
      vertex 0.7623335 2.0726834 -0.7173730
      vertex 0.9444170 1.8333997 -0.7297154
    endloop
  endfacet
  facet normal 0.7235569 0.5706261 -0.3883958
    outer loop
      vertex 0.9444170 1.8333997 -0.7297154
      vertex 0.7623335 2.0726834 -0.7173730
      vertex 0.7881530 2.0877967 -0.6470686
    endloop
  endfacet
  facet normal 0.7213929 0.5706069 -0.3924284
    outer loop
      vertex 0.9444170 1.8333997 -0.7297154
      vertex 0.7881530 2.0877967 -0.6470686
      vertex 0.9698082 1.8495917 -0.6594954
    endloop
  endfacet
  facet normal 0.5664580 0.4673893 -0.6787286
    outer loop
      vertex 0.9698082 1.8495917 -0.6594954
      vertex 0.7881530 2.0877967 -0.6470686
      vertex 0.8297872 2.1187732 -0.5909901
    endloop
  endfacet
  facet normal 0.5633220 0.4665648 -0.6818985
    outer loop
      vertex 0.9698082 1.8495917 -0.6594954
      vertex 0.8297872 2.1187732 -0.5909901
      vertex 1.0139180 1.8777204 -0.6038100
    endloop
  endfacet
  facet normal 0.3412553 0.3079037 -0.8881104
    outer loop
      vertex 1.0139180 1.8777204 -0.6038100
      vertex 0.8297872 2.1187732 -0.5909901
      vertex 0.8822144 2.1618767 -0.5559012
    endloop
  endfacet
  facet normal 0.3374898 0.3064835 -0.8900385
    outer loop
      vertex 1.0139180 1.8777204 -0.6038100
      vertex 0.8822144 2.1618767 -0.5559012
      vertex 1.0714258 1.9143930 -0.5693757
    endloop
  endfacet
  facet normal 0.0744002 0.1108404 -0.9910494
    outer loop
      vertex 1.0714258 1.9143930 -0.5693757
      vertex 0.8822144 2.1618767 -0.5559012
      vertex 0.9391112 2.2119082 -0.5460343
    endloop
  endfacet
  facet normal 0.0703935 0.1090967 -0.9915355
    outer loop
      vertex 1.0714258 1.9143930 -0.5693757
      vertex 0.9391112 2.2119082 -0.5460343
      vertex 1.1353955 1.9551863 -0.5603458
    endloop
  endfacet
  facet normal -0.2021012 -0.1002122 -0.9742241
    outer loop
      vertex 1.1353955 1.9551863 -0.5603458
      vertex 0.9391112 2.2119082 -0.5460343
      vertex 0.9936150 2.2628332 -0.5625793
    endloop
  endfacet
  facet normal -0.2059661 -0.1019861 -0.9732301
    outer loop
      vertex 1.1353955 1.9551863 -0.5603458
      vertex 0.9936150 2.2628332 -0.5625793
      vertex 1.1981113 1.9951801 -0.5778094
    endloop
  endfacet
  facet normal -0.4543658 -0.2994107 -0.8389904
    outer loop
      vertex 1.1981113 1.9951801 -0.5778094
      vertex 0.9936150 2.2628332 -0.5625793
      vertex 1.0391518 2.3085094 -0.6035408
    endloop
  endfacet
  facet normal -0.4577279 -0.3009217 -0.8366190
    outer loop
      vertex 1.1981113 1.9951801 -0.5778094
      vertex 1.0391518 2.3085094 -0.6035408
      vertex 1.2520088 2.0295504 -0.6196602
    endloop
  endfacet
  facet normal -0.5919795 -0.5228134 -0.6133730
    outer loop
      vertex 1.0391518 2.3085094 -0.6035408
      vertex 0.7693281 2.5591104 -0.5567299
      vertex 0.7914452 2.6028406 -0.6153495
    endloop
  endfacet
  facet normal -0.5946400 -0.5248779 -0.6090209
    outer loop
      vertex 1.0391518 2.3085094 -0.6035408
      vertex 0.7914452 2.6028406 -0.6153495
      vertex 1.0702291 2.3434276 -0.6639781
    endloop
  endfacet
  facet normal -0.6761710 -0.6686861 -0.3092760
    outer loop
      vertex 1.0702291 2.3434276 -0.6639781
      vertex 0.7914452 2.6028406 -0.6153495
      vertex 0.7976597 2.6295418 -0.6866670
    endloop
  endfacet
  facet normal -0.6776101 -0.6696401 -0.3040176
    outer loop
      vertex 1.0702291 2.3434276 -0.6639781
      vertex 0.7976597 2.6295418 -0.6866670
      vertex 1.0830987 2.3633761 -0.7366017
    endloop
  endfacet
  facet normal -0.6787305 -0.7337256 0.0311708
    outer loop
      vertex 1.0830987 2.3633761 -0.7366017
      vertex 0.7976597 2.6295418 -0.6866670
      vertex 0.7872220 2.6359934 -0.7620804
    endloop
  endfacet
  facet normal -0.6788603 -0.7333498 0.0366989
    outer loop
      vertex 1.0830987 2.3633761 -0.7366017
      vertex 0.7872220 2.6359934 -0.7620804
      vertex 1.0762082 2.3659488 -0.8126521
    endloop
  endfacet
  facet normal -0.5999374 -0.7107891 0.3672247
    outer loop
      vertex 1.0762082 2.3659488 -0.8126521
      vertex 0.7872220 2.6359934 -0.7620804
      vertex 0.7613910 2.6214173 -0.8324938
    endloop
  endfacet
  facet normal -0.5988435 -0.7090430 0.3723500
    outer loop
      vertex 1.0762082 2.3659488 -0.8126521
      vertex 0.7613910 2.6214173 -0.8324938
      vertex 1.0503887 2.3508355 -0.8829564
    endloop
  endfacet
  facet normal -0.4493227 -0.6028600 0.6592943
    outer loop
      vertex 1.0503887 2.3508355 -0.8829564
      vertex 0.7613910 2.6214173 -0.8324938
      vertex 0.7232823 2.5875715 -0.8894143
    endloop
  endfacet
  facet normal -0.4472480 -0.5998810 0.6634094
    outer loop
      vertex 1.0503887 2.3508355 -0.8829564
      vertex 0.7232823 2.5875715 -0.8894143
      vertex 1.0087545 2.3198590 -0.9390349
    endloop
  endfacet
  facet normal -0.2444894 -0.4224778 0.8727757
    outer loop
      vertex 1.0087545 2.3198590 -0.9390349
      vertex 0.7232823 2.5875715 -0.8894143
      vertex 0.6774925 2.5385383 -0.9259765
    endloop
  endfacet
  facet normal -0.2417916 -0.4185488 0.8754163
    outer loop
      vertex 1.0087545 2.3198590 -0.9390349
      vertex 0.6774925 2.5385383 -0.9259765
      vertex 0.9563272 2.2767555 -0.9741238
    endloop
  endfacet
  facet normal -0.0095446 -0.1907034 0.9816013
    outer loop
      vertex 0.9563272 2.2767555 -0.9741238
      vertex 0.6774925 2.5385383 -0.9259765
      vertex 0.6295443 2.4802319 -0.9377703
    endloop
  endfacet
  facet normal -0.0066448 -0.1862049 0.9824885
    outer loop
      vertex 0.9563272 2.2767555 -0.9741238
      vertex 0.6295443 2.4802319 -0.9377703
      vertex 0.8994304 2.2267240 -0.9839908
    endloop
  endfacet
  facet normal 0.2272076 0.0647242 0.9716931
    outer loop
      vertex 0.8994304 2.2267240 -0.9839908
      vertex 0.6295443 2.4802319 -0.9377703
      vertex 0.5852211 2.4196849 -0.9233734
    endloop
  endfacet
  facet normal 0.2298719 0.0693600 0.9707462
    outer loop
      vertex 0.8994304 2.2267240 -0.9839908
      vertex 0.5852211 2.4196849 -0.9233734
      vertex 0.8449267 2.1757990 -0.9674457
    endloop
  endfacet
  facet normal 0.4366359 0.3125094 0.8436154
    outer loop
      vertex 0.8449267 2.1757990 -0.9674457
      vertex 0.5852211 2.4196849 -0.9233734
      vertex 0.5498690 2.3642002 -0.8845221
    endloop
  endfacet
  facet normal 0.4386506 0.3168370 0.8409518
    outer loop
      vertex 0.8449267 2.1757990 -0.9674457
      vertex 0.5498690 2.3642002 -0.8845221
      vertex 0.7993899 2.1301228 -0.9264843
    endloop
  endfacet
  facet normal 0.5928682 0.5220663 0.6131509
    outer loop
      vertex 0.7993899 2.1301228 -0.9264843
      vertex 0.5498690 2.3642002 -0.8845221
      vertex 0.5277518 2.3204699 -0.8259026
    endloop
  endfacet
  facet normal 0.5938820 0.5256620 0.6090842
    outer loop
      vertex 0.7993899 2.1301228 -0.9264843
      vertex 0.5277518 2.3204699 -0.8259026
      vertex 0.7683126 2.0952047 -0.8660469
    endloop
  endfacet
  facet normal 0.6770265 0.6679185 0.3090632
    outer loop
      vertex 0.7683126 2.0952047 -0.8660469
      vertex 0.5277518 2.3204699 -0.8259026
      vertex 0.5215373 2.2937688 -0.7545851
    endloop
  endfacet
  facet normal 0.6767989 0.6704271 0.3040901
    outer loop
      vertex 0.7683126 2.0952047 -0.8660469
      vertex 0.5215373 2.2937688 -0.7545851
      vertex 0.7554430 2.0752562 -0.7934233
    endloop
  endfacet
  facet normal 0.6795335 0.7329745 -0.0313462
    outer loop
      vertex 0.7554430 2.0752562 -0.7934233
      vertex 0.5215373 2.2937688 -0.7545851
      vertex 0.5319751 2.2873171 -0.6791717
    endloop
  endfacet
  facet normal 0.6779827 0.7341665 -0.0365918
    outer loop
      vertex 0.7554430 2.0752562 -0.7934233
      vertex 0.5319751 2.2873171 -0.6791717
      vertex 0.7623335 2.0726834 -0.7173730
    endloop
  endfacet
  facet normal 0.6006920 0.7100838 -0.3673556
    outer loop
      vertex 0.7623335 2.0726834 -0.7173730
      vertex 0.5319751 2.2873171 -0.6791717
      vertex 0.5578061 2.3018933 -0.6087583
    endloop
  endfacet
  facet normal 0.5979195 0.7099033 -0.3721956
    outer loop
      vertex 0.7623335 2.0726834 -0.7173730
      vertex 0.5578061 2.3018933 -0.6087583
      vertex 0.7881530 2.0877967 -0.6470686
    endloop
  endfacet
  facet normal 0.4500535 0.6022052 -0.6593942
    outer loop
      vertex 0.7881530 2.0877967 -0.6470686
      vertex 0.5578061 2.3018933 -0.6087583
      vertex 0.5959147 2.3357391 -0.5518377
    endloop
  endfacet
  facet normal 0.4463218 0.6007809 -0.6632188
    outer loop
      vertex 0.7881530 2.0877967 -0.6470686
      vertex 0.5959147 2.3357391 -0.5518377
      vertex 0.8297872 2.1187732 -0.5909901
    endloop
  endfacet
  facet normal 0.2452321 0.4218539 -0.8728691
    outer loop
      vertex 0.8297872 2.1187732 -0.5909901
      vertex 0.5959147 2.3357391 -0.5518377
      vertex 0.6417046 2.3847722 -0.5152756
    endloop
  endfacet
  facet normal 0.2409074 0.4194655 -0.8752213
    outer loop
      vertex 0.8297872 2.1187732 -0.5909901
      vertex 0.6417046 2.3847722 -0.5152756
      vertex 0.8822144 2.1618767 -0.5559012
    endloop
  endfacet
  facet normal 0.0103320 0.1900788 -0.9817145
    outer loop
      vertex 0.8822144 2.1618767 -0.5559012
      vertex 0.6417046 2.3847722 -0.5152756
      vertex 0.6896528 2.4430786 -0.5034817
    endloop
  endfacet
  facet normal 0.0058243 0.1871053 -0.9823226
    outer loop
      vertex 0.8822144 2.1618767 -0.5559012
      vertex 0.6896528 2.4430786 -0.5034817
      vertex 0.9391112 2.2119082 -0.5460343
    endloop
  endfacet
  facet normal -0.2263630 -0.0653789 -0.9718464
    outer loop
      vertex 0.9391112 2.2119082 -0.5460343
      vertex 0.6896528 2.4430786 -0.5034817
      vertex 0.7339759 2.5036256 -0.5178787
    endloop
  endfacet
  facet normal -0.2306369 -0.0685021 -0.9706256
    outer loop
      vertex 0.9391112 2.2119082 -0.5460343
      vertex 0.7339759 2.5036256 -0.5178787
      vertex 0.9936150 2.2628332 -0.5625793
    endloop
  endfacet
  facet normal -0.4357508 -0.3132115 -0.8438127
    outer loop
      vertex 0.9936150 2.2628332 -0.5625793
      vertex 0.7339759 2.5036256 -0.5178787
      vertex 0.7693281 2.5591104 -0.5567299
    endloop
  endfacet
  facet normal -0.4393913 -0.3160255 -0.8408705
    outer loop
      vertex 0.9936150 2.2628332 -0.5625793
      vertex 0.7693281 2.5591104 -0.5567299
      vertex 1.0391518 2.3085094 -0.6035408
    endloop
  endfacet
  facet normal -0.5169801 -0.5762818 -0.6329540
    outer loop
      vertex 0.7693281 2.5591104 -0.5567299
      vertex 0.4473874 2.7647272 -0.4809841
      vertex 0.4593444 2.8154101 -0.5368951
    endloop
  endfacet
  facet normal -0.5192784 -0.5794310 -0.6281796
    outer loop
      vertex 0.7693281 2.5591104 -0.5567299
      vertex 0.4593444 2.8154101 -0.5368951
      vertex 0.7914452 2.6028406 -0.6153495
    endloop
  endfacet
  facet normal -0.5627141 -0.7543758 -0.3380384
    outer loop
      vertex 0.7914452 2.6028406 -0.6153495
      vertex 0.4593444 2.8154101 -0.5368951
      vertex 0.4581425 2.8473950 -0.6062728
    endloop
  endfacet
  facet normal -0.5638356 -0.7561201 -0.3322225
    outer loop
      vertex 0.7914452 2.6028406 -0.6153495
      vertex 0.4581425 2.8473950 -0.6062728
      vertex 0.7976597 2.6295418 -0.6866670
    endloop
  endfacet
  facet normal -0.5405964 -0.8412755 -0.0033243
    outer loop
      vertex 0.7976597 2.6295418 -0.6866670
      vertex 0.4581425 2.8473950 -0.6062728
      vertex 0.4439269 2.8568241 -0.6807494
    endloop
  endfacet
  facet normal -0.5405243 -0.8413236 0.0028371
    outer loop
      vertex 0.7976597 2.6295418 -0.6866670
      vertex 0.4439269 2.8568241 -0.6807494
      vertex 0.7872220 2.6359934 -0.7620804
    endloop
  endfacet
  facet normal -0.4537312 -0.8273199 0.3311644
    outer loop
      vertex 0.7872220 2.6359934 -0.7620804
      vertex 0.4439269 2.8568241 -0.6807494
      vertex 0.4184120 2.8425603 -0.7513418
    endloop
  endfacet
  facet normal -0.4526017 -0.8256037 0.3369425
    outer loop
      vertex 0.7872220 2.6359934 -0.7620804
      vertex 0.4184120 2.8425603 -0.7513418
      vertex 0.7613910 2.6214173 -0.8324938
    endloop
  endfacet
  facet normal -0.3125159 -0.7144283 0.6260399
    outer loop
      vertex 0.7613910 2.6214173 -0.8324938
      vertex 0.4184120 2.8425603 -0.7513418
      vertex 0.3846754 2.8063237 -0.8095356
    endloop
  endfacet
  facet normal -0.3105922 -0.7110967 0.6307725
    outer loop
      vertex 0.7613910 2.6214173 -0.8324938
      vertex 0.3846754 2.8063237 -0.8095356
      vertex 0.7232823 2.5875715 -0.8894143
    endloop
  endfacet
  facet normal -0.1334641 -0.5156385 0.8463476
    outer loop
      vertex 0.7232823 2.5875715 -0.8894143
      vertex 0.3846754 2.8063237 -0.8095356
      vertex 0.3467862 2.7524853 -0.8483116
    endloop
  endfacet
  facet normal -0.1310969 -0.5110227 0.8495113
    outer loop
      vertex 0.7232823 2.5875715 -0.8894143
      vertex 0.3467862 2.7524853 -0.8483116
      vertex 0.6774925 2.5385383 -0.9259765
    endloop
  endfacet
  facet normal 0.0622726 -0.2541086 0.9651689
    outer loop
      vertex 0.6774925 2.5385383 -0.9259765
      vertex 0.3467862 2.7524853 -0.8483116
      vertex 0.3093144 2.6875386 -0.8629930
    endloop
  endfacet
  facet normal 0.0646857 -0.2486766 0.9664242
    outer loop
      vertex 0.6774925 2.5385383 -0.9259765
      vertex 0.3093144 2.6875386 -0.8629930
      vertex 0.6295443 2.4802319 -0.9377703
    endloop
  endfacet
  facet normal 0.2510072 0.0388557 0.9672051
    outer loop
      vertex 0.6295443 2.4802319 -0.9377703
      vertex 0.3093144 2.6875386 -0.8629930
      vertex 0.2767796 2.6193172 -0.8518090
    endloop
  endfacet
  facet normal 0.2530605 0.0445459 0.9664244
    outer loop
      vertex 0.6295443 2.4802319 -0.9377703
      vertex 0.2767796 2.6193172 -0.8518090
      vertex 0.5852211 2.4196849 -0.9233734
    endloop
  endfacet
  facet normal 0.4094432 0.3273295 0.8515936
    outer loop
      vertex 0.5852211 2.4196849 -0.9233734
      vertex 0.2767796 2.6193172 -0.8518090
      vertex 0.2531061 2.5560495 -0.8161085
    endloop
  endfacet
  facet normal 0.4107637 0.3326802 0.8488799
    outer loop
      vertex 0.5852211 2.4196849 -0.9233734
      vertex 0.2531061 2.5560495 -0.8161085
      vertex 0.5498690 2.3642002 -0.8845221
    endloop
  endfacet
  facet normal 0.5180157 0.5756938 0.6326424
    outer loop
      vertex 0.5498690 2.3642002 -0.8845221
      vertex 0.2531061 2.5560495 -0.8161085
      vertex 0.2411492 2.5053667 -0.7601975
    endloop
  endfacet
  facet normal 0.5183095 0.5801295 0.6283351
    outer loop
      vertex 0.5498690 2.3642002 -0.8845221
      vertex 0.2411492 2.5053667 -0.7601975
      vertex 0.5277518 2.3204699 -0.8259026
    endloop
  endfacet
  facet normal 0.5637083 0.7537668 0.3377404
    outer loop
      vertex 0.5277518 2.3204699 -0.8259026
      vertex 0.2411492 2.5053667 -0.7601975
      vertex 0.2423510 2.4733818 -0.6908198
    endloop
  endfacet
  facet normal 0.5628078 0.7568112 0.3323917
    outer loop
      vertex 0.5277518 2.3204699 -0.8259026
      vertex 0.2423510 2.4733818 -0.6908198
      vertex 0.5215373 2.2937688 -0.7545851
    endloop
  endfacet
  facet normal 0.5415406 0.8406690 0.0030673
    outer loop
      vertex 0.5215373 2.2937688 -0.7545851
      vertex 0.2423510 2.4733818 -0.6908198
      vertex 0.2565667 2.4639527 -0.6163432
    endloop
  endfacet
  facet normal 0.5394381 0.8420212 -0.0026271
    outer loop
      vertex 0.5215373 2.2937688 -0.7545851
      vertex 0.2565667 2.4639527 -0.6163432
      vertex 0.5319751 2.2873171 -0.6791717
    endloop
  endfacet
  facet normal 0.4546389 0.8267371 -0.3313747
    outer loop
      vertex 0.5319751 2.2873171 -0.6791717
      vertex 0.2565667 2.4639527 -0.6163432
      vertex 0.2820816 2.4782165 -0.5457508
    endloop
  endfacet
  facet normal 0.4514868 0.8263202 -0.3366818
    outer loop
      vertex 0.5319751 2.2873171 -0.6791717
      vertex 0.2820816 2.4782165 -0.5457508
      vertex 0.5578061 2.3018933 -0.6087583
    endloop
  endfacet
  facet normal 0.3134166 0.7138769 -0.6262187
    outer loop
      vertex 0.5578061 2.3018933 -0.6087583
      vertex 0.2820816 2.4782165 -0.5457508
      vertex 0.3158182 2.5144530 -0.4875570
    endloop
  endfacet
  facet normal 0.3094927 0.7118378 -0.6304770
    outer loop
      vertex 0.5578061 2.3018933 -0.6087583
      vertex 0.3158182 2.5144530 -0.4875570
      vertex 0.5959147 2.3357391 -0.5518377
    endloop
  endfacet
  facet normal 0.1343914 0.5151114 -0.8465218
    outer loop
      vertex 0.5959147 2.3357391 -0.5518377
      vertex 0.3158182 2.5144530 -0.4875570
      vertex 0.3537074 2.5682915 -0.4487810
    endloop
  endfacet
  facet normal 0.1300481 0.5117816 -0.8492156
    outer loop
      vertex 0.5959147 2.3357391 -0.5518377
      vertex 0.3537074 2.5682915 -0.4487810
      vertex 0.6417046 2.3847722 -0.5152756
    endloop
  endfacet
  facet normal -0.0612961 0.2535901 -0.9653677
    outer loop
      vertex 0.6417046 2.3847722 -0.5152756
      vertex 0.3537074 2.5682915 -0.4487810
      vertex 0.3911792 2.6332382 -0.4340996
    endloop
  endfacet
  facet normal -0.0656735 0.2494358 -0.9661619
    outer loop
      vertex 0.6417046 2.3847722 -0.5152756
      vertex 0.3911792 2.6332382 -0.4340996
      vertex 0.6896528 2.4430786 -0.5034817
    endloop
  endfacet
  facet normal -0.2499821 -0.0393845 -0.9674491
    outer loop
      vertex 0.6896528 2.4430786 -0.5034817
      vertex 0.3911792 2.6332382 -0.4340996
      vertex 0.4237139 2.7014596 -0.4452836
    endloop
  endfacet
  facet normal -0.2540047 -0.0438038 -0.9662105
    outer loop
      vertex 0.6896528 2.4430786 -0.5034817
      vertex 0.4237139 2.7014596 -0.4452836
      vertex 0.7339759 2.5036256 -0.5178787
    endloop
  endfacet
  facet normal -0.4083948 -0.3278852 -0.8518832
    outer loop
      vertex 0.7339759 2.5036256 -0.5178787
      vertex 0.4237139 2.7014596 -0.4452836
      vertex 0.4473874 2.7647272 -0.4809841
    endloop
  endfacet
  facet normal -0.4117004 -0.3319624 -0.8487071
    outer loop
      vertex 0.7339759 2.5036256 -0.5178787
      vertex 0.4473874 2.7647272 -0.4809841
      vertex 0.7693281 2.5591104 -0.5567299
    endloop
  endfacet
  facet normal -0.4303782 -0.6162810 -0.6595243
    outer loop
      vertex 0.4473874 2.7647272 -0.4809841
      vertex 0.0830036 2.9103903 -0.3793145
      vertex 0.0839050 2.9659178 -0.4317896
    endloop
  endfacet
  facet normal -0.4319581 -0.6203175 -0.6546895
    outer loop
      vertex 0.4473874 2.7647272 -0.4809841
      vertex 0.0839050 2.9659178 -0.4317896
      vertex 0.4593444 2.8154101 -0.5368951
    endloop
  endfacet
  facet normal -0.4336322 -0.8184707 -0.3769202
    outer loop
      vertex 0.4593444 2.8154101 -0.5368951
      vertex 0.0839050 2.9659178 -0.4317896
      vertex 0.0746863 3.0016194 -0.4987087
    endloop
  endfacet
  facet normal -0.4342117 -0.8208957 -0.3709318
    outer loop
      vertex 0.4593444 2.8154101 -0.5368951
      vertex 0.0746863 3.0016194 -0.4987087
      vertex 0.4581425 2.8473950 -0.6062728
    endloop
  endfacet
  facet normal -0.3846824 -0.9217031 -0.0498281
    outer loop
      vertex 0.4581425 2.8473950 -0.6062728
      vertex 0.0746863 3.0016194 -0.4987087
      vertex 0.0564593 3.0131889 -0.5720004
    endloop
  endfacet
  facet normal -0.3843286 -0.9221759 -0.0433943
    outer loop
      vertex 0.4581425 2.8473950 -0.6062728
      vertex 0.0564593 3.0131889 -0.5720004
      vertex 0.4439269 2.8568241 -0.6807494
    endloop
  endfacet
  facet normal -0.2897015 -0.9144363 0.2826293
    outer loop
      vertex 0.4439269 2.8568241 -0.6807494
      vertex 0.0564593 3.0131889 -0.5720004
      vertex 0.0314224 2.9992308 -0.6428247
    endloop
  endfacet
  facet normal -0.2885960 -0.9128679 0.2887639
    outer loop
      vertex 0.4439269 2.8568241 -0.6807494
      vertex 0.0314224 2.9992308 -0.6428247
      vertex 0.4184120 2.8425603 -0.7513418
    endloop
  endfacet
  facet normal -0.1599804 -0.7978036 0.5813051
    outer loop
      vertex 0.4184120 2.8425603 -0.7513418
      vertex 0.0314224 2.9992308 -0.6428247
      vertex 0.0025956 2.9614286 -0.7026391
    endloop
  endfacet
  facet normal -0.1583893 -0.7943466 0.5864523
    outer loop
      vertex 0.4184120 2.8425603 -0.7513418
      vertex 0.0025956 2.9614286 -0.7026391
      vertex 0.3846754 2.8063237 -0.8095356
    endloop
  endfacet
  facet normal -0.0107296 -0.5852248 0.8108001
    outer loop
      vertex 0.3846754 2.8063237 -0.8095356
      vertex 0.0025956 2.9614286 -0.7026391
      vertex -0.0265443 2.9043419 -0.7442292
    endloop
  endfacet
  facet normal -0.0089702 -0.5802397 0.8143964
    outer loop
      vertex 0.3846754 2.8063237 -0.8095356
      vertex -0.0265443 2.9043419 -0.7442292
      vertex 0.3467862 2.7524853 -0.8483116
    endloop
  endfacet
  facet normal 0.1403228 -0.3014296 0.9431064
    outer loop
      vertex 0.3467862 2.7524853 -0.8483116
      vertex -0.0265443 2.9043419 -0.7442292
      vertex -0.0524826 2.8348562 -0.7625784
    endloop
  endfacet
  facet normal 0.1419128 -0.2954447 0.9447609
    outer loop
      vertex 0.3467862 2.7524853 -0.8483116
      vertex -0.0524826 2.8348562 -0.7625784
      vertex 0.3093144 2.6875386 -0.8629930
    endloop
  endfacet
  facet normal 0.2747904 0.0196131 0.9613041
    outer loop
      vertex 0.3093144 2.6875386 -0.8629930
      vertex -0.0524826 2.8348562 -0.7625784
      vertex -0.0720907 2.7613525 -0.7554737
    endloop
  endfacet
  facet normal 0.2758856 0.0259477 0.9608402
    outer loop
      vertex 0.3093144 2.6875386 -0.8629930
      vertex -0.0720907 2.7613525 -0.7554737
      vertex 0.2767796 2.6193172 -0.8518090
    endloop
  endfacet
  facet normal 0.3760067 0.3385208 0.8625674
    outer loop
      vertex 0.2767796 2.6193172 -0.8518090
      vertex -0.0720907 2.7613525 -0.7554737
      vertex -0.0830036 2.6926963 -0.7237720
    endloop
  endfacet
  facet normal 0.3763317 0.3444948 0.8600569
    outer loop
      vertex 0.2767796 2.6193172 -0.8518090
      vertex -0.0830036 2.6926963 -0.7237720
      vertex 0.2531061 2.5560495 -0.8161085
    endloop
  endfacet
  facet normal 0.4314828 0.6159092 0.6591498
    outer loop
      vertex 0.2531061 2.5560495 -0.8161085
      vertex -0.0830036 2.6926963 -0.7237720
      vertex -0.0839050 2.6371687 -0.6712970
    endloop
  endfacet
  facet normal 0.4308535 0.6208374 0.6549245
    outer loop
      vertex 0.2531061 2.5560495 -0.8161085
      vertex -0.0839050 2.6371687 -0.6712970
      vertex 0.2411492 2.5053667 -0.7601975
    endloop
  endfacet
  facet normal 0.4346965 0.8180715 0.3765607
    outer loop
      vertex 0.2411492 2.5053667 -0.7601975
      vertex -0.0839050 2.6371687 -0.6712970
      vertex -0.0746863 2.6014671 -0.6043779
    endloop
  endfacet
  facet normal 0.4330538 0.8213943 0.3711817
    outer loop
      vertex 0.2411492 2.5053667 -0.7601975
      vertex -0.0746863 2.6014671 -0.6043779
      vertex 0.2423510 2.4733818 -0.6908198
    endloop
  endfacet
  facet normal 0.3857072 0.9212919 0.0495084
    outer loop
      vertex 0.2423510 2.4733818 -0.6908198
      vertex -0.0746863 2.6014671 -0.6043779
      vertex -0.0564593 2.5898977 -0.5310862
    endloop
  endfacet
  facet normal 0.3831283 0.9226616 0.0436849
    outer loop
      vertex 0.2423510 2.4733818 -0.6908198
      vertex -0.0564593 2.5898977 -0.5310862
      vertex 0.2565667 2.4639527 -0.6163432
    endloop
  endfacet
  facet normal 0.2907052 0.9140325 -0.2829046
    outer loop
      vertex 0.2565667 2.4639527 -0.6163432
      vertex -0.0564593 2.5898977 -0.5310862
      vertex -0.0314224 2.6038558 -0.4602619
    endloop
  endfacet
  facet normal 0.2873851 0.9133569 -0.2884250
    outer loop
      vertex 0.2565667 2.4639527 -0.6163432
      vertex -0.0314224 2.6038558 -0.4602619
      vertex 0.2820816 2.4782165 -0.5457508
    endloop
  endfacet
  facet normal 0.1609910 0.7974214 -0.5815506
    outer loop
      vertex 0.2820816 2.4782165 -0.5457508
      vertex -0.0314224 2.6038558 -0.4602619
      vertex -0.0025956 2.6416580 -0.4004475
    endloop
  endfacet
  facet normal 0.1572046 0.7948550 -0.5860821
    outer loop
      vertex 0.2820816 2.4782165 -0.5457508
      vertex -0.0025956 2.6416580 -0.4004475
      vertex 0.3158182 2.5144530 -0.4875570
    endloop
  endfacet
  facet normal 0.0117729 0.5848688 -0.8110425
    outer loop
      vertex 0.3158182 2.5144530 -0.4875570
      vertex -0.0025956 2.6416580 -0.4004475
      vertex 0.0265443 2.6987447 -0.3588574
    endloop
  endfacet
  facet normal 0.0078353 0.5807730 -0.8140278
    outer loop
      vertex 0.3158182 2.5144530 -0.4875570
      vertex 0.0265443 2.6987447 -0.3588574
      vertex 0.3537074 2.5682915 -0.4487810
    endloop
  endfacet
  facet normal -0.1392359 0.3010946 -0.9433745
    outer loop
      vertex 0.3537074 2.5682915 -0.4487810
      vertex 0.0265443 2.6987447 -0.3588574
      vertex 0.0524826 2.7682304 -0.3405082
    endloop
  endfacet
  facet normal -0.1429983 0.2959950 -0.9444249
    outer loop
      vertex 0.3537074 2.5682915 -0.4487810
      vertex 0.0524826 2.7682304 -0.3405082
      vertex 0.3911792 2.6332382 -0.4340996
    endloop
  endfacet
  facet normal -0.2736701 -0.0199422 -0.9616169
    outer loop
      vertex 0.3911792 2.6332382 -0.4340996
      vertex 0.0524826 2.7682304 -0.3405082
      vertex 0.0720907 2.8417341 -0.3476128
    endloop
  endfacet
  facet normal -0.2769441 -0.0253954 -0.9605504
    outer loop
      vertex 0.3911792 2.6332382 -0.4340996
      vertex 0.0720907 2.8417341 -0.3476128
      vertex 0.4237139 2.7014596 -0.4452836
    endloop
  endfacet
  facet normal -0.3748795 -0.3388642 -0.8629231
    outer loop
      vertex 0.4237139 2.7014596 -0.4452836
      vertex 0.0720907 2.8417341 -0.3476128
      vertex 0.0830036 2.9103903 -0.3793145
    endloop
  endfacet
  facet normal -0.3773975 -0.3439545 -0.8598061
    outer loop
      vertex 0.4237139 2.7014596 -0.4452836
      vertex 0.0830036 2.9103903 -0.3793145
      vertex 0.4473874 2.7647272 -0.4809841
    endloop
  endfacet
  facet normal -0.3373300 -0.6388969 -0.6913893
    outer loop
      vertex 0.0830036 2.9103903 -0.3793145
      vertex -0.3100144 2.9842135 -0.2557788
      vertex -0.3207226 3.0423072 -0.3042372
    endloop
  endfacet
  facet normal -0.3379818 -0.6435237 -0.6867645
    outer loop
      vertex 0.0830036 2.9103903 -0.3793145
      vertex -0.3207226 3.0423072 -0.3042372
      vertex 0.0839050 2.9659178 -0.4317896
    endloop
  endfacet
  facet normal -0.2952207 -0.8563699 -0.4236453
    outer loop
      vertex 0.0839050 2.9659178 -0.4317896
      vertex -0.3207226 3.0423072 -0.3042372
      vertex -0.3383800 3.0800702 -0.3682679
    endloop
  endfacet
  facet normal -0.2951249 -0.8592823 -0.4177741
    outer loop
      vertex 0.0839050 2.9659178 -0.4317896
      vertex -0.3383800 3.0800702 -0.3682679
      vertex 0.0746863 3.0016194 -0.4987087
    endloop
  endfacet
  facet normal -0.2176756 -0.9702740 -0.1057625
    outer loop
      vertex 0.0746863 3.0016194 -0.4987087
      vertex -0.3383800 3.0800702 -0.3682679
      vertex -0.3608566 3.0929478 -0.4401478
    endloop
  endfacet
  facet normal -0.2169858 -0.9711078 -0.0993316
    outer loop
      vertex 0.0746863 3.0016194 -0.4987087
      vertex -0.3608566 3.0929478 -0.4401478
      vertex 0.0564593 3.0131889 -0.5720004
    endloop
  endfacet
  facet normal -0.1141418 -0.9678373 0.2241932
    outer loop
      vertex 0.0564593 3.0131889 -0.5720004
      vertex -0.3608566 3.0929478 -0.4401478
      vertex -0.3854415 3.0793868 -0.5112072
    endloop
  endfacet
  facet normal -0.1130792 -0.9664912 0.2304513
    outer loop
      vertex 0.0564593 3.0131889 -0.5720004
      vertex -0.3854415 3.0793868 -0.5112072
      vertex 0.0314224 2.9992308 -0.6428247
    endloop
  endfacet
  facet normal 0.0031330 -0.8496373 0.5273582
    outer loop
      vertex 0.0314224 2.9992308 -0.6428247
      vertex -0.3854415 3.0793868 -0.5112072
      vertex -0.4091694 3.0410228 -0.5728752
    endloop
  endfacet
  facet normal 0.0043096 -0.8462606 0.5327518
    outer loop
      vertex 0.0314224 2.9992308 -0.6428247
      vertex -0.4091694 3.0410228 -0.5728752
      vertex 0.0025956 2.9614286 -0.7026391
    endloop
  endfacet
  facet normal 0.1203396 -0.6292519 0.7678284
    outer loop
      vertex 0.0025956 2.9614286 -0.7026391
      vertex -0.4091694 3.0410228 -0.5728752
      vertex -0.4291784 2.9824831 -0.6177138
    endloop
  endfacet
  facet normal 0.1213603 -0.6242146 0.7717693
    outer loop
      vertex 0.0025956 2.9614286 -0.7026391
      vertex -0.4291784 2.9824831 -0.6177138
      vertex -0.0265443 2.9043419 -0.7442292
    endloop
  endfacet
  facet normal 0.2234376 -0.3322946 0.9163274
    outer loop
      vertex -0.0265443 2.9043419 -0.7442292
      vertex -0.4291784 2.9824831 -0.6177138
      vertex -0.4430551 2.9108284 -0.6403148
    endloop
  endfacet
  facet normal 0.2240461 -0.3261537 0.9183829
    outer loop
      vertex -0.0265443 2.9043419 -0.7442292
      vertex -0.4430551 2.9108284 -0.6403148
      vertex -0.0524826 2.8348562 -0.7625784
    endloop
  endfacet
  facet normal 0.2997476 0.0057054 0.9540015
    outer loop
      vertex -0.0524826 2.8348562 -0.7625784
      vertex -0.4430551 2.9108284 -0.6403148
      vertex -0.4491257 2.8347014 -0.6379521
    endloop
  endfacet
  facet normal 0.2997277 0.0122496 0.9539462
    outer loop
      vertex -0.0524826 2.8348562 -0.7625784
      vertex -0.4491257 2.8347014 -0.6379521
      vertex -0.0720907 2.7613525 -0.7554737
    endloop
  endfacet
  facet normal 0.3397201 0.3432885 0.8756387
    outer loop
      vertex -0.0720907 2.7613525 -0.7554737
      vertex -0.4491257 2.8347014 -0.6379521
      vertex -0.4466580 2.7632841 -0.6109108
    endloop
  endfacet
  facet normal 0.3389269 0.3494632 0.8735010
    outer loop
      vertex -0.0720907 2.7613525 -0.7554737
      vertex -0.4466580 2.7632841 -0.6109108
      vertex -0.0830036 2.6926963 -0.7237720
    endloop
  endfacet
  facet normal 0.3384344 0.6387576 0.6909782
    outer loop
      vertex -0.0830036 2.6926963 -0.7237720
      vertex -0.4466580 2.7632841 -0.6109108
      vertex -0.4359498 2.7051905 -0.5624524
    endloop
  endfacet
  facet normal 0.3368215 0.6438194 0.6870574
    outer loop
      vertex -0.0830036 2.6926963 -0.7237720
      vertex -0.4359498 2.7051905 -0.5624524
      vertex -0.0839050 2.6371687 -0.6712970
    endloop
  endfacet
  facet normal 0.2962925 0.8561964 0.4232475
    outer loop
      vertex -0.0839050 2.6371687 -0.6712970
      vertex -0.4359498 2.7051905 -0.5624524
      vertex -0.4182925 2.6674275 -0.4984217
    endloop
  endfacet
  facet normal 0.2939239 0.8595452 0.4180798
    outer loop
      vertex -0.0839050 2.6371687 -0.6712970
      vertex -0.4182925 2.6674275 -0.4984217
      vertex -0.0746863 2.6014671 -0.6043779
    endloop
  endfacet
  facet normal 0.2187227 0.9700780 0.1054000
    outer loop
      vertex -0.0746863 2.6014671 -0.6043779
      vertex -0.4182925 2.6674275 -0.4984217
      vertex -0.3958158 2.6545499 -0.4265418
    endloop
  endfacet
  facet normal 0.2157611 0.9713456 0.0996737
    outer loop
      vertex -0.0746863 2.6014671 -0.6043779
      vertex -0.3958158 2.6545499 -0.4265418
      vertex -0.0564593 2.5898977 -0.5310862
    endloop
  endfacet
  facet normal 0.1151831 0.9676392 -0.2245156
    outer loop
      vertex -0.0564593 2.5898977 -0.5310862
      vertex -0.3958158 2.6545499 -0.4265418
      vertex -0.3712309 2.6681109 -0.3554824
    endloop
  endfacet
  facet normal 0.1118594 0.9667249 -0.2300661
    outer loop
      vertex -0.0564593 2.5898977 -0.5310862
      vertex -0.3712309 2.6681109 -0.3554824
      vertex -0.0314224 2.6038558 -0.4602619
    endloop
  endfacet
  facet normal -0.0020755 0.8494574 -0.5276531
    outer loop
      vertex -0.0314224 2.6038558 -0.4602619
      vertex -0.3712309 2.6681109 -0.3554824
      vertex -0.3475030 2.7064749 -0.2938144
    endloop
  endfacet
  facet normal -0.0054987 0.8465136 -0.5323387
    outer loop
      vertex -0.0314224 2.6038558 -0.4602619
      vertex -0.3475030 2.7064749 -0.2938144
      vertex -0.0025956 2.6416580 -0.4004475
    endloop
  endfacet
  facet normal -0.1192508 0.6291032 -0.7681200
    outer loop
      vertex -0.0025956 2.6416580 -0.4004475
      vertex -0.3475030 2.7064749 -0.2938144
      vertex -0.3274940 2.7650146 -0.2489758
    endloop
  endfacet
  facet normal -0.1225077 0.6244999 -0.7713571
    outer loop
      vertex -0.0025956 2.6416580 -0.4004475
      vertex -0.3274940 2.7650146 -0.2489758
      vertex 0.0265443 2.6987447 -0.3588574
    endloop
  endfacet
  facet normal -0.2223173 0.3321770 -0.9166425
    outer loop
      vertex 0.0265443 2.6987447 -0.3588574
      vertex -0.3274940 2.7650146 -0.2489758
      vertex -0.3136173 2.8366692 -0.2263748
    endloop
  endfacet
  facet normal -0.2251602 0.3264682 -0.9179986
    outer loop
      vertex 0.0265443 2.6987447 -0.3588574
      vertex -0.3136173 2.8366692 -0.2263748
      vertex 0.0524826 2.7682304 -0.3405082
    endloop
  endfacet
  facet normal -0.2986109 -0.0058071 -0.9543573
    outer loop
      vertex 0.0524826 2.7682304 -0.3405082
      vertex -0.3136173 2.8366692 -0.2263748
      vertex -0.3075467 2.9127962 -0.2287375
    endloop
  endfacet
  facet normal -0.3008319 -0.0119218 -0.9536027
    outer loop
      vertex 0.0524826 2.7682304 -0.3405082
      vertex -0.3075467 2.9127962 -0.2287375
      vertex 0.0720907 2.8417341 -0.3476128
    endloop
  endfacet
  facet normal -0.3385899 -0.3433988 -0.8760332
    outer loop
      vertex 0.0720907 2.8417341 -0.3476128
      vertex -0.3075467 2.9127962 -0.2287375
      vertex -0.3100144 2.9842135 -0.2557788
    endloop
  endfacet
  facet normal -0.3400491 -0.3491426 -0.8731930
    outer loop
      vertex 0.0720907 2.8417341 -0.3476128
      vertex -0.3100144 2.9842135 -0.2557788
      vertex 0.0830036 2.9103903 -0.3793145
    endloop
  endfacet
  facet normal -0.2432075 -0.6424927 -0.7266727
    outer loop
      vertex -0.3100144 2.9842135 -0.2557788
      vertex -0.7148029 2.9785140 -0.1152623
      vertex -0.7372995 3.0367897 -0.1592579
    endloop
  endfacet
  facet normal -0.2428528 -0.6473823 -0.7224394
    outer loop
      vertex -0.3100144 2.9842135 -0.2557788
      vertex -0.7372995 3.0367897 -0.1592579
      vertex -0.3207226 3.0423072 -0.3042372
    endloop
  endfacet
  facet normal -0.1541345 -0.8659224 -0.4758372
    outer loop
      vertex -0.3207226 3.0423072 -0.3042372
      vertex -0.7372995 3.0367897 -0.1592579
      vertex -0.7636020 3.0748762 -0.2200472
    endloop
  endfacet
  facet normal -0.1533122 -0.8690962 -0.4702840
    outer loop
      vertex -0.3207226 3.0423072 -0.3042372
      vertex -0.7636020 3.0748762 -0.2200472
      vertex -0.3383800 3.0800702 -0.3682679
    endloop
  endfacet
  facet normal -0.0467216 -0.9845871 -0.1685390
    outer loop
      vertex -0.3383800 3.0800702 -0.3682679
      vertex -0.7636020 3.0748762 -0.2200472
      vertex -0.7905382 3.0881798 -0.2902983
    endloop
  endfacet
  facet normal -0.0456670 -0.9856826 -0.1623096
    outer loop
      vertex -0.3383800 3.0800702 -0.3682679
      vertex -0.7905382 3.0881798 -0.2902983
      vertex -0.3608566 3.0929478 -0.4401478
    endloop
  endfacet
  facet normal 0.0661563 -0.9851641 0.1583513
    outer loop
      vertex -0.3608566 3.0929478 -0.4401478
      vertex -0.7905382 3.0881798 -0.2902983
      vertex -0.8148589 3.0750958 -0.3615378
    endloop
  endfacet
  facet normal 0.0671879 -0.9840767 0.1645563
    outer loop
      vertex -0.3608566 3.0929478 -0.4401478
      vertex -0.8148589 3.0750958 -0.3615378
      vertex -0.3854415 3.0793868 -0.5112072
    endloop
  endfacet
  facet normal 0.1712003 -0.8678973 0.4663097
    outer loop
      vertex -0.3854415 3.0793868 -0.5112072
      vertex -0.8148589 3.0750958 -0.3615378
      vertex -0.8336309 3.0372025 -0.4251732
    endloop
  endfacet
  facet normal 0.1719617 -0.8647679 0.4718110
    outer loop
      vertex -0.3854415 3.0793868 -0.5112072
      vertex -0.8336309 3.0372025 -0.4251732
      vertex -0.4091694 3.0410228 -0.5728752
    endloop
  endfacet
  facet normal 0.2559776 -0.6462593 0.7189049
    outer loop
      vertex -0.4091694 3.0410228 -0.5728752
      vertex -0.8336309 3.0372025 -0.4251732
      vertex -0.8445899 2.9790702 -0.4735290
    endloop
  endfacet
  facet normal 0.2562511 -0.6414493 0.7231031
    outer loop
      vertex -0.4091694 3.0410228 -0.5728752
      vertex -0.8445899 2.9790702 -0.4735290
      vertex -0.4291784 2.9824831 -0.6177138
    endloop
  endfacet
  facet normal 0.3101832 -0.3459918 0.8854807
    outer loop
      vertex -0.4291784 2.9824831 -0.6177138
      vertex -0.8445899 2.9790702 -0.4735290
      vertex -0.8464141 2.9077106 -0.5007730
    endloop
  endfacet
  facet normal 0.3098006 -0.3400566 0.8879105
    outer loop
      vertex -0.4291784 2.9824831 -0.6177138
      vertex -0.8464141 2.9077106 -0.5007730
      vertex -0.4430551 2.9108284 -0.6403148
    endloop
  endfacet
  facet normal 0.3269571 -0.0029928 0.9450344
    outer loop
      vertex -0.4430551 2.9108284 -0.6403148
      vertex -0.8464141 2.9077106 -0.5007730
      vertex -0.8388834 2.8317307 -0.5036190
    endloop
  endfacet
  facet normal 0.3258225 0.0033599 0.9454250
    outer loop
      vertex -0.4430551 2.9108284 -0.6403148
      vertex -0.8388834 2.8317307 -0.5036190
      vertex -0.4491257 2.8347014 -0.6379521
    endloop
  endfacet
  facet normal 0.3040326 0.3406819 0.8896629
    outer loop
      vertex -0.4491257 2.8347014 -0.6379521
      vertex -0.8388834 2.8317307 -0.5036190
      vertex -0.8229063 2.7602948 -0.4817238
    endloop
  endfacet
  facet normal 0.3021429 0.3466678 0.8879927
    outer loop
      vertex -0.4491257 2.8347014 -0.6379521
      vertex -0.8229063 2.7602948 -0.4817238
      vertex -0.4466580 2.7632841 -0.6109108
    endloop
  endfacet
  facet normal 0.2442557 0.6425762 0.7262472
    outer loop
      vertex -0.4466580 2.7632841 -0.6109108
      vertex -0.8229063 2.7602948 -0.4817238
      vertex -0.8004097 2.7020191 -0.4377283
    endloop
  endfacet
  facet normal 0.2417087 0.6474448 0.7227670
    outer loop
      vertex -0.4466580 2.7632841 -0.6109108
      vertex -0.8004097 2.7020191 -0.4377283
      vertex -0.4359498 2.7051905 -0.5624524
    endloop
  endfacet
  facet normal 0.1551615 0.8659675 0.4754211
    outer loop
      vertex -0.4359498 2.7051905 -0.5624524
      vertex -0.8004097 2.7020191 -0.4377283
      vertex -0.7741071 2.6639326 -0.3769389
    endloop
  endfacet
  facet normal 0.1521432 0.8691197 0.4706203
    outer loop
      vertex -0.4359498 2.7051905 -0.5624524
      vertex -0.7741071 2.6639326 -0.3769389
      vertex -0.4182925 2.6674275 -0.4984217
    endloop
  endfacet
  facet normal 0.0477397 0.9846044 0.1681519
    outer loop
      vertex -0.4182925 2.6674275 -0.4984217
      vertex -0.7741071 2.6639326 -0.3769389
      vertex -0.7471710 2.6506290 -0.3066879
    endloop
  endfacet
  facet normal 0.0444924 0.9856759 0.1626757
    outer loop
      vertex -0.4182925 2.6674275 -0.4984217
      vertex -0.7471710 2.6506290 -0.3066879
      vertex -0.3958158 2.6545499 -0.4265418
    endloop
  endfacet
  facet normal -0.0651306 0.9851757 -0.1587036
    outer loop
      vertex -0.3958158 2.6545499 -0.4265418
      vertex -0.7471710 2.6506290 -0.3066879
      vertex -0.7228503 2.6637130 -0.2354484
    endloop
  endfacet
  facet normal -0.0683461 0.9840643 -0.1641533
    outer loop
      vertex -0.3958158 2.6545499 -0.4265418
      vertex -0.7228503 2.6637130 -0.2354484
      vertex -0.3712309 2.6681109 -0.3554824
    endloop
  endfacet
  facet normal -0.1701537 0.8679275 -0.4666364
    outer loop
      vertex -0.3712309 2.6681109 -0.3554824
      vertex -0.7228503 2.6637130 -0.2354484
      vertex -0.7040783 2.7016063 -0.1718130
    endloop
  endfacet
  facet normal -0.1730896 0.8647766 -0.4713824
    outer loop
      vertex -0.3712309 2.6681109 -0.3554824
      vertex -0.7040783 2.7016063 -0.1718130
      vertex -0.3475030 2.7064749 -0.2938144
    endloop
  endfacet
  facet normal -0.2549063 0.6463249 -0.7192266
    outer loop
      vertex -0.3475030 2.7064749 -0.2938144
      vertex -0.7040783 2.7016063 -0.1718130
      vertex -0.6931193 2.7597386 -0.1234571
    endloop
  endfacet
  facet normal -0.2573492 0.6414949 -0.7226726
    outer loop
      vertex -0.3475030 2.7064749 -0.2938144
      vertex -0.6931193 2.7597386 -0.1234571
      vertex -0.3274940 2.7650146 -0.2489758
    endloop
  endfacet
  facet normal -0.3090953 0.3460939 -0.8858211
    outer loop
      vertex -0.3274940 2.7650146 -0.2489758
      vertex -0.6931193 2.7597386 -0.1234571
      vertex -0.6912951 2.8310982 -0.0962132
    endloop
  endfacet
  facet normal -0.3108828 0.3401371 -0.8875013
    outer loop
      vertex -0.3274940 2.7650146 -0.2489758
      vertex -0.6912951 2.8310982 -0.0962132
      vertex -0.3136173 2.8366692 -0.2263748
    endloop
  endfacet
  facet normal -0.3258689 0.0031147 -0.9454098
    outer loop
      vertex -0.3136173 2.8366692 -0.2263748
      vertex -0.6912951 2.8310982 -0.0962132
      vertex -0.6988257 2.9070781 -0.0933671
    endloop
  endfacet
  facet normal -0.3269101 -0.0032616 -0.9450498
    outer loop
      vertex -0.3136173 2.8366692 -0.2263748
      vertex -0.6988257 2.9070781 -0.0933671
      vertex -0.3075467 2.9127962 -0.2287375
    endloop
  endfacet
  facet normal -0.3029603 -0.3405676 -0.8900723
    outer loop
      vertex -0.3075467 2.9127962 -0.2287375
      vertex -0.6988257 2.9070781 -0.0933671
      vertex -0.7148029 2.9785140 -0.1152623
    endloop
  endfacet
  facet normal -0.3032548 -0.3465763 -0.8876494
    outer loop
      vertex -0.3075467 2.9127962 -0.2287375
      vertex -0.7148029 2.9785140 -0.1152623
      vertex -0.3100144 2.9842135 -0.2557788
    endloop
  endfacet
  facet normal -0.1529588 -0.6273369 -0.7635785
    outer loop
      vertex -0.7148029 2.9785140 -0.1152623
      vertex -1.1128083 2.8905377 0.0367446
      vertex -1.1468644 2.9465739 -0.0024713
    endloop
  endfacet
  facet normal -0.1516253 -0.6321795 -0.7598414
    outer loop
      vertex -0.7148029 2.9785140 -0.1152623
      vertex -1.1468644 2.9465739 -0.0024713
      vertex -0.7372995 3.0367897 -0.1592579
    endloop
  endfacet
  facet normal -0.0167797 -0.8470587 -0.5312344
    outer loop
      vertex -0.7372995 3.0367897 -0.1592579
      vertex -1.1468644 2.9465739 -0.0024713
      vertex -1.1817565 2.9831832 -0.0597431
    endloop
  endfacet
  facet normal -0.0152483 -0.8502707 -0.5261248
    outer loop
      vertex -0.7372995 3.0367897 -0.1592579
      vertex -1.1817565 2.9831832 -0.0597431
      vertex -0.7636020 3.0748762 -0.2200472
    endloop
  endfacet
  facet normal 0.1210817 -0.9642525 -0.2357041
    outer loop
      vertex -0.7636020 3.0748762 -0.2200472
      vertex -1.1817565 2.9831832 -0.0597431
      vertex -1.2132760 2.9959500 -0.1281630
    endloop
  endfacet
  facet normal 0.1225043 -0.9654949 -0.2298091
    outer loop
      vertex -0.7636020 3.0748762 -0.2200472
      vertex -1.2132760 2.9959500 -0.1281630
      vertex -0.7905382 3.0881798 -0.2902983
    endloop
  endfacet
  facet normal 0.2442471 -0.9657608 0.0874615
    outer loop
      vertex -0.7905382 3.0881798 -0.2902983
      vertex -1.2132760 2.9959500 -0.1281630
      vertex -1.2376213 2.9833344 -0.1994785
    endloop
  endfacet
  facet normal 0.2452771 -0.9649351 0.0934852
    outer loop
      vertex -0.7905382 3.0881798 -0.2902983
      vertex -1.2376213 2.9833344 -0.1994785
      vertex -0.8148589 3.0750958 -0.3615378
    endloop
  endfacet
  facet normal 0.3382615 -0.8517410 0.4001455
    outer loop
      vertex -0.8148589 3.0750958 -0.3615378
      vertex -1.2376213 2.9833344 -0.1994785
      vertex -1.2518559 2.9468581 -0.2650880
    endloop
  endfacet
  facet normal 0.3386635 -0.8489766 0.4056424
    outer loop
      vertex -0.8148589 3.0750958 -0.3615378
      vertex -1.2518559 2.9468581 -0.2650880
      vertex -0.8336309 3.0372025 -0.4251732
    endloop
  endfacet
  facet normal 0.3919378 -0.6353125 0.6654042
    outer loop
      vertex -0.8336309 3.0372025 -0.4251732
      vertex -1.2518559 2.9468581 -0.2650880
      vertex -1.2542630 2.8909206 -0.3170780
    endloop
  endfacet
  facet normal 0.3915433 -0.6309482 0.6697748
    outer loop
      vertex -0.8336309 3.0372025 -0.4251732
      vertex -1.2542630 2.8909206 -0.3170780
      vertex -0.8445899 2.9790702 -0.4735290
    endloop
  endfacet
  facet normal 0.3985521 -0.3416016 0.8511548
    outer loop
      vertex -0.8445899 2.9790702 -0.4735290
      vertex -1.2542630 2.8909206 -0.3170780
      vertex -1.2445522 2.8222689 -0.3491777
    endloop
  endfacet
  facet normal 0.3972776 -0.3361653 0.8539107
    outer loop
      vertex -0.8445899 2.9790702 -0.4735290
      vertex -1.2445522 2.8222689 -0.3491777
      vertex -0.8464141 2.9077106 -0.5007730
    endloop
  endfacet
  facet normal 0.3568993 -0.0056900 0.9341256
    outer loop
      vertex -0.8464141 2.9077106 -0.5007730
      vertex -1.2445522 2.8222689 -0.3491777
      vertex -1.2238948 2.7491833 -0.3575154
    endloop
  endfacet
  facet normal 0.3547654 0.0001409 0.9349553
    outer loop
      vertex -0.8464141 2.9077106 -0.5007730
      vertex -1.2238948 2.7491833 -0.3575154
      vertex -0.8388834 2.8317307 -0.5036190
    endloop
  endfacet
  facet normal 0.2718470 0.3312609 0.9035294
    outer loop
      vertex -0.8388834 2.8317307 -0.5036190
      vertex -1.2238948 2.7491833 -0.3575154
      vertex -1.1947823 2.6804790 -0.3410855
    endloop
  endfacet
  facet normal 0.2689867 0.3367356 0.9023609
    outer loop
      vertex -0.8388834 2.8317307 -0.5036190
      vertex -1.1947823 2.6804790 -0.3410855
      vertex -0.8229063 2.7602948 -0.4817238
    endloop
  endfacet
  facet normal 0.1539090 0.6276186 0.7631559
    outer loop
      vertex -0.8229063 2.7602948 -0.4817238
      vertex -1.1947823 2.6804790 -0.3410855
      vertex -1.1607263 2.6244428 -0.3018696
    endloop
  endfacet
  facet normal 0.1505547 0.6320243 0.7601833
    outer loop
      vertex -0.8229063 2.7602948 -0.4817238
      vertex -1.1607263 2.6244428 -0.3018696
      vertex -0.8004097 2.7020191 -0.4377283
    endloop
  endfacet
  facet normal 0.0177216 0.8473018 0.5308160
    outer loop
      vertex -0.8004097 2.7020191 -0.4377283
      vertex -1.1607263 2.6244428 -0.3018696
      vertex -1.1258342 2.5878335 -0.2445978
    endloop
  endfacet
  facet normal 0.0141688 0.8500758 0.5264697
    outer loop
      vertex -0.8004097 2.7020191 -0.4377283
      vertex -1.1258342 2.5878335 -0.2445978
      vertex -0.7741071 2.6639326 -0.3769389
    endloop
  endfacet
  facet normal -0.1201338 0.9644678 0.2353076
    outer loop
      vertex -0.7741071 2.6639326 -0.3769389
      vertex -1.1258342 2.5878335 -0.2445978
      vertex -1.0943147 2.5750667 -0.1761779
    endloop
  endfacet
  facet normal -0.1235736 0.9652711 0.2301767
    outer loop
      vertex -0.7741071 2.6639326 -0.3769389
      vertex -1.0943147 2.5750667 -0.1761779
      vertex -0.7471710 2.6506290 -0.3066879
    endloop
  endfacet
  facet normal -0.2432812 0.9659712 -0.0878284
    outer loop
      vertex -0.7471710 2.6506290 -0.3066879
      vertex -1.0943147 2.5750667 -0.1761779
      vertex -1.0699694 2.5876823 -0.1048624
    endloop
  endfacet
  facet normal -0.2463223 0.9647073 -0.0930865
    outer loop
      vertex -0.7471710 2.6506290 -0.3066879
      vertex -1.0699694 2.5876823 -0.1048624
      vertex -0.7228503 2.6637130 -0.2354484
    endloop
  endfacet
  facet normal -0.3372736 0.8519717 -0.4004881
    outer loop
      vertex -0.7228503 2.6637130 -0.2354484
      vertex -1.0699694 2.5876823 -0.1048624
      vertex -1.0557348 2.6241586 -0.0392529
    endloop
  endfacet
  facet normal -0.3396822 0.8487714 -0.4052198
    outer loop
      vertex -0.7228503 2.6637130 -0.2354484
      vertex -1.0557348 2.6241586 -0.0392529
      vertex -0.7040783 2.7016063 -0.1718130
    endloop
  endfacet
  facet normal -0.3909345 0.6355802 -0.6657387
    outer loop
      vertex -0.7040783 2.7016063 -0.1718130
      vertex -1.0557348 2.6241586 -0.0392529
      vertex -1.0533277 2.6800961 0.0127371
    endloop
  endfacet
  facet normal -0.3925452 0.6307805 -0.6693461
    outer loop
      vertex -0.7040783 2.7016063 -0.1718130
      vertex -1.0533277 2.6800961 0.0127371
      vertex -0.6931193 2.7597386 -0.1234571
    endloop
  endfacet
  facet normal -0.3975476 0.3419062 -0.8515023
    outer loop
      vertex -0.6931193 2.7597386 -0.1234571
      vertex -1.0533277 2.6800961 0.0127371
      vertex -1.0630385 2.7487478 0.0448368
    endloop
  endfacet
  facet normal -0.3982801 0.3360325 -0.8534958
    outer loop
      vertex -0.6931193 2.7597386 -0.1234571
      vertex -1.0630385 2.7487478 0.0448368
      vertex -0.6912951 2.8310982 -0.0962132
    endloop
  endfacet
  facet normal -0.3559084 0.0060130 -0.9345015
    outer loop
      vertex -0.6912951 2.8310982 -0.0962132
      vertex -1.0630385 2.7487478 0.0448368
      vertex -1.0836959 2.8218335 0.0531745
    endloop
  endfacet
  facet normal -0.3557855 -0.0002565 -0.9345676
    outer loop
      vertex -0.6912951 2.8310982 -0.0962132
      vertex -1.0836959 2.8218335 0.0531745
      vertex -0.6988257 2.9070781 -0.0933671
    endloop
  endfacet
  facet normal -0.2708776 -0.3309473 -0.9039354
    outer loop
      vertex -0.6988257 2.9070781 -0.0933671
      vertex -1.0836959 2.8218335 0.0531745
      vertex -1.1128083 2.8905377 0.0367446
    endloop
  endfacet
  facet normal -0.2700337 -0.3368597 -0.9020019
    outer loop
      vertex -0.6988257 2.9070781 -0.0933671
      vertex -1.1128083 2.8905377 0.0367446
      vertex -0.7148029 2.9785140 -0.1152623
    endloop
  endfacet
  facet normal -0.0706869 -0.5950895 -0.8005447
    outer loop
      vertex -1.1128083 2.8905377 0.0367446
      vertex -1.4853047 2.7227336 0.1943737
      vertex -1.5302611 2.7741493 0.1601231
    endloop
  endfacet
  facet normal -0.0684771 -0.5996247 -0.7973463
    outer loop
      vertex -1.1128083 2.8905377 0.0367446
      vertex -1.5302611 2.7741493 0.1601231
      vertex -1.1468644 2.9465739 -0.0024713
    endloop
  endfacet
  facet normal 0.1111053 -0.8013393 -0.5878018
    outer loop
      vertex -1.1468644 2.9465739 -0.0024713
      vertex -1.5302611 2.7741493 0.1601231
      vertex -1.5733767 2.8074617 0.1065593
    endloop
  endfacet
  facet normal 0.1132783 -0.8043932 -0.5831978
    outer loop
      vertex -1.1468644 2.9465739 -0.0024713
      vertex -1.5733767 2.8074617 0.1065593
      vertex -1.1817565 2.9831832 -0.0597431
    endloop
  endfacet
  facet normal 0.2790518 -0.9105535 -0.3049959
    outer loop
      vertex -1.1817565 2.9831832 -0.0597431
      vertex -1.5733767 2.8074617 0.1065593
      vertex -1.6094513 2.8186527 0.0401428
    endloop
  endfacet
  facet normal 0.2808232 -0.9118285 -0.2995114
    outer loop
      vertex -1.1817565 2.9831832 -0.0597431
      vertex -1.6094513 2.8186527 0.0401428
      vertex -1.2132760 2.9959500 -0.1281630
    endloop
  endfacet
  facet normal 0.4133041 -0.9104893 0.0137464
    outer loop
      vertex -1.2132760 2.9959500 -0.1281630
      vertex -1.6094513 2.8186527 0.0401428
      vertex -1.6341336 2.8063727 -0.0311154
    endloop
  endfacet
  facet normal 0.4143670 -0.9099008 0.0195054
    outer loop
      vertex -1.2132760 2.9959500 -0.1281630
      vertex -1.6341336 2.8063727 -0.0311154
      vertex -1.2376213 2.9833344 -0.1994785
    endloop
  endfacet
  facet normal 0.4981647 -0.8015052 0.3307889
    outer loop
      vertex -1.2376213 2.9833344 -0.1994785
      vertex -1.6341336 2.8063727 -0.0311154
      vertex -1.6444467 2.7721027 -0.0986207
    endloop
  endfacet
  facet normal 0.4982937 -0.7991710 0.3361980
    outer loop
      vertex -1.2376213 2.9833344 -0.1994785
      vertex -1.6444467 2.7721027 -0.0986207
      vertex -1.2518559 2.9468581 -0.2650880
    endloop
  endfacet
  facet normal 0.5234874 -0.5961729 0.6087190
    outer loop
      vertex -1.2518559 2.9468581 -0.2650880
      vertex -1.6444467 2.7721027 -0.0986207
      vertex -1.6391465 2.7199762 -0.1542308
    endloop
  endfacet
  facet normal 0.5225559 -0.5924002 0.6131862
    outer loop
      vertex -1.2518559 2.9468581 -0.2650880
      vertex -1.6391465 2.7199762 -0.1542308
      vertex -1.2542630 2.8909206 -0.3170780
    endloop
  endfacet
  facet normal 0.4858098 -0.3183295 0.8140363
    outer loop
      vertex -1.2542630 2.8909206 -0.3170780
      vertex -1.6391465 2.7199762 -0.1542308
      vertex -1.6188725 2.6562804 -0.1912385
    endloop
  endfacet
  facet normal 0.4838088 -0.3135995 0.8170584
    outer loop
      vertex -1.2542630 2.8909206 -0.3170780
      vertex -1.6188725 2.6562804 -0.1912385
      vertex -1.2445522 2.8222689 -0.3491777
    endloop
  endfacet
  facet normal 0.3891738 -0.0011314 0.9211636
    outer loop
      vertex -1.2445522 2.8222689 -0.3491777
      vertex -1.6188725 2.6562804 -0.1912385
      vertex -1.5860700 2.5886980 -0.2051799
    endloop
  endfacet
  facet normal 0.3862266 0.0039375 0.9223955
    outer loop
      vertex -1.2445522 2.8222689 -0.3491777
      vertex -1.5860700 2.5886980 -0.2051799
      vertex -1.2238948 2.7491833 -0.3575154
    endloop
  endfacet
  facet normal 0.2451443 0.3165786 0.9163418
    outer loop
      vertex -1.2238948 2.7491833 -0.3575154
      vertex -1.5860700 2.5886980 -0.2051799
      vertex -1.5446953 2.5253804 -0.1943737
    endloop
  endfacet
  facet normal 0.2415024 0.3213046 0.9156637
    outer loop
      vertex -1.2238948 2.7491833 -0.3575154
      vertex -1.5446953 2.5253804 -0.1943737
      vertex -1.1947823 2.6804790 -0.3410855
    endloop
  endfacet
  facet normal 0.0715106 0.5955385 0.8001376
    outer loop
      vertex -1.1947823 2.6804790 -0.3410855
      vertex -1.5446953 2.5253804 -0.1943737
      vertex -1.4997389 2.4739647 -0.1601231
    endloop
  endfacet
  facet normal 0.0675211 0.5992814 0.7976859
    outer loop
      vertex -1.1947823 2.6804790 -0.3410855
      vertex -1.4997389 2.4739647 -0.1601231
      vertex -1.1607263 2.6244428 -0.3018696
    endloop
  endfacet
  facet normal -0.1102774 0.8017534 0.5873929
    outer loop
      vertex -1.1607263 2.6244428 -0.3018696
      vertex -1.4997389 2.4739647 -0.1601231
      vertex -1.4566233 2.4406523 -0.1065593
    endloop
  endfacet
  facet normal -0.1142285 0.8040144 0.5835346
    outer loop
      vertex -1.1607263 2.6244428 -0.3018696
      vertex -1.4566233 2.4406523 -0.1065593
      vertex -1.1258342 2.5878335 -0.2445978
    endloop
  endfacet
  facet normal -0.2782049 0.9109445 0.3046017
    outer loop
      vertex -1.1258342 2.5878335 -0.2445978
      vertex -1.4566233 2.4406523 -0.1065593
      vertex -1.4205487 2.4294612 -0.0401428
    endloop
  endfacet
  facet normal -0.2817508 0.9114265 0.2998637
    outer loop
      vertex -1.1258342 2.5878335 -0.2445978
      vertex -1.4205487 2.4294612 -0.0401428
      vertex -1.0943147 2.5750667 -0.1761779
    endloop
  endfacet
  facet normal -0.4124317 0.9108792 -0.0141158
    outer loop
      vertex -1.0943147 2.5750667 -0.1761779
      vertex -1.4205487 2.4294612 -0.0401428
      vertex -1.3958664 2.4417413 0.0311154
    endloop
  endfacet
  facet normal -0.4152663 0.9094988 -0.0191273
    outer loop
      vertex -1.0943147 2.5750667 -0.1761779
      vertex -1.3958664 2.4417413 0.0311154
      vertex -1.0699694 2.5876823 -0.1048624
    endloop
  endfacet
  facet normal -0.4972720 0.8019168 -0.3311343
    outer loop
      vertex -1.0699694 2.5876823 -0.1048624
      vertex -1.3958664 2.4417413 0.0311154
      vertex -1.3855533 2.4760113 0.0986207
    endloop
  endfacet
  facet normal -0.4991722 0.7987915 -0.3357965
    outer loop
      vertex -1.0699694 2.5876823 -0.1048624
      vertex -1.3855533 2.4760113 0.0986207
      vertex -1.0557348 2.6241586 -0.0392529
    endloop
  endfacet
  facet normal -0.5225898 0.5966198 -0.6090523
    outer loop
      vertex -1.0557348 2.6241586 -0.0392529
      vertex -1.3855533 2.4760113 0.0986207
      vertex -1.3908535 2.5281378 0.1542308
    endloop
  endfacet
  facet normal -0.5234304 0.5920546 -0.6127739
    outer loop
      vertex -1.0557348 2.6241586 -0.0392529
      vertex -1.3908535 2.5281378 0.1542308
      vertex -1.0533277 2.6800961 0.0127371
    endloop
  endfacet
  facet normal -0.4849251 0.3188086 -0.8143762
    outer loop
      vertex -1.0533277 2.6800961 0.0127371
      vertex -1.3908535 2.5281378 0.1542308
      vertex -1.4111275 2.5918336 0.1912385
    endloop
  endfacet
  facet normal -0.4846979 0.3132839 -0.8166524
    outer loop
      vertex -1.0533277 2.6800961 0.0127371
      vertex -1.4111275 2.5918336 0.1912385
      vertex -1.0630385 2.7487478 0.0448368
    endloop
  endfacet
  facet normal -0.3883136 0.0016237 -0.9215259
    outer loop
      vertex -1.0630385 2.7487478 0.0448368
      vertex -1.4111275 2.5918336 0.1912385
      vertex -1.4439300 2.6594160 0.2051799
    endloop
  endfacet
  facet normal -0.3871423 -0.0042402 -0.9220102
    outer loop
      vertex -1.0630385 2.7487478 0.0448368
      vertex -1.4439300 2.6594160 0.2051799
      vertex -1.0836959 2.8218335 0.0531745
    endloop
  endfacet
  facet normal -0.2443080 -0.3160986 -0.9167307
    outer loop
      vertex -1.0836959 2.8218335 0.0531745
      vertex -1.4439300 2.6594160 0.2051799
      vertex -1.4853047 2.7227336 0.1943737
    endloop
  endfacet
  facet normal -0.2424447 -0.3216180 -0.9153046
    outer loop
      vertex -1.0836959 2.8218335 0.0531745
      vertex -1.4853047 2.7227336 0.1943737
      vertex -1.1128083 2.8905377 0.0367446
    endloop
  endfacet
  facet normal 0.0005533 -0.5482454 -0.8363173
    outer loop
      vertex -1.4853047 2.7227336 0.1943737
      vertex -1.8149188 2.4825519 0.3516060
      vertex -1.8696790 2.5270968 0.3223685
    endloop
  endfacet
  facet normal 0.0034951 -0.5522807 -0.8336509
    outer loop
      vertex -1.4853047 2.7227336 0.1943737
      vertex -1.8696790 2.5270968 0.3223685
      vertex -1.5302611 2.7741493 0.1601231
    endloop
  endfacet
  facet normal 0.2246955 -0.7314837 -0.6437729
    outer loop
      vertex -1.5302611 2.7741493 0.1601231
      vertex -1.8696790 2.5270968 0.3223685
      vertex -1.9203075 2.5553434 0.2726026
    endloop
  endfacet
  facet normal 0.2274132 -0.7342262 -0.6396836
    outer loop
      vertex -1.5302611 2.7741493 0.1601231
      vertex -1.9203075 2.5553434 0.2726026
      vertex -1.5733767 2.8074617 0.1065593
    endloop
  endfacet
  facet normal 0.4211803 -0.8261162 -0.3743517
    outer loop
      vertex -1.5733767 2.8074617 0.1065593
      vertex -1.9203075 2.5553434 0.2726026
      vertex -1.9606977 2.5638847 0.2083109
    endloop
  endfacet
  facet normal 0.4232654 -0.8273224 -0.3693022
    outer loop
      vertex -1.5733767 2.8074617 0.1065593
      vertex -1.9606977 2.5638847 0.2083109
      vertex -1.6094513 2.8186527 0.0401428
    endloop
  endfacet
  facet normal 0.5668593 -0.8215769 -0.0606786
    outer loop
      vertex -1.6094513 2.8186527 0.0401428
      vertex -1.9606977 2.5638847 0.2083109
      vertex -1.9859779 2.5516907 0.1372477
    endloop
  endfacet
  facet normal 0.5679870 -0.8211828 -0.0552227
    outer loop
      vertex -1.6094513 2.8186527 0.0401428
      vertex -1.9859779 2.5516907 0.1372477
      vertex -1.6341336 2.8063727 -0.0311154
    endloop
  endfacet
  facet normal 0.6447580 -0.7187514 0.2601604
    outer loop
      vertex -1.6341336 2.8063727 -0.0311154
      vertex -1.9859779 2.5516907 0.1372477
      vertex -1.9930991 2.5202320 0.0679845
    endloop
  endfacet
  facet normal 0.6447096 -0.7168650 0.2654318
    outer loop
      vertex -1.6341336 2.8063727 -0.0311154
      vertex -1.9930991 2.5202320 0.0679845
      vertex -1.6444467 2.7721027 -0.0986207
    endloop
  endfacet
  facet normal 0.6455299 -0.5295384 0.5503455
    outer loop
      vertex -1.6444467 2.7721027 -0.0986207
      vertex -1.9930991 2.5202320 0.0679845
      vertex -1.9812022 2.4733031 0.0088754
    endloop
  endfacet
  facet normal 0.6442118 -0.5264314 0.5548524
    outer loop
      vertex -1.6444467 2.7721027 -0.0986207
      vertex -1.9812022 2.4733031 0.0088754
      vertex -1.6391465 2.7199762 -0.1542308
    endloop
  endfacet
  facet normal 0.5685322 -0.2759140 0.7750113
    outer loop
      vertex -1.6391465 2.7199762 -0.1542308
      vertex -1.9812022 2.4733031 0.0088754
      vertex -1.9517223 2.4165642 -0.0329503
    endloop
  endfacet
  facet normal 0.5659957 -0.2720097 0.7782413
    outer loop
      vertex -1.6391465 2.7199762 -0.1542308
      vertex -1.9517223 2.4165642 -0.0329503
      vertex -1.6188725 2.6562804 -0.1912385
    endloop
  endfacet
  facet normal 0.4224479 0.0118739 0.9063094
    outer loop
      vertex -1.6188725 2.6562804 -0.1912385
      vertex -1.9517223 2.4165642 -0.0329503
      vertex -1.9082149 2.3568589 -0.0524477
    endloop
  endfacet
  facet normal 0.4189003 0.0160350 0.9078906
    outer loop
      vertex -1.6188725 2.6562804 -0.1912385
      vertex -1.9082149 2.3568589 -0.0524477
      vertex -1.5860700 2.5886980 -0.2051799
    endloop
  endfacet
  facet normal 0.2248476 0.2986021 0.9275130
    outer loop
      vertex -1.5860700 2.5886980 -0.2051799
      vertex -1.9082149 2.3568589 -0.0524477
      vertex -1.8559279 2.3013886 -0.0472651
    endloop
  endfacet
  facet normal 0.2206364 0.3024314 0.9272836
    outer loop
      vertex -1.5860700 2.5886980 -0.2051799
      vertex -1.8559279 2.3013886 -0.0472651
      vertex -1.5446953 2.5253804 -0.1943737
    endloop
  endfacet
  facet normal 0.0001272 0.5488302 0.8359338
    outer loop
      vertex -1.5446953 2.5253804 -0.1943737
      vertex -1.8559279 2.3013886 -0.0472651
      vertex -1.8011677 2.2568437 -0.0180276
    endloop
  endfacet
  facet normal -0.0043113 0.5517837 0.8339761
    outer loop
      vertex -1.5446953 2.5253804 -0.1943737
      vertex -1.8011677 2.2568437 -0.0180276
      vertex -1.4997389 2.4739647 -0.1601231
    endloop
  endfacet
  facet normal -0.2239996 0.7320414 0.6433814
    outer loop
      vertex -1.4997389 2.4739647 -0.1601231
      vertex -1.8011677 2.2568437 -0.0180276
      vertex -1.7505392 2.2285971 0.0317383
    endloop
  endfacet
  facet normal -0.2282112 0.7337024 0.6400003
    outer loop
      vertex -1.4997389 2.4739647 -0.1601231
      vertex -1.7505392 2.2285971 0.0317383
      vertex -1.4566233 2.4406523 -0.1065593
    endloop
  endfacet
  facet normal -0.4204551 0.8266591 0.3739682
    outer loop
      vertex -1.4566233 2.4406523 -0.1065593
      vertex -1.7505392 2.2285971 0.0317383
      vertex -1.7101490 2.2200558 0.0960300
    endloop
  endfacet
  facet normal -0.4240321 0.8267841 0.3696279
    outer loop
      vertex -1.4566233 2.4406523 -0.1065593
      vertex -1.7101490 2.2200558 0.0960300
      vertex -1.4205487 2.4294612 -0.0401428
    endloop
  endfacet
  facet normal -0.5661041 0.8221242 0.0603160
    outer loop
      vertex -1.4205487 2.4294612 -0.0401428
      vertex -1.7101490 2.2200558 0.0960300
      vertex -1.6848687 2.2322498 0.1670932
    endloop
  endfacet
  facet normal -0.5687243 0.8206489 0.0555701
    outer loop
      vertex -1.4205487 2.4294612 -0.0401428
      vertex -1.6848687 2.2322498 0.1670932
      vertex -1.3958664 2.4417413 0.0311154
    endloop
  endfacet
  facet normal -0.6439863 0.7193207 -0.2604983
    outer loop
      vertex -1.3958664 2.4417413 0.0311154
      vertex -1.6848687 2.2322498 0.1670932
      vertex -1.6777476 2.2637085 0.2363564
    endloop
  endfacet
  facet normal -0.6454328 0.7163514 -0.2650606
    outer loop
      vertex -1.3958664 2.4417413 0.0311154
      vertex -1.6777476 2.2637085 0.2363564
      vertex -1.3855533 2.4760113 0.0986207
    endloop
  endfacet
  facet normal -0.6447636 0.5301375 -0.5506670
    outer loop
      vertex -1.3855533 2.4760113 0.0986207
      vertex -1.6777476 2.2637085 0.2363564
      vertex -1.6896444 2.3106374 0.2954656
    endloop
  endfacet
  facet normal -0.6449422 0.5259444 -0.5544655
    outer loop
      vertex -1.3855533 2.4760113 0.0986207
      vertex -1.6896444 2.3106374 0.2954656
      vertex -1.3908535 2.5281378 0.1542308
    endloop
  endfacet
  facet normal -0.5677907 0.2765365 -0.7753330
    outer loop
      vertex -1.3908535 2.5281378 0.1542308
      vertex -1.6896444 2.3106374 0.2954656
      vertex -1.7191244 2.3673763 0.3372912
    endloop
  endfacet
  facet normal -0.5667515 0.2715440 -0.7778538
    outer loop
      vertex -1.3908535 2.5281378 0.1542308
      vertex -1.7191244 2.3673763 0.3372912
      vertex -1.4111275 2.5918336 0.1912385
    endloop
  endfacet
  facet normal -0.4217383 -0.0112463 -0.9066479
    outer loop
      vertex -1.4111275 2.5918336 0.1912385
      vertex -1.7191244 2.3673763 0.3372912
      vertex -1.7626317 2.4270816 0.3567886
    endloop
  endfacet
  facet normal -0.4196885 -0.0164944 -0.9075183
    outer loop
      vertex -1.4111275 2.5918336 0.1912385
      vertex -1.7626317 2.4270816 0.3567886
      vertex -1.4439300 2.6594160 0.2051799
    endloop
  endfacet
  facet normal -0.2241619 -0.2979896 -0.9278759
    outer loop
      vertex -1.4439300 2.6594160 0.2051799
      vertex -1.7626317 2.4270816 0.3567886
      vertex -1.8149188 2.4825519 0.3516060
    endloop
  endfacet
  facet normal -0.2214486 -0.3029029 -0.9269360
    outer loop
      vertex -1.4439300 2.6594160 0.2051799
      vertex -1.8149188 2.4825519 0.3516060
      vertex -1.4853047 2.7227336 0.1943737
    endloop
  endfacet
  facet normal 0.0587544 -0.4896055 -0.8699623
    outer loop
      vertex -1.8149188 2.4825519 0.3516060
      vertex -2.0870151 2.1817896 0.5024953
      vertex -2.1500621 2.2174434 0.4781718
    endloop
  endfacet
  facet normal 0.0622777 -0.4930205 -0.8677858
    outer loop
      vertex -1.8149188 2.4825519 0.3516060
      vertex -2.1500621 2.2174434 0.4781718
      vertex -1.8696790 2.5270968 0.3223685
    endloop
  endfacet
  facet normal 0.3201666 -0.6409252 -0.6976448
    outer loop
      vertex -1.8696790 2.5270968 0.3223685
      vertex -2.1500621 2.2174434 0.4781718
      vertex -2.2071372 2.2389980 0.4321763
    endloop
  endfacet
  facet normal 0.3233279 -0.6432524 -0.6940356
    outer loop
      vertex -1.8696790 2.5270968 0.3223685
      vertex -2.2071372 2.2389980 0.4321763
      vertex -1.9203075 2.5553434 0.2726026
    endloop
  endfacet
  facet normal 0.5422962 -0.7145990 -0.4418859
    outer loop
      vertex -1.9203075 2.5553434 0.2726026
      vertex -2.2071372 2.2389980 0.4321763
      vertex -2.2513563 2.2438538 0.3700567
    endloop
  endfacet
  facet normal 0.5446561 -0.7156561 -0.4372483
    outer loop
      vertex -1.9203075 2.5553434 0.2726026
      vertex -2.2513563 2.2438538 0.3700567
      vertex -1.9606977 2.5638847 0.2083109
    endloop
  endfacet
  facet normal 0.6990234 -0.7024756 -0.1337698
    outer loop
      vertex -1.9606977 2.5638847 0.2083109
      vertex -2.2513563 2.2438538 0.3700567
      vertex -2.2773859 2.2314250 0.2993054
    endloop
  endfacet
  facet normal 0.7002429 -0.7022248 -0.1286091
    outer loop
      vertex -1.9606977 2.5638847 0.2083109
      vertex -2.2773859 2.2314250 0.2993054
      vertex -1.9859779 2.5516907 0.1372477
    endloop
  endfacet
  facet normal 0.7721407 -0.6063118 0.1902231
    outer loop
      vertex -1.9859779 2.5516907 0.1372477
      vertex -2.2773859 2.2314250 0.2993054
      vertex -2.2820865 2.2032107 0.2284562
    endloop
  endfacet
  facet normal 0.7720041 -0.6048547 0.1953471
    outer loop
      vertex -1.9859779 2.5516907 0.1372477
      vertex -2.2820865 2.2032107 0.2284562
      vertex -1.9930991 2.5202320 0.0679845
    endloop
  endfacet
  facet normal 0.7528570 -0.4372726 0.4919339
    outer loop
      vertex -1.9930991 2.5202320 0.0679845
      vertex -2.2820865 2.2032107 0.2284562
      vertex -2.2648911 2.1626140 0.1660545
    endloop
  endfacet
  facet normal 0.7512946 -0.4348459 0.4964529
    outer loop
      vertex -1.9930991 2.5202320 0.0679845
      vertex -2.2648911 2.1626140 0.1660545
      vertex -1.9812022 2.4733031 0.0088754
    endloop
  endfacet
  facet normal 0.6428282 -0.2150150 0.7352145
    outer loop
      vertex -1.9812022 2.4733031 0.0088754
      vertex -2.2648911 2.1626140 0.1660545
      vertex -2.2278736 2.1145315 0.1196268
    endloop
  endfacet
  facet normal 0.6399378 -0.2119797 0.7386096
    outer loop
      vertex -1.9812022 2.4733031 0.0088754
      vertex -2.2278736 2.1145315 0.1196268
      vertex -1.9517223 2.4165642 -0.0329503
    endloop
  endfacet
  facet normal 0.4546215 0.0339530 0.8900373
    outer loop
      vertex -1.9517223 2.4165642 -0.0329503
      vertex -2.2278736 2.1145315 0.1196268
      vertex -2.1754991 2.0647625 0.0947730
    endloop
  endfacet
  facet normal 0.4506758 0.0371444 0.8919146
    outer loop
      vertex -1.9517223 2.4165642 -0.0329503
      vertex -2.1754991 2.0647625 0.0947730
      vertex -1.9082149 2.3568589 -0.0524477
    endloop
  endfacet
  facet normal 0.2109103 0.2791632 0.9367949
    outer loop
      vertex -1.9082149 2.3568589 -0.0524477
      vertex -2.1754991 2.0647625 0.0947730
      vertex -2.1140845 2.0193100 0.0944908
    endloop
  endfacet
  facet normal 0.2063286 0.2820282 0.9369571
    outer loop
      vertex -1.9082149 2.3568589 -0.0524477
      vertex -2.1140845 2.0193100 0.0944908
      vertex -1.8559279 2.3013886 -0.0472651
    endloop
  endfacet
  facet normal -0.0582247 0.4902996 0.8696069
    outer loop
      vertex -1.8559279 2.3013886 -0.0472651
      vertex -2.1140845 2.0193100 0.0944908
      vertex -2.0510375 1.9836563 0.1188144
    endloop
  endfacet
  facet normal -0.0629419 0.4924027 0.8680886
    outer loop
      vertex -1.8559279 2.3013886 -0.0472651
      vertex -2.0510375 1.9836563 0.1188144
      vertex -1.8011677 2.2568437 -0.0180276
    endloop
  endfacet
  facet normal -0.3196125 0.6416036 0.6972752
    outer loop
      vertex -1.8011677 2.2568437 -0.0180276
      vertex -2.0510375 1.9836563 0.1188144
      vertex -1.9939624 1.9621016 0.1648098
    endloop
  endfacet
  facet normal -0.3239646 0.6426199 0.6943245
    outer loop
      vertex -1.8011677 2.2568437 -0.0180276
      vertex -1.9939624 1.9621016 0.1648098
      vertex -1.7505392 2.2285971 0.0317383
    endloop
  endfacet
  facet normal -0.5417057 0.7152737 0.4415183
    outer loop
      vertex -1.7505392 2.2285971 0.0317383
      vertex -1.9939624 1.9621016 0.1648098
      vertex -1.9497433 1.9572458 0.2269295
    endloop
  endfacet
  facet normal -0.5452567 0.7150196 0.4375410
    outer loop
      vertex -1.7505392 2.2285971 0.0317383
      vertex -1.9497433 1.9572458 0.2269295
      vertex -1.7101490 2.2200558 0.0960300
    endloop
  endfacet
  facet normal -0.6984012 0.7031606 0.1334205
    outer loop
      vertex -1.7101490 2.2200558 0.0960300
      vertex -1.9497433 1.9572458 0.2269295
      vertex -1.9237137 1.9696746 0.2976807
    endloop
  endfacet
  facet normal -0.7008156 0.7015960 0.1289208
    outer loop
      vertex -1.7101490 2.2200558 0.0960300
      vertex -1.9237137 1.9696746 0.2976807
      vertex -1.6848687 2.2322498 0.1670932
    endloop
  endfacet
  facet normal -0.7715068 0.6070169 -0.1905459
    outer loop
      vertex -1.6848687 2.2322498 0.1670932
      vertex -1.9237137 1.9696746 0.2976807
      vertex -1.9190131 1.9978889 0.3685299
    endloop
  endfacet
  facet normal -0.7725694 0.6042413 -0.1950104
    outer loop
      vertex -1.6848687 2.2322498 0.1670932
      vertex -1.9190131 1.9978889 0.3685299
      vertex -1.6777476 2.2637085 0.2363564
    endloop
  endfacet
  facet normal -0.7522378 0.4379984 -0.4922355
    outer loop
      vertex -1.6777476 2.2637085 0.2363564
      vertex -1.9190131 1.9978889 0.3685299
      vertex -1.9362086 2.0384856 0.4309317
    endloop
  endfacet
  facet normal -0.7518760 0.4342484 -0.4960955
    outer loop
      vertex -1.6777476 2.2637085 0.2363564
      vertex -1.9362086 2.0384856 0.4309317
      vertex -1.6896444 2.3106374 0.2954656
    endloop
  endfacet
  facet normal -0.6422426 0.2157517 -0.7355105
    outer loop
      vertex -1.6896444 2.3106374 0.2954656
      vertex -1.9362086 2.0384856 0.4309317
      vertex -1.9732260 2.0865682 0.4773594
    endloop
  endfacet
  facet normal -0.6405521 0.2113921 -0.7382454
    outer loop
      vertex -1.6896444 2.3106374 0.2954656
      vertex -1.9732260 2.0865682 0.4773594
      vertex -1.7191244 2.3673763 0.3372912
    endloop
  endfacet
  facet normal -0.4540719 -0.0332208 -0.8903455
    outer loop
      vertex -1.7191244 2.3673763 0.3372912
      vertex -1.9732260 2.0865682 0.4773594
      vertex -2.0256005 2.1363371 0.5022132
    endloop
  endfacet
  facet normal -0.4513250 -0.0377327 -0.8915616
    outer loop
      vertex -1.7191244 2.3673763 0.3372912
      vertex -2.0256005 2.1363371 0.5022132
      vertex -1.7626317 2.4270816 0.3567886
    endloop
  endfacet
  facet normal -0.2103825 -0.2784479 -0.9371264
    outer loop
      vertex -1.7626317 2.4270816 0.3567886
      vertex -2.0256005 2.1363371 0.5022132
      vertex -2.0870151 2.1817896 0.5024953
    endloop
  endfacet
  facet normal -0.2069978 -0.2826283 -0.9366286
    outer loop
      vertex -1.7626317 2.4270816 0.3567886
      vertex -2.0870151 2.1817896 0.5024953
      vertex -1.8149188 2.4825519 0.3516060
    endloop
  endfacet
  facet normal 0.1027826 -0.4218361 -0.9008274
    outer loop
      vertex -2.0870151 2.1817896 0.5024953
      vertex -2.2908052 1.8355485 0.6413798
      vertex -2.3602468 1.8606255 0.6217137
    endloop
  endfacet
  facet normal 0.1067633 -0.4245730 -0.8990769
    outer loop
      vertex -2.0870151 2.1817896 0.5024953
      vertex -2.3602468 1.8606255 0.6217137
      vertex -2.1500621 2.2174434 0.4781718
    endloop
  endfacet
  facet normal 0.3946487 -0.5334308 -0.7481337
    outer loop
      vertex -2.1500621 2.2174434 0.4781718
      vertex -2.3602468 1.8606255 0.6217137
      vertex -2.4223702 1.8741111 0.5793275
    endloop
  endfacet
  facet normal 0.3981731 -0.5352840 -0.7449357
    outer loop
      vertex -2.1500621 2.2174434 0.4781718
      vertex -2.4223702 1.8741111 0.5793275
      vertex -2.2071372 2.2389980 0.4321763
    endloop
  endfacet
  facet normal 0.6381512 -0.5804174 -0.5058445
    outer loop
      vertex -2.2071372 2.2389980 0.4321763
      vertex -2.4223702 1.8741111 0.5793275
      vertex -2.4696821 1.8743787 0.5193337
    endloop
  endfacet
  facet normal 0.6407583 -0.5812689 -0.5015528
    outer loop
      vertex -2.2071372 2.2389980 0.4321763
      vertex -2.4696821 1.8743787 0.5193337
      vertex -2.2513563 2.2438538 0.3700567
    endloop
  endfacet
  facet normal 0.8046909 -0.5577228 -0.2035138
    outer loop
      vertex -2.2513563 2.2438538 0.3700567
      vertex -2.4696821 1.8743787 0.5193337
      vertex -2.4964763 1.8613962 0.4489683
    endloop
  endfacet
  facet normal 0.8060285 -0.5575650 -0.1985936
    outer loop
      vertex -2.2513563 2.2438538 0.3700567
      vertex -2.4964763 1.8613962 0.4489683
      vertex -2.2773859 2.2314250 0.2993054
    endloop
  endfacet
  facet normal 0.8749632 -0.4683022 0.1230140
    outer loop
      vertex -2.2773859 2.2314250 0.2993054
      vertex -2.4964763 1.8613962 0.4489683
      vertex -2.4995207 1.8367293 0.3767185
    endloop
  endfacet
  facet normal 0.8748144 -0.4672353 0.1280267
    outer loop
      vertex -2.2773859 2.2314250 0.2993054
      vertex -2.4995207 1.8367293 0.3767185
      vertex -2.2820865 2.2032107 0.2284562
    endloop
  endfacet
  facet normal 0.8405099 -0.3225706 0.4353060
    outer loop
      vertex -2.2820865 2.2032107 0.2284562
      vertex -2.4995207 1.8367293 0.3767185
      vertex -2.4784484 1.8033534 0.3112987
    endloop
  endfacet
  facet normal 0.8388209 -0.3208001 0.4398486
    outer loop
      vertex -2.2820865 2.2032107 0.2284562
      vertex -2.4784484 1.8033534 0.3112987
      vertex -2.2648911 2.1626140 0.1660545
    endloop
  endfacet
  facet normal 0.7047197 -0.1375142 0.6960316
    outer loop
      vertex -2.2648911 2.1626140 0.1660545
      vertex -2.4784484 1.8033534 0.3112987
      vertex -2.4358008 1.7652939 0.2605994
    endloop
  endfacet
  facet normal 0.7016237 -0.1353388 0.6995768
    outer loop
      vertex -2.2648911 2.1626140 0.1660545
      vertex -2.4358008 1.7652939 0.2605994
      vertex -2.2278736 2.1145315 0.1196268
    endloop
  endfacet
  facet normal 0.4831801 0.0647699 0.8731219
    outer loop
      vertex -2.2278736 2.1145315 0.1196268
      vertex -2.4358008 1.7652939 0.2605994
      vertex -2.3767219 1.7271415 0.2307358
    endloop
  endfacet
  facet normal 0.4789990 0.0669884 0.8752557
    outer loop
      vertex -2.2278736 2.1145315 0.1196268
      vertex -2.3767219 1.7271415 0.2307358
      vertex -2.1754991 2.0647625 0.0947730
    endloop
  endfacet
  facet normal 0.2025957 0.2595102 0.9442507
    outer loop
      vertex -2.1754991 2.0647625 0.0947730
      vertex -2.3767219 1.7271415 0.2307358
      vertex -2.3083376 1.6934978 0.2253098
    endloop
  endfacet
  facet normal 0.1978005 0.2614001 0.9447460
    outer loop
      vertex -2.1754991 2.0647625 0.0947730
      vertex -2.3083376 1.6934978 0.2253098
      vertex -2.1140845 2.0193100 0.0944908
    endloop
  endfacet
  facet normal -0.1024065 0.4226222 0.9005017
    outer loop
      vertex -2.1140845 2.0193100 0.0944908
      vertex -2.3083376 1.6934978 0.2253098
      vertex -2.2388959 1.6684209 0.2449759
    endloop
  endfacet
  facet normal -0.1072727 0.4238603 0.8993526
    outer loop
      vertex -2.1140845 2.0193100 0.0944908
      vertex -2.2388959 1.6684209 0.2449759
      vertex -2.0510375 1.9836563 0.1188144
    endloop
  endfacet
  facet normal -0.3942422 0.5342159 0.7477877
    outer loop
      vertex -2.0510375 1.9836563 0.1188144
      vertex -2.2388959 1.6684209 0.2449759
      vertex -2.1767726 1.6549353 0.2873620
    endloop
  endfacet
  facet normal -0.3986495 0.5345711 0.7451928
    outer loop
      vertex -2.0510375 1.9836563 0.1188144
      vertex -2.1767726 1.6549353 0.2873620
      vertex -1.9939624 1.9621016 0.1648098
    endloop
  endfacet
  facet normal -0.6377046 0.5812115 0.5054959
    outer loop
      vertex -1.9939624 1.9621016 0.1648098
      vertex -2.1767726 1.6549353 0.2873620
      vertex -2.1294606 1.6546676 0.3473559
    endloop
  endfacet
  facet normal -0.6411973 0.5805623 0.5018101
    outer loop
      vertex -1.9939624 1.9621016 0.1648098
      vertex -2.1294606 1.6546676 0.3473559
      vertex -1.9497433 1.9572458 0.2269295
    endloop
  endfacet
  facet normal -0.8042131 0.5585321 0.2031826
    outer loop
      vertex -1.9497433 1.9572458 0.2269295
      vertex -2.1294606 1.6546676 0.3473559
      vertex -2.1026665 1.6676502 0.4177212
    endloop
  endfacet
  facet normal -0.8064429 0.5568673 0.1988686
    outer loop
      vertex -1.9497433 1.9572458 0.2269295
      vertex -2.1026665 1.6676502 0.4177212
      vertex -1.9237137 1.9696746 0.2976807
    endloop
  endfacet
  facet normal -0.8744791 0.4691264 -0.1233158
    outer loop
      vertex -1.9237137 1.9696746 0.2976807
      vertex -2.1026665 1.6676502 0.4177212
      vertex -2.0996220 1.6923170 0.4899710
    endloop
  endfacet
  facet normal -0.8752272 0.4665446 -0.1277242
    outer loop
      vertex -1.9237137 1.9696746 0.2976807
      vertex -2.0996220 1.6923170 0.4899710
      vertex -1.9190131 1.9978889 0.3685299
    endloop
  endfacet
  facet normal -0.8400476 0.3234022 -0.4355813
    outer loop
      vertex -1.9190131 1.9978889 0.3685299
      vertex -2.0996220 1.6923170 0.4899710
      vertex -2.1206944 1.7256930 0.5553909
    endloop
  endfacet
  facet normal -0.8392559 0.3201114 -0.4395205
    outer loop
      vertex -1.9190131 1.9978889 0.3685299
      vertex -2.1206944 1.7256930 0.5553909
      vertex -1.9362086 2.0384856 0.4309317
    endloop
  endfacet
  facet normal -0.7042961 0.1383415 -0.6962964
    outer loop
      vertex -1.9362086 2.0384856 0.4309317
      vertex -2.1206944 1.7256930 0.5553909
      vertex -2.1633420 1.7637525 0.6060901
    endloop
  endfacet
  facet normal -0.7020954 0.1346474 -0.6992368
    outer loop
      vertex -1.9362086 2.0384856 0.4309317
      vertex -2.1633420 1.7637525 0.6060901
      vertex -1.9732260 2.0865682 0.4773594
    endloop
  endfacet
  facet normal -0.4827933 -0.0639565 -0.8733958
    outer loop
      vertex -1.9732260 2.0865682 0.4773594
      vertex -2.1633420 1.7637525 0.6060901
      vertex -2.2224208 1.8019049 0.6359538
    endloop
  endfacet
  facet normal -0.4795053 -0.0676866 -0.8749247
    outer loop
      vertex -1.9732260 2.0865682 0.4773594
      vertex -2.2224208 1.8019049 0.6359538
      vertex -2.0256005 2.1363371 0.5022132
    endloop
  endfacet
  facet normal -0.2022272 -0.2587132 -0.9445484
    outer loop
      vertex -2.0256005 2.1363371 0.5022132
      vertex -2.2224208 1.8019049 0.6359538
      vertex -2.2908052 1.8355485 0.6413798
    endloop
  endfacet
  facet normal -0.1983220 -0.2621067 -0.9444408
    outer loop
      vertex -2.0256005 2.1363371 0.5022132
      vertex -2.2908052 1.8355485 0.6413798
      vertex -2.0870151 2.1817896 0.5024953
    endloop
  endfacet
  facet normal 0.1320747 -0.3471686 -0.9284558
    outer loop
      vertex -2.2908052 1.8355485 0.6413798
      vertex -2.4200749 1.4609172 0.7630732
      vertex -2.4937230 1.4741680 0.7476419
    endloop
  endfacet
  facet normal 0.1364389 -0.3492083 -0.9270588
    outer loop
      vertex -2.2908052 1.8355485 0.6413798
      vertex -2.4937230 1.4741680 0.7476419
      vertex -2.3602468 1.8606255 0.6217137
    endloop
  endfacet
  facet normal 0.4460817 -0.4128270 -0.7940938
    outer loop
      vertex -2.3602468 1.8606255 0.6217137
      vertex -2.4937230 1.4741680 0.7476419
      vertex -2.5592278 1.4785661 0.7085581
    endloop
  endfacet
  facet normal 0.4499299 -0.4141767 -0.7912147
    outer loop
      vertex -2.3602468 1.8606255 0.6217137
      vertex -2.5592278 1.4785661 0.7085581
      vertex -2.4223702 1.8741111 0.5793275
    endloop
  endfacet
  facet normal 0.7054498 -0.4285277 -0.5645393
    outer loop
      vertex -2.4223702 1.8741111 0.5793275
      vertex -2.5592278 1.4785661 0.7085581
      vertex -2.6086884 1.4735811 0.6505361
    endloop
  endfacet
  facet normal 0.7083023 -0.4291350 -0.5604917
    outer loop
      vertex -2.4223702 1.8741111 0.5793275
      vertex -2.6086884 1.4735811 0.6505361
      vertex -2.4696821 1.8743787 0.5193337
    endloop
  endfacet
  facet normal 0.8797390 -0.3928072 -0.2678839
    outer loop
      vertex -2.4696821 1.8743787 0.5193337
      vertex -2.6086884 1.4735811 0.6505361
      vertex -2.6361391 1.4598142 0.5805741
    endloop
  endfacet
  facet normal 0.8812281 -0.3926992 -0.2631052
    outer loop
      vertex -2.4696821 1.8743787 0.5193337
      vertex -2.6361391 1.4598142 0.5805741
      vertex -2.4964763 1.8613962 0.4489683
    endloop
  endfacet
  facet normal 0.9487715 -0.3100854 0.0606614
    outer loop
      vertex -2.4964763 1.8613962 0.4489683
      vertex -2.6361391 1.4598142 0.5805741
      vertex -2.6382689 1.4389258 0.5071105
    endloop
  endfacet
  facet normal 0.9486743 -0.3093668 0.0656457
    outer loop
      vertex -2.4964763 1.8613962 0.4489683
      vertex -2.6382689 1.4389258 0.5071105
      vertex -2.4995207 1.8367293 0.3767185
    endloop
  endfacet
  facet normal 0.9042280 -0.1900249 0.3824425
    outer loop
      vertex -2.4995207 1.8367293 0.3767185
      vertex -2.6382689 1.4389258 0.5071105
      vertex -2.6148211 1.4134355 0.4390062
    endloop
  endfacet
  facet normal 0.9025007 -0.1888743 0.3870645
    outer loop
      vertex -2.4995207 1.8367293 0.3767185
      vertex -2.6148211 1.4134355 0.4390062
      vertex -2.4784484 1.8033534 0.3112987
    endloop
  endfacet
  facet normal 0.7506425 -0.0466779 0.6590577
    outer loop
      vertex -2.4784484 1.8033534 0.3112987
      vertex -2.6148211 1.4134355 0.4390062
      vertex -2.5686237 1.3864178 0.3844755
    endloop
  endfacet
  facet normal 0.7474460 -0.0453344 0.6627739
    outer loop
      vertex -2.4784484 1.8033534 0.3112987
      vertex -2.5686237 1.3864178 0.3844755
      vertex -2.4358008 1.7652939 0.2605994
    endloop
  endfacet
  facet normal 0.5056869 0.1027831 0.8565725
    outer loop
      vertex -2.4358008 1.7652939 0.2605994
      vertex -2.5686237 1.3864178 0.3844755
      vertex -2.5052488 1.3611313 0.3500957
    endloop
  endfacet
  facet normal 0.5013810 0.1040489 0.8589476
    outer loop
      vertex -2.4358008 1.7652939 0.2605994
      vertex -2.5052488 1.3611313 0.3500957
      vertex -2.3767219 1.7271415 0.2307358
    endloop
  endfacet
  facet normal 0.1989007 0.2400167 0.9501739
    outer loop
      vertex -2.3767219 1.7271415 0.2307358
      vertex -2.5052488 1.3611313 0.3500957
      vertex -2.4323404 1.3406261 0.3400134
    endloop
  endfacet
  facet normal 0.1939931 0.2409434 0.9509537
    outer loop
      vertex -2.3767219 1.7271415 0.2307358
      vertex -2.4323404 1.3406261 0.3400134
      vertex -2.3083376 1.6934978 0.2253098
    endloop
  endfacet
  facet normal -0.1318558 0.3480409 0.9281603
    outer loop
      vertex -2.3083376 1.6934978 0.2253098
      vertex -2.4323404 1.3406261 0.3400134
      vertex -2.3586923 1.3273753 0.3554447
    endloop
  endfacet
  facet normal -0.1367946 0.3484160 0.9273045
    outer loop
      vertex -2.3083376 1.6934978 0.2253098
      vertex -2.3586923 1.3273753 0.3554447
      vertex -2.2388959 1.6684209 0.2449759
    endloop
  endfacet
  facet normal -0.4458303 0.4137158 0.7937724
    outer loop
      vertex -2.2388959 1.6684209 0.2449759
      vertex -2.3586923 1.3273753 0.3554447
      vertex -2.2931875 1.3229772 0.3945284
    endloop
  endfacet
  facet normal -0.4502510 0.4134000 0.7914382
    outer loop
      vertex -2.2388959 1.6684209 0.2449759
      vertex -2.2931875 1.3229772 0.3945284
      vertex -2.1767726 1.6549353 0.2873620
    endloop
  endfacet
  facet normal -0.7051578 0.4294381 0.5642122
    outer loop
      vertex -2.1767726 1.6549353 0.2873620
      vertex -2.2931875 1.3229772 0.3945284
      vertex -2.2437270 1.3279622 0.4525505
    endloop
  endfacet
  facet normal -0.7085879 0.4283730 0.5607136
    outer loop
      vertex -2.1767726 1.6549353 0.2873620
      vertex -2.2437270 1.3279622 0.4525505
      vertex -2.1294606 1.6546676 0.3473559
    endloop
  endfacet
  facet normal -0.8794181 0.3937350 0.2675755
    outer loop
      vertex -2.1294606 1.6546676 0.3473559
      vertex -2.2437270 1.3279622 0.4525505
      vertex -2.2162763 1.3417291 0.5225125
    endloop
  endfacet
  facet normal -0.8814929 0.3919430 0.2633455
    outer loop
      vertex -2.1294606 1.6546676 0.3473559
      vertex -2.2162763 1.3417291 0.5225125
      vertex -2.1026665 1.6676502 0.4177212
    endloop
  endfacet
  facet normal -0.9484484 0.3110183 -0.0609360
    outer loop
      vertex -2.1026665 1.6676502 0.4177212
      vertex -2.2162763 1.3417291 0.5225125
      vertex -2.2141464 1.3626175 0.5959761
    endloop
  endfacet
  facet normal -0.9489412 0.3086047 -0.0653743
    outer loop
      vertex -2.1026665 1.6676502 0.4177212
      vertex -2.2141464 1.3626175 0.5959761
      vertex -2.0996220 1.6923170 0.4899710
    endloop
  endfacet
  facet normal -0.9039306 0.1909479 -0.3826856
    outer loop
      vertex -2.0996220 1.6923170 0.4899710
      vertex -2.2141464 1.3626175 0.5959761
      vertex -2.2375942 1.3881077 0.6640804
    endloop
  endfacet
  facet normal -0.9027922 0.1880983 -0.3867624
    outer loop
      vertex -2.0996220 1.6923170 0.4899710
      vertex -2.2375942 1.3881077 0.6640804
      vertex -2.1206944 1.7256930 0.5553909
    endloop
  endfacet
  facet normal -0.7503849 0.0475800 -0.6592865
    outer loop
      vertex -2.1206944 1.7256930 0.5553909
      vertex -2.2375942 1.3881077 0.6640804
      vertex -2.2837916 1.4151255 0.7186111
    endloop
  endfacet
  facet normal -0.7477748 0.0445432 -0.6624566
    outer loop
      vertex -2.1206944 1.7256930 0.5553909
      vertex -2.2837916 1.4151255 0.7186111
      vertex -2.1633420 1.7637525 0.6060901
    endloop
  endfacet
  facet normal -0.5054640 -0.1019026 -0.8568092
    outer loop
      vertex -2.1633420 1.7637525 0.6060901
      vertex -2.2837916 1.4151255 0.7186111
      vertex -2.3471665 1.4404119 0.7529909
    endloop
  endfacet
  facet normal -0.5017424 -0.1048498 -0.8586391
    outer loop
      vertex -2.1633420 1.7637525 0.6060901
      vertex -2.3471665 1.4404119 0.7529909
      vertex -2.2224208 1.8019049 0.6359538
    endloop
  endfacet
  facet normal -0.1986926 -0.2391480 -0.9504365
    outer loop
      vertex -2.2224208 1.8019049 0.6359538
      vertex -2.3471665 1.4404119 0.7529909
      vertex -2.4200749 1.4609172 0.7630732
    endloop
  endfacet
  facet normal -0.1943653 -0.2417450 -0.9506742
    outer loop
      vertex -2.2224208 1.8019049 0.6359538
      vertex -2.4200749 1.4609172 0.7630732
      vertex -2.2908052 1.8355485 0.6413798
    endloop
  endfacet
  facet normal 0.1462721 -0.2672827 -0.9524518
    outer loop
      vertex -2.4200749 1.4609172 0.7630732
      vertex -2.4734664 1.0755137 0.8630279
      vertex -2.5489531 1.0762173 0.8512376
    endloop
  endfacet
  facet normal 0.1510032 -0.2686126 -0.9513387
    outer loop
      vertex -2.4200749 1.4609172 0.7630732
      vertex -2.5489531 1.0762173 0.8512376
      vertex -2.4937230 1.4741680 0.7476419
    endloop
  endfacet
  facet normal 0.4730322 -0.2828647 -0.8344029
    outer loop
      vertex -2.4937230 1.4741680 0.7476419
      vertex -2.5489531 1.0762173 0.8512376
      vertex -2.6160130 1.0709691 0.8149998
    endloop
  endfacet
  facet normal 0.4772133 -0.2836877 -0.8317384
    outer loop
      vertex -2.4937230 1.4741680 0.7476419
      vertex -2.6160130 1.0709691 0.8149998
      vertex -2.5592278 1.4785661 0.7085581
    endloop
  endfacet
  facet normal 0.7418683 -0.2642891 -0.6162651
    outer loop
      vertex -2.5592278 1.4785661 0.7085581
      vertex -2.6160130 1.0709691 0.8149998
      vertex -2.6665577 1.0604021 0.7586852
    endloop
  endfacet
  facet normal 0.7449981 -0.2646212 -0.6123344
    outer loop
      vertex -2.5592278 1.4785661 0.7085581
      vertex -2.6665577 1.0604021 0.7586852
      vertex -2.6086884 1.4735811 0.6505361
    endloop
  endfacet
  facet normal 0.9212445 -0.2140438 -0.3247982
    outer loop
      vertex -2.6086884 1.4735811 0.6505361
      vertex -2.6665577 1.0604021 0.7586852
      vertex -2.6944906 1.0457908 0.6890862
    endloop
  endfacet
  facet normal 0.9229340 -0.2139527 -0.3200267
    outer loop
      vertex -2.6086884 1.4735811 0.6505361
      vertex -2.6944906 1.0457908 0.6890862
      vertex -2.6361391 1.4598142 0.5805741
    endloop
  endfacet
  facet normal 0.9903934 -0.1381736 0.0053810
    outer loop
      vertex -2.6361391 1.4598142 0.5805741
      vertex -2.6944906 1.0457908 0.6890862
      vertex -2.6964427 1.0288976 0.6145976
    endloop
  endfacet
  facet normal 0.9904084 -0.1377746 0.0104601
    outer loop
      vertex -2.6361391 1.4598142 0.5805741
      vertex -2.6964427 1.0288976 0.6145976
      vertex -2.6382689 1.4389258 0.5071105
    endloop
  endfacet
  facet normal 0.9409609 -0.0455686 0.3354343
    outer loop
      vertex -2.6382689 1.4389258 0.5071105
      vertex -2.6964427 1.0288976 0.6145976
      vertex -2.6721786 1.0117600 0.5442036
    endloop
  endfacet
  facet normal 0.9392636 -0.0450174 0.3402312
    outer loop
      vertex -2.6382689 1.4389258 0.5071105
      vertex -2.6721786 1.0117600 0.5442036
      vertex -2.6148211 1.4134355 0.4390062
    endloop
  endfacet
  facet normal 0.7780246 0.0528505 0.6260068
    outer loop
      vertex -2.6148211 1.4134355 0.4390062
      vertex -2.6721786 1.0117600 0.5442036
      vertex -2.6246248 0.9964451 0.4863949
    endloop
  endfacet
  facet normal 0.7747989 0.0533745 0.6299507
    outer loop
      vertex -2.6148211 1.4134355 0.4390062
      vertex -2.6246248 0.9964451 0.4863949
      vertex -2.5686237 1.3864178 0.3844755
    endloop
  endfacet
  facet normal 0.5203593 0.1452042 0.8415117
    outer loop
      vertex -2.5686237 1.3864178 0.3844755
      vertex -2.6246248 0.9964451 0.4863949
      vertex -2.5595170 0.9848000 0.4481441
    endloop
  endfacet
  facet normal 0.5159952 0.1455219 0.8441400
    outer loop
      vertex -2.5686237 1.3864178 0.3844755
      vertex -2.5595170 0.9848000 0.4481441
      vertex -2.5052488 1.3611313 0.3500957
    endloop
  endfacet
  facet normal 0.1990580 0.2200960 0.9549522
    outer loop
      vertex -2.5052488 1.3611313 0.3500957
      vertex -2.5595170 0.9848000 0.4481441
      vertex -2.4847083 0.9782295 0.4340647
    endloop
  endfacet
  facet normal 0.1940901 0.2200557 0.9559835
    outer loop
      vertex -2.5052488 1.3611313 0.3500957
      vertex -2.4847083 0.9782295 0.4340647
      vertex -2.4323404 1.3406261 0.3400134
    endloop
  endfacet
  facet normal -0.1462219 0.2682473 0.9521883
    outer loop
      vertex -2.4323404 1.3406261 0.3400134
      vertex -2.4847083 0.9782295 0.4340647
      vertex -2.4092215 0.9775259 0.4458550
    endloop
  endfacet
  facet normal -0.1512039 0.2677445 0.9515515
    outer loop
      vertex -2.4323404 1.3406261 0.3400134
      vertex -2.4092215 0.9775259 0.4458550
      vertex -2.3586923 1.3273753 0.3554447
    endloop
  endfacet
  facet normal -0.4729516 0.2838647 0.8341089
    outer loop
      vertex -2.3586923 1.3273753 0.3554447
      vertex -2.4092215 0.9775259 0.4458550
      vertex -2.3421616 0.9827741 0.4820928
    endloop
  endfacet
  facet normal -0.4773819 0.2828502 0.8319268
    outer loop
      vertex -2.3586923 1.3273753 0.3554447
      vertex -2.3421616 0.9827741 0.4820928
      vertex -2.2931875 1.3229772 0.3945284
    endloop
  endfacet
  facet normal -0.7417494 0.2653211 0.6159647
    outer loop
      vertex -2.2931875 1.3229772 0.3945284
      vertex -2.3421616 0.9827741 0.4820928
      vertex -2.2916170 0.9933411 0.5384074
    endloop
  endfacet
  facet normal -0.7451349 0.2638021 0.6125214
    outer loop
      vertex -2.2931875 1.3229772 0.3945284
      vertex -2.2916170 0.9933411 0.5384074
      vertex -2.2437270 1.3279622 0.4525505
    endloop
  endfacet
  facet normal -0.9210988 0.2150902 0.3245200
    outer loop
      vertex -2.2437270 1.3279622 0.4525505
      vertex -2.2916170 0.9933411 0.5384074
      vertex -2.2636840 1.0079524 0.6080064
    endloop
  endfacet
  facet normal -0.9230521 0.2131304 0.3202348
    outer loop
      vertex -2.2437270 1.3279622 0.4525505
      vertex -2.2636840 1.0079524 0.6080064
      vertex -2.2162763 1.3417291 0.5225125
    endloop
  endfacet
  facet normal -0.9902470 0.1392097 -0.0056198
    outer loop
      vertex -2.2162763 1.3417291 0.5225125
      vertex -2.2636840 1.0079524 0.6080064
      vertex -2.2617319 1.0248456 0.6824950
    endloop
  endfacet
  facet normal -0.9905281 0.1369294 -0.0102163
    outer loop
      vertex -2.2162763 1.3417291 0.5225125
      vertex -2.2617319 1.0248456 0.6824950
      vertex -2.2141464 1.3626175 0.5959761
    endloop
  endfacet
  facet normal -0.9408393 0.0465739 -0.3356371
    outer loop
      vertex -2.2141464 1.3626175 0.5959761
      vertex -2.2617319 1.0248456 0.6824950
      vertex -2.2859960 1.0419832 0.7528890
    endloop
  endfacet
  facet normal -0.9394062 0.0441410 -0.3399523
    outer loop
      vertex -2.2141464 1.3626175 0.5959761
      vertex -2.2859960 1.0419832 0.7528890
      vertex -2.2375942 1.3881077 0.6640804
    endloop
  endfacet
  facet normal -0.7779396 -0.0518821 -0.6261934
    outer loop
      vertex -2.2375942 1.3881077 0.6640804
      vertex -2.2859960 1.0419832 0.7528890
      vertex -2.3335498 1.0572981 0.8106977
    endloop
  endfacet
  facet normal -0.7749767 -0.0542757 -0.6296549
    outer loop
      vertex -2.2375942 1.3881077 0.6640804
      vertex -2.3335498 1.0572981 0.8106977
      vertex -2.2837916 1.4151255 0.7186111
    endloop
  endfacet
  facet normal -0.5203054 -0.1442609 -0.8417072
    outer loop
      vertex -2.2837916 1.4151255 0.7186111
      vertex -2.3335498 1.0572981 0.8106977
      vertex -2.3986576 1.0689431 0.8489485
    endloop
  endfacet
  facet normal -0.5162035 -0.1464308 -0.8438554
    outer loop
      vertex -2.2837916 1.4151255 0.7186111
      vertex -2.3986576 1.0689431 0.8489485
      vertex -2.3471665 1.4404119 0.7529909
    endloop
  endfacet
  facet normal -0.1990176 -0.2191540 -0.9551772
    outer loop
      vertex -2.3471665 1.4404119 0.7529909
      vertex -2.3986576 1.0689431 0.8489485
      vertex -2.4734664 1.0755137 0.8630279
    endloop
  endfacet
  facet normal -0.1943074 -0.2209518 -0.9557327
    outer loop
      vertex -2.3471665 1.4404119 0.7529909
      vertex -2.4734664 1.0755137 0.8630279
      vertex -2.4200749 1.4609172 0.7630732
    endloop
  endfacet
  facet normal 0.1448881 -0.1834023 -0.9723019
    outer loop
      vertex -2.4734664 1.0755137 0.8630279
      vertex -2.4543034 0.6960441 0.9374616
      vertex -2.5292381 0.6840788 0.9285522
    endloop
  endfacet
  facet normal 0.1500104 -0.1839836 -0.9714149
    outer loop
      vertex -2.4734664 1.0755137 0.8630279
      vertex -2.5292381 0.6840788 0.9285522
      vertex -2.5489531 1.0762173 0.8512376
    endloop
  endfacet
  facet normal 0.4745573 -0.1472423 -0.8678221
    outer loop
      vertex -2.5489531 1.0762173 0.8512376
      vertex -2.5292381 0.6840788 0.9285522
      vertex -2.5960213 0.6691607 0.8945638
    endloop
  endfacet
  facet normal 0.4791176 -0.1474979 -0.8652691
    outer loop
      vertex -2.5489531 1.0762173 0.8512376
      vertex -2.5960213 0.6691607 0.8945638
      vertex -2.6160130 1.0709691 0.8149998
    endloop
  endfacet
  facet normal 0.7461310 -0.0934108 -0.6592139
    outer loop
      vertex -2.6160130 1.0709691 0.8149998
      vertex -2.5960213 0.6691607 0.8945638
      vertex -2.6465980 0.6530893 0.8395959
    endloop
  endfacet
  facet normal 0.7495994 -0.0934322 -0.6552642
    outer loop
      vertex -2.6160130 1.0709691 0.8149998
      vertex -2.6465980 0.6530893 0.8395959
      vertex -2.6665577 1.0604021 0.7586852
    endloop
  endfacet
  facet normal 0.9277584 -0.0284517 -0.3720953
    outer loop
      vertex -2.6665577 1.0604021 0.7586852
      vertex -2.6465980 0.6530893 0.8395959
      vertex -2.6748678 0.6378031 0.7702785
    endloop
  endfacet
  facet normal 0.9297171 -0.0283554 -0.3671812
    outer loop
      vertex -2.6665577 1.0604021 0.7586852
      vertex -2.6748678 0.6378031 0.7702785
      vertex -2.6944906 1.0457908 0.6890862
    endloop
  endfacet
  facet normal 0.9983781 0.0399460 -0.0405643
    outer loop
      vertex -2.6944906 1.0457908 0.6890862
      vertex -2.6748678 0.6378031 0.7702785
      vertex -2.6774211 0.6251457 0.6949723
    endloop
  endfacet
  facet normal 0.9985766 0.0400284 -0.0352478
    outer loop
      vertex -2.6944906 1.0457908 0.6890862
      vertex -2.6774211 0.6251457 0.6949723
      vertex -2.6964427 1.0288976 0.6145976
    endloop
  endfacet
  facet normal 0.9494203 0.1037296 0.2963802
    outer loop
      vertex -2.6964427 1.0288976 0.6145976
      vertex -2.6774211 0.6251457 0.6949723
      vertex -2.6539498 0.6166438 0.6227603
    endloop
  endfacet
  facet normal 0.9478239 0.1036658 0.3014684
    outer loop
      vertex -2.6964427 1.0288976 0.6145976
      vertex -2.6539498 0.6166438 0.6227603
      vertex -2.6721786 1.0117600 0.5442036
    endloop
  endfacet
  facet normal 0.7858883 0.1552623 0.5985592
    outer loop
      vertex -2.6721786 1.0117600 0.5442036
      vertex -2.6539498 0.6166438 0.6227603
      vertex -2.6072850 0.6133229 0.5623524
    endloop
  endfacet
  facet normal 0.7826993 0.1549364 0.6028072
    outer loop
      vertex -2.6721786 1.0117600 0.5442036
      vertex -2.6072850 0.6133229 0.5623524
      vertex -2.6246248 0.9964451 0.4863949
    endloop
  endfacet
  facet normal 0.5266492 0.1881906 0.8289903
    outer loop
      vertex -2.6246248 0.9964451 0.4863949
      vertex -2.6072850 0.6133229 0.5623524
      vertex -2.5430551 0.6155835 0.5210346
    endloop
  endfacet
  facet normal 0.5222812 0.1875198 0.8319006
    outer loop
      vertex -2.6246248 0.9964451 0.4863949
      vertex -2.5430551 0.6155835 0.5210346
      vertex -2.5595170 0.9848000 0.4481441
    endloop
  endfacet
  facet normal 0.2030240 0.1983522 0.9588731
    outer loop
      vertex -2.5595170 0.9848000 0.4481441
      vertex -2.5430551 0.6155835 0.5210346
      vertex -2.4690071 0.6231530 0.5037905
    endloop
  endfacet
  facet normal 0.1980308 0.1972966 0.9601343
    outer loop
      vertex -2.5595170 0.9848000 0.4481441
      vertex -2.4690071 0.6231530 0.5037905
      vertex -2.4847083 0.9782295 0.4340647
    endloop
  endfacet
  facet normal -0.1450323 0.1844720 0.9720780
    outer loop
      vertex -2.4847083 0.9782295 0.4340647
      vertex -2.4690071 0.6231530 0.5037905
      vertex -2.3940725 0.6351183 0.5126999
    endloop
  endfacet
  facet normal -0.1500463 0.1830353 0.9715885
    outer loop
      vertex -2.4847083 0.9782295 0.4340647
      vertex -2.3940725 0.6351183 0.5126999
      vertex -2.4092215 0.9775259 0.4458550
    endloop
  endfacet
  facet normal -0.4746773 0.1483653 0.8675651
    outer loop
      vertex -2.4092215 0.9775259 0.4458550
      vertex -2.3940725 0.6351183 0.5126999
      vertex -2.3272893 0.6500364 0.5466883
    endloop
  endfacet
  facet normal -0.4791271 0.1465909 0.8654180
    outer loop
      vertex -2.4092215 0.9775259 0.4458550
      vertex -2.3272893 0.6500364 0.5466883
      vertex -2.3421616 0.9827741 0.4820928
    endloop
  endfacet
  facet normal -0.7462156 0.0945711 0.6589526
    outer loop
      vertex -2.3421616 0.9827741 0.4820928
      vertex -2.3272893 0.6500364 0.5466883
      vertex -2.2767126 0.6661077 0.6016562
    endloop
  endfacet
  facet normal -0.7495794 0.0925397 0.6554137
    outer loop
      vertex -2.3421616 0.9827741 0.4820928
      vertex -2.2767126 0.6661077 0.6016562
      vertex -2.2916170 0.9933411 0.5384074
    endloop
  endfacet
  facet normal -0.9278155 0.0296158 0.3718619
    outer loop
      vertex -2.2916170 0.9933411 0.5384074
      vertex -2.2767126 0.6661077 0.6016562
      vertex -2.2484427 0.6813940 0.6709735
    endloop
  endfacet
  facet normal -0.9296755 0.0274435 0.3673559
    outer loop
      vertex -2.2916170 0.9933411 0.5384074
      vertex -2.2484427 0.6813940 0.6709735
      vertex -2.2636840 1.0079524 0.6080064
    endloop
  endfacet
  facet normal -0.9984304 -0.0388139 0.0403758
    outer loop
      vertex -2.2636840 1.0079524 0.6080064
      vertex -2.2484427 0.6813940 0.6709735
      vertex -2.2458895 0.6940514 0.7462797
    endloop
  endfacet
  facet normal -0.9985303 -0.0409836 0.0354632
    outer loop
      vertex -2.2636840 1.0079524 0.6080064
      vertex -2.2458895 0.6940514 0.7462797
      vertex -2.2617319 1.0248456 0.6824950
    endloop
  endfacet
  facet normal -0.9494908 -0.1026509 -0.2965300
    outer loop
      vertex -2.2617319 1.0248456 0.6824950
      vertex -2.2458895 0.6940514 0.7462797
      vertex -2.2693607 0.7025533 0.8184917
    endloop
  endfacet
  facet normal -0.9477946 -0.1046677 -0.3012144
    outer loop
      vertex -2.2617319 1.0248456 0.6824950
      vertex -2.2693607 0.7025533 0.8184917
      vertex -2.2859960 1.0419832 0.7528890
    endloop
  endfacet
  facet normal -0.7859888 -0.1542324 -0.5986935
    outer loop
      vertex -2.2859960 1.0419832 0.7528890
      vertex -2.2693607 0.7025533 0.8184917
      vertex -2.3160256 0.7058742 0.8788997
    endloop
  endfacet
  facet normal -0.7827027 -0.1559670 -0.6025369
    outer loop
      vertex -2.2859960 1.0419832 0.7528890
      vertex -2.3160256 0.7058742 0.8788997
      vertex -2.3335498 1.0572981 0.8106977
    endloop
  endfacet
  facet normal -0.5267786 -0.1871819 -0.8291364
    outer loop
      vertex -2.3335498 1.0572981 0.8106977
      vertex -2.3160256 0.7058742 0.8788997
      vertex -2.3802555 0.7036136 0.9202175
    endloop
  endfacet
  facet normal -0.5223158 -0.1885484 -0.8316464
    outer loop
      vertex -2.3335498 1.0572981 0.8106977
      vertex -2.3802555 0.7036136 0.9202175
      vertex -2.3986576 1.0689431 0.8489485
    endloop
  endfacet
  facet normal -0.2031708 -0.1973274 -0.9590535
    outer loop
      vertex -2.3986576 1.0689431 0.8489485
      vertex -2.3802555 0.7036136 0.9202175
      vertex -2.4543034 0.6960441 0.9374616
    endloop
  endfacet
  facet normal -0.1980778 -0.1982929 -0.9599193
    outer loop
      vertex -2.3986576 1.0689431 0.8489485
      vertex -2.4543034 0.6960441 0.9374616
      vertex -2.4734664 1.0755137 0.8630279
    endloop
  endfacet
  facet normal 0.1271375 -0.0965936 -0.9871706
    outer loop
      vertex -2.4543034 0.6960441 0.9374616
      vertex -2.3700078 0.3370229 0.9834479
      vertex -2.4421734 0.3129025 0.9765138
    endloop
  endfacet
  facet normal 0.1326713 -0.0963466 -0.9864662
    outer loop
      vertex -2.4543034 0.6960441 0.9374616
      vertex -2.4421734 0.3129025 0.9765138
      vertex -2.5292381 0.6840788 0.9285522
    endloop
  endfacet
  facet normal 0.4502308 -0.0097630 -0.8928588
    outer loop
      vertex -2.5292381 0.6840788 0.9285522
      vertex -2.4421734 0.3129025 0.9765138
      vertex -2.5070354 0.2888597 0.9440696
    endloop
  endfacet
  facet normal 0.4552178 -0.0093836 -0.8903307
    outer loop
      vertex -2.5292381 0.6840788 0.9285522
      vertex -2.5070354 0.2888597 0.9440696
      vertex -2.5960213 0.6691607 0.8945638
    endloop
  endfacet
  facet normal 0.7182257 0.0780505 -0.6914188
    outer loop
      vertex -2.5960213 0.6691607 0.8945638
      vertex -2.5070354 0.2888597 0.9440696
      vertex -2.5567703 0.2677945 0.8900285
    endloop
  endfacet
  facet normal 0.7221011 0.0783834 -0.6873325
    outer loop
      vertex -2.5960213 0.6691607 0.8945638
      vertex -2.5567703 0.2677945 0.8900285
      vertex -2.6465980 0.6530893 0.8395959
    endloop
  endfacet
  facet normal 0.8996829 0.1564046 -0.4075639
    outer loop
      vertex -2.6465980 0.6530893 0.8395959
      vertex -2.5567703 0.2677945 0.8900285
      vertex -2.5853795 0.2522476 0.8209085
    endloop
  endfacet
  facet normal 0.9019948 0.1565159 -0.4023782
    outer loop
      vertex -2.6465980 0.6530893 0.8395959
      vertex -2.5853795 0.2522476 0.8209085
      vertex -2.6748678 0.6378031 0.7702785
    endloop
  endfacet
  facet normal 0.9734876 0.2161032 -0.0749754
    outer loop
      vertex -2.6748678 0.6378031 0.7702785
      vertex -2.5853795 0.2522476 0.8209085
      vertex -2.5894122 0.2440942 0.7450467
    endloop
  endfacet
  facet normal 0.9739656 0.2158433 -0.0693013
    outer loop
      vertex -2.6748678 0.6378031 0.7702785
      vertex -2.5894122 0.2440942 0.7450467
      vertex -2.6774211 0.6251457 0.6949723
    endloop
  endfacet
  facet normal 0.9306308 0.2500553 0.2672053
    outer loop
      vertex -2.6774211 0.6251457 0.6949723
      vertex -2.5894122 0.2440942 0.7450467
      vertex -2.5683821 0.2443178 0.6715931
    endloop
  endfacet
  facet normal 0.9292390 0.2493207 0.2726794
    outer loop
      vertex -2.6774211 0.6251457 0.6949723
      vertex -2.5683821 0.2443178 0.6715931
      vertex -2.6539498 0.6166438 0.6227603
    endloop
  endfacet
  facet normal 0.7753959 0.2540260 0.5781280
    outer loop
      vertex -2.6539498 0.6166438 0.6227603
      vertex -2.5683821 0.2443178 0.6715931
      vertex -2.5248256 0.2528913 0.6094072
    endloop
  endfacet
  facet normal 0.7723477 0.2527747 0.5827384
    outer loop
      vertex -2.6539498 0.6166438 0.6227603
      vertex -2.5248256 0.2528913 0.6094072
      vertex -2.6072850 0.6133229 0.5623524
    endloop
  endfacet
  facet normal 0.5257204 0.2272909 0.8197297
    outer loop
      vertex -2.6072850 0.6133229 0.5623524
      vertex -2.5248256 0.2528913 0.6094072
      vertex -2.4639964 0.2687807 0.5659896
    endloop
  endfacet
  facet normal 0.5214415 0.2255453 0.8229387
    outer loop
      vertex -2.6072850 0.6133229 0.5623524
      vertex -2.4639964 0.2687807 0.5659896
      vertex -2.5430551 0.6155835 0.5210346
    endloop
  endfacet
  facet normal 0.2118279 0.1729747 0.9618777
    outer loop
      vertex -2.5430551 0.6155835 0.5210346
      vertex -2.4639964 0.2687807 0.5659896
      vertex -2.3932313 0.2900694 0.5465771
    endloop
  endfacet
  facet normal 0.2068796 0.1708119 0.9633401
    outer loop
      vertex -2.5430551 0.6155835 0.5210346
      vertex -2.3932313 0.2900694 0.5465771
      vertex -2.4690071 0.6231530 0.5037905
    endloop
  endfacet
  facet normal -0.1275172 0.0977772 0.9870051
    outer loop
      vertex -2.4690071 0.6231530 0.5037905
      vertex -2.3932313 0.2900694 0.5465771
      vertex -2.3210657 0.3141899 0.5535112
    endloop
  endfacet
  facet normal -0.1325208 0.0953140 0.9865868
    outer loop
      vertex -2.4690071 0.6231530 0.5037905
      vertex -2.3210657 0.3141899 0.5535112
      vertex -2.3940725 0.6351183 0.5126999
    endloop
  endfacet
  facet normal -0.4505947 0.0110123 0.8926607
    outer loop
      vertex -2.3940725 0.6351183 0.5126999
      vertex -2.3210657 0.3141899 0.5535112
      vertex -2.2562037 0.3382326 0.5859554
    endloop
  endfacet
  facet normal -0.4550464 0.0083941 0.8904282
    outer loop
      vertex -2.3940725 0.6351183 0.5126999
      vertex -2.2562037 0.3382326 0.5859554
      vertex -2.3272893 0.6500364 0.5466883
    endloop
  endfacet
  facet normal -0.7185542 -0.0767680 0.6912211
    outer loop
      vertex -2.3272893 0.6500364 0.5466883
      vertex -2.2562037 0.3382326 0.5859554
      vertex -2.2064688 0.3592979 0.6399966
    endloop
  endfacet
  facet normal -0.7218967 -0.0793726 0.6874337
    outer loop
      vertex -2.3272893 0.6500364 0.5466883
      vertex -2.2064688 0.3592979 0.6399966
      vertex -2.2767126 0.6661077 0.6016562
    endloop
  endfacet
  facet normal -0.8999762 -0.1551380 0.4074004
    outer loop
      vertex -2.2767126 0.6661077 0.6016562
      vertex -2.2064688 0.3592979 0.6399966
      vertex -2.1778596 0.3748447 0.7091165
    endloop
  endfacet
  facet normal -0.9017570 -0.1575472 0.4025086
    outer loop
      vertex -2.2767126 0.6661077 0.6016562
      vertex -2.1778596 0.3748447 0.7091165
      vertex -2.2484427 0.6813940 0.6709735
    endloop
  endfacet
  facet normal -0.9737639 -0.2148951 0.0748602
    outer loop
      vertex -2.2484427 0.6813940 0.6709735
      vertex -2.1778596 0.3748447 0.7091165
      vertex -2.1738269 0.3829981 0.7849783
    endloop
  endfacet
  facet normal -0.9737098 -0.2169384 0.0694767
    outer loop
      vertex -2.2484427 0.6813940 0.6709735
      vertex -2.1738269 0.3829981 0.7849783
      vertex -2.2458895 0.6940514 0.7462797
    endloop
  endfacet
  facet normal -0.9309129 -0.2489202 -0.2672826
    outer loop
      vertex -2.2458895 0.6940514 0.7462797
      vertex -2.1738269 0.3829981 0.7849783
      vertex -2.1948570 0.3827746 0.8584319
    endloop
  endfacet
  facet normal -0.9289926 -0.2504721 -0.2724637
    outer loop
      vertex -2.2458895 0.6940514 0.7462797
      vertex -2.1948570 0.3827746 0.8584319
      vertex -2.2693607 0.7025533 0.8184917
    endloop
  endfacet
  facet normal -0.7757016 -0.2529430 -0.5781928
    outer loop
      vertex -2.2693607 0.7025533 0.8184917
      vertex -2.1948570 0.3827746 0.8584319
      vertex -2.2384135 0.3742011 0.9206178
    endloop
  endfacet
  facet normal -0.7721349 -0.2539494 -0.5825095
    outer loop
      vertex -2.2693607 0.7025533 0.8184917
      vertex -2.2384135 0.3742011 0.9206178
      vertex -2.3160256 0.7058742 0.8788997
    endloop
  endfacet
  facet normal -0.5260589 -0.2262151 -0.8198102
    outer loop
      vertex -2.3160256 0.7058742 0.8788997
      vertex -2.2384135 0.3742011 0.9206178
      vertex -2.2992427 0.3583117 0.9640354
    endloop
  endfacet
  facet normal -0.5212677 -0.2266993 -0.8227316
    outer loop
      vertex -2.3160256 0.7058742 0.8788997
      vertex -2.2992427 0.3583117 0.9640354
      vertex -2.3802555 0.7036136 0.9202175
    endloop
  endfacet
  facet normal -0.2121961 -0.1718591 -0.9619965
    outer loop
      vertex -2.3802555 0.7036136 0.9202175
      vertex -2.2992427 0.3583117 0.9640354
      vertex -2.3700078 0.3370229 0.9834479
    endloop
  endfacet
  facet normal -0.2067294 -0.1719099 -0.9631770
    outer loop
      vertex -2.3802555 0.7036136 0.9202175
      vertex -2.3700078 0.3370229 0.9834479
      vertex -2.4543034 0.6960441 0.9374616
    endloop
  endfacet
  facet normal 0.0920758 -0.0081977 -0.9957183
    outer loop
      vertex -2.3700078 0.3370229 0.9834479
      vertex -2.2312037 0.0097741 0.9989776
      vertex -2.2987852 -0.0253683 0.9930175
    endloop
  endfacet
  facet normal 0.0979685 -0.0070249 -0.9951647
    outer loop
      vertex -2.3700078 0.3370229 0.9834479
      vertex -2.2987852 -0.0253683 0.9930175
      vertex -2.4421734 0.3129025 0.9765138
    endloop
  endfacet
  facet normal 0.4004438 0.1254578 -0.9076922
    outer loop
      vertex -2.4421734 0.3129025 0.9765138
      vertex -2.2987852 -0.0253683 0.9930175
      vertex -2.3604824 -0.0574508 0.9613644
    endloop
  endfacet
  facet normal 0.4058467 0.1265451 -0.9051380
    outer loop
      vertex -2.4421734 0.3129025 0.9765138
      vertex -2.3604824 -0.0574508 0.9613644
      vertex -2.5070354 0.2888597 0.9440696
    endloop
  endfacet
  facet normal 0.6598277 0.2437315 -0.7107900
    outer loop
      vertex -2.5070354 0.2888597 0.9440696
      vertex -2.3604824 -0.0574508 0.9613644
      vertex -2.4088538 -0.0826040 0.9078361
    endloop
  endfacet
  facet normal 0.6641430 0.2444546 -0.7065098
    outer loop
      vertex -2.5070354 0.2888597 0.9440696
      vertex -2.4088538 -0.0826040 0.9078361
      vertex -2.5567703 0.2677945 0.8900285
    endloop
  endfacet
  facet normal 0.8397646 0.3326902 -0.4290836
    outer loop
      vertex -2.5567703 0.2677945 0.8900285
      vertex -2.4088538 -0.0826040 0.9078361
      vertex -2.4380651 -0.0977938 0.8388888
    endloop
  endfacet
  facet normal 0.8425078 0.3328107 -0.4235772
    outer loop
      vertex -2.5567703 0.2677945 0.8900285
      vertex -2.4380651 -0.0977938 0.8388888
      vertex -2.5853795 0.2522476 0.8209085
    endloop
  endfacet
  facet normal 0.9192027 0.3819167 -0.0959479
    outer loop
      vertex -2.5853795 0.2522476 0.8209085
      vertex -2.4380651 -0.0977938 0.8388888
      vertex -2.4445929 -0.1011883 0.7628387
    endloop
  endfacet
  facet normal 0.9200827 0.3812716 -0.0898882
    outer loop
      vertex -2.5853795 0.2522476 0.8209085
      vertex -2.4445929 -0.1011883 0.7628387
      vertex -2.5894122 0.2440942 0.7450467
    endloop
  endfacet
  facet normal 0.8883907 0.3854605 0.2493634
    outer loop
      vertex -2.5894122 0.2440942 0.7450467
      vertex -2.4445929 -0.1011883 0.7628387
      vertex -2.4276500 -0.0923780 0.6888585
    endloop
  endfacet
  facet normal 0.8873633 0.3839876 0.2552252
    outer loop
      vertex -2.5894122 0.2440942 0.7450467
      vertex -2.4276500 -0.0923780 0.6888585
      vertex -2.5683821 0.2443178 0.6715931
    endloop
  endfacet
  facet normal 0.7502142 0.3425741 0.5655278
    outer loop
      vertex -2.5683821 0.2443178 0.6715931
      vertex -2.4276500 -0.0923780 0.6888585
      vertex -2.3892799 -0.0724255 0.6258713
    endloop
  endfacet
  facet normal 0.7474882 0.3403182 0.5704778
    outer loop
      vertex -2.5683821 0.2443178 0.6715931
      vertex -2.3892799 -0.0724255 0.6258713
      vertex -2.5248256 0.2528913 0.6094072
    endloop
  endfacet
  facet normal 0.5206717 0.2581278 0.8138004
    outer loop
      vertex -2.5248256 0.2528913 0.6094072
      vertex -2.3892799 -0.0724255 0.6258713
      vertex -2.3341106 -0.0437375 0.5814743
    endloop
  endfacet
  facet normal 0.5166634 0.2552246 0.8172633
    outer loop
      vertex -2.5248256 0.2528913 0.6094072
      vertex -2.3341106 -0.0437375 0.5814743
      vertex -2.4639964 0.2687807 0.5659896
    endloop
  endfacet
  facet normal 0.2276229 0.1423317 0.9632910
    outer loop
      vertex -2.4639964 0.2687807 0.5659896
      vertex -2.3341106 -0.0437375 0.5814743
      vertex -2.2687963 -0.0097741 0.5610224
    endloop
  endfacet
  facet normal 0.2228805 0.1389800 0.9648880
    outer loop
      vertex -2.4639964 0.2687807 0.5659896
      vertex -2.2687963 -0.0097741 0.5610224
      vertex -2.3932313 0.2900694 0.5465771
    endloop
  endfacet
  facet normal -0.0927366 0.0094807 0.9956455
    outer loop
      vertex -2.3932313 0.2900694 0.5465771
      vertex -2.2687963 -0.0097741 0.5610224
      vertex -2.2012148 0.0253683 0.5669825
    endloop
  endfacet
  facet normal -0.0976024 0.0059172 0.9952079
    outer loop
      vertex -2.3932313 0.2900694 0.5465771
      vertex -2.2012148 0.0253683 0.5669825
      vertex -2.3210657 0.3141899 0.5535112
    endloop
  endfacet
  facet normal -0.4010939 -0.1241078 0.9075908
    outer loop
      vertex -2.3210657 0.3141899 0.5535112
      vertex -2.2012148 0.0253683 0.5669825
      vertex -2.1395176 0.0574508 0.5986356
    endloop
  endfacet
  facet normal -0.4054590 -0.1276216 0.9051606
    outer loop
      vertex -2.3210657 0.3141899 0.5535112
      vertex -2.1395176 0.0574508 0.5986356
      vertex -2.2562037 0.3382326 0.5859554
    endloop
  endfacet
  facet normal -0.6604332 -0.2423648 0.7106950
    outer loop
      vertex -2.2562037 0.3382326 0.5859554
      vertex -2.1395176 0.0574508 0.5986356
      vertex -2.0911462 0.0826040 0.6521639
    endloop
  endfacet
  facet normal -0.6637070 -0.2455555 0.7065377
    outer loop
      vertex -2.2562037 0.3382326 0.5859554
      vertex -2.0911462 0.0826040 0.6521639
      vertex -2.2064688 0.3592979 0.6399966
    endloop
  endfacet
  facet normal -0.8403167 -0.3313675 0.4290261
    outer loop
      vertex -2.2064688 0.3592979 0.6399966
      vertex -2.0911462 0.0826040 0.6521639
      vertex -2.0619349 0.0977938 0.7211112
    endloop
  endfacet
  facet normal -0.8420159 -0.3339784 0.4236362
    outer loop
      vertex -2.2064688 0.3592979 0.6399966
      vertex -2.0619349 0.0977938 0.7211112
      vertex -2.1778596 0.3748447 0.7091165
    endloop
  endfacet
  facet normal -0.9197175 -0.3806781 0.0959368
    outer loop
      vertex -2.1778596 0.3748447 0.7091165
      vertex -2.0619349 0.0977938 0.7211112
      vertex -2.0554071 0.1011883 0.7971613
    endloop
  endfacet
  facet normal -0.9195551 -0.3825174 0.0899941
    outer loop
      vertex -2.1778596 0.3748447 0.7091165
      vertex -2.0554071 0.1011883 0.7971613
      vertex -2.1738269 0.3829981 0.7849783
    endloop
  endfacet
  facet normal -0.8888974 -0.3843046 -0.2493418
    outer loop
      vertex -2.1738269 0.3829981 0.7849783
      vertex -2.0554071 0.1011883 0.7971613
      vertex -2.0723500 0.0923780 0.8711415
    endloop
  endfacet
  facet normal -0.8868413 -0.3852879 -0.2550797
    outer loop
      vertex -2.1738269 0.3829981 0.7849783
      vertex -2.0723500 0.0923780 0.8711415
      vertex -2.1948570 0.3827746 0.8584319
    endloop
  endfacet
  facet normal -0.7507446 -0.3414597 -0.5654979
    outer loop
      vertex -2.1948570 0.3827746 0.8584319
      vertex -2.0723500 0.0923780 0.8711415
      vertex -2.1107201 0.0724255 0.9341287
    endloop
  endfacet
  facet normal -0.7470103 -0.3416243 -0.5703232
    outer loop
      vertex -2.1948570 0.3827746 0.8584319
      vertex -2.1107201 0.0724255 0.9341287
      vertex -2.2384135 0.3742011 0.9206178
    endloop
  endfacet
  facet normal -0.5212502 -0.2569963 -0.8137881
    outer loop
      vertex -2.2384135 0.3742011 0.9206178
      vertex -2.1107201 0.0724255 0.9341287
      vertex -2.1658894 0.0437375 0.9785257
    endloop
  endfacet
  facet normal -0.5162428 -0.2564838 -0.8171349
    outer loop
      vertex -2.2384135 0.3742011 0.9206178
      vertex -2.1658894 0.0437375 0.9785257
      vertex -2.2992427 0.3583117 0.9640354
    endloop
  endfacet
  facet normal -0.2282540 -0.1411342 -0.9633178
    outer loop
      vertex -2.2992427 0.3583117 0.9640354
      vertex -2.1658894 0.0437375 0.9785257
      vertex -2.2312037 0.0097741 0.9989776
    endloop
  endfacet
  facet normal -0.2225025 -0.1401604 -0.9648045
    outer loop
      vertex -2.2992427 0.3583117 0.9640354
      vertex -2.2312037 0.0097741 0.9989776
      vertex -2.3700078 0.3370229 0.9834479
    endloop
  endfacet
  facet normal 0.0391654 0.0797599 -0.9960444
    outer loop
      vertex -2.2312037 0.0097741 0.9989776
      vertex -2.0506399 -0.2782174 0.9830161
      vertex -2.1124585 -0.3227178 0.9770219
    endloop
  endfacet
  facet normal 0.0452192 0.0818936 -0.9956147
    outer loop
      vertex -2.2312037 0.0097741 0.9989776
      vertex -2.1124585 -0.3227178 0.9770219
      vertex -2.2987852 -0.0253683 0.9930175
    endloop
  endfacet
  facet normal 0.3270374 0.2538967 -0.9102654
    outer loop
      vertex -2.2987852 -0.0253683 0.9930175
      vertex -2.1124585 -0.3227178 0.9770219
      vertex -2.1703479 -0.3613205 0.9454562
    endloop
  endfacet
  facet normal 0.3327179 0.2557048 -0.9076970
    outer loop
      vertex -2.2987852 -0.0253683 0.9930175
      vertex -2.1703479 -0.3613205 0.9454562
      vertex -2.3604824 -0.0574508 0.9613644
    endloop
  endfacet
  facet normal 0.5749184 0.3971821 -0.7153427
    outer loop
      vertex -2.3604824 -0.0574508 0.9613644
      vertex -2.1703479 -0.3613205 0.9454562
      vertex -2.2173259 -0.3893697 0.8921264
    endloop
  endfacet
  facet normal 0.5796121 0.3982855 -0.7109279
    outer loop
      vertex -2.3604824 -0.0574508 0.9613644
      vertex -2.2173259 -0.3893697 0.8921264
      vertex -2.4088538 -0.0826040 0.9078361
    endloop
  endfacet
  facet normal 0.7536296 0.4928001 -0.4349602
    outer loop
      vertex -2.4088538 -0.0826040 0.9078361
      vertex -2.2173259 -0.3893697 0.8921264
      vertex -2.2477261 -0.4034820 0.8234647
    endloop
  endfacet
  facet normal 0.7568317 0.4929050 -0.4292441
    outer loop
      vertex -2.4088538 -0.0826040 0.9078361
      vertex -2.2477261 -0.4034820 0.8234647
      vertex -2.4380651 -0.0977938 0.8388888
    endloop
  endfacet
  facet normal 0.8421150 0.5295098 -0.1022825
    outer loop
      vertex -2.4380651 -0.0977938 0.8388888
      vertex -2.2477261 -0.4034820 0.8234647
      vertex -2.2578819 -0.4019554 0.7477529
    endloop
  endfacet
  facet normal 0.8435167 0.5284554 -0.0959920
    outer loop
      vertex -2.4380651 -0.0977938 0.8388888
      vertex -2.2578819 -0.4019554 0.7477529
      vertex -2.4445929 -0.1011883 0.7628387
    endloop
  endfacet
  facet normal 0.8294780 0.5027175 0.2433954
    outer loop
      vertex -2.4445929 -0.1011883 0.7628387
      vertex -2.2578819 -0.4019554 0.7477529
      vertex -2.2465684 -0.3849740 0.6741228
    endloop
  endfacet
  facet normal 0.8290168 0.5004980 0.2494654
    outer loop
      vertex -2.4445929 -0.1011883 0.7628387
      vertex -2.2465684 -0.3849740 0.6741228
      vertex -2.4276500 -0.0923780 0.6888585
    endloop
  endfacet
  facet normal 0.7165080 0.4152014 0.5605569
    outer loop
      vertex -2.4276500 -0.0923780 0.6888585
      vertex -2.2465684 -0.3849740 0.6741228
      vertex -2.2151500 -0.3545859 0.6114554
    endloop
  endfacet
  facet normal 0.7143632 0.4119550 0.5656662
    outer loop
      vertex -2.4276500 -0.0923780 0.6888585
      vertex -2.2151500 -0.3545859 0.6114554
      vertex -2.3892799 -0.0724255 0.6258713
    endloop
  endfacet
  facet normal 0.5163153 0.2772357 0.8102832
    outer loop
      vertex -2.3892799 -0.0724255 0.6258713
      vertex -2.2151500 -0.3545859 0.6114554
      vertex -2.1674163 -0.3144566 0.5673092
    endloop
  endfacet
  facet normal 0.5128600 0.2732082 0.8138378
    outer loop
      vertex -2.3892799 -0.0724255 0.6258713
      vertex -2.1674163 -0.3144566 0.5673092
      vertex -2.3341106 -0.0437375 0.5814743
    endloop
  endfacet
  facet normal 0.2532770 0.1056390 0.9616086
    outer loop
      vertex -2.3341106 -0.0437375 0.5814743
      vertex -2.1674163 -0.3144566 0.5673092
      vertex -2.1091248 -0.2694260 0.5470089
    endloop
  endfacet
  facet normal 0.2490130 0.1011447 0.9632042
    outer loop
      vertex -2.3341106 -0.0437375 0.5814743
      vertex -2.1091248 -0.2694260 0.5470089
      vertex -2.2687963 -0.0097741 0.5610224
    endloop
  endfacet
  facet normal -0.0401254 -0.0784353 0.9961114
    outer loop
      vertex -2.2687963 -0.0097741 0.5610224
      vertex -2.1091248 -0.2694260 0.5470089
      vertex -2.0473062 -0.2249256 0.5530032
    endloop
  endfacet
  facet normal -0.0446177 -0.0830389 0.9955470
    outer loop
      vertex -2.2687963 -0.0097741 0.5610224
      vertex -2.0473062 -0.2249256 0.5530032
      vertex -2.2012148 0.0253683 0.5669825
    endloop
  endfacet
  facet normal -0.3279791 -0.2525205 0.9103094
    outer loop
      vertex -2.2012148 0.0253683 0.5669825
      vertex -2.0473062 -0.2249256 0.5530032
      vertex -1.9894167 -0.1863229 0.5845688
    endloop
  endfacet
  facet normal -0.3320788 -0.2568466 0.9076087
    outer loop
      vertex -2.2012148 0.0253683 0.5669825
      vertex -1.9894167 -0.1863229 0.5845688
      vertex -2.1395176 0.0574508 0.5986356
    endloop
  endfacet
  facet normal -0.5757923 -0.3958189 0.7153955
    outer loop
      vertex -2.1395176 0.0574508 0.5986356
      vertex -1.9894167 -0.1863229 0.5845688
      vertex -1.9424388 -0.1582737 0.6378987
    endloop
  endfacet
  facet normal -0.5788944 -0.3994818 0.7108414
    outer loop
      vertex -2.1395176 0.0574508 0.5986356
      vertex -1.9424388 -0.1582737 0.6378987
      vertex -2.0911462 0.0826040 0.6521639
    endloop
  endfacet
  facet normal -0.7544214 -0.4915114 0.4350459
    outer loop
      vertex -2.0911462 0.0826040 0.6521639
      vertex -1.9424388 -0.1582737 0.6378987
      vertex -1.9120385 -0.1441614 0.7065603
    endloop
  endfacet
  facet normal -0.7560285 -0.4941864 0.4291861
    outer loop
      vertex -2.0911462 0.0826040 0.6521639
      vertex -1.9120385 -0.1441614 0.7065603
      vertex -2.0619349 0.0977938 0.7211112
    endloop
  endfacet
  facet normal -0.8428470 -0.5283201 0.1024047
    outer loop
      vertex -2.0619349 0.0977938 0.7211112
      vertex -1.9120385 -0.1441614 0.7065603
      vertex -1.9018827 -0.1456880 0.7822721
    endloop
  endfacet
  facet normal -0.8426651 -0.5298145 0.0959796
    outer loop
      vertex -2.0619349 0.0977938 0.7211112
      vertex -1.9018827 -0.1456880 0.7822721
      vertex -2.0554071 0.1011883 0.7971613
    endloop
  endfacet
  facet normal -0.8301963 -0.5016017 -0.2432484
    outer loop
      vertex -2.0554071 0.1011883 0.7971613
      vertex -1.9018827 -0.1456880 0.7822721
      vertex -1.9131963 -0.1626694 0.8559022
    endloop
  endfacet
  facet normal -0.8281803 -0.5018935 -0.2494400
    outer loop
      vertex -2.0554071 0.1011883 0.7971613
      vertex -1.9131963 -0.1626694 0.8559022
      vertex -2.0723500 0.0923780 0.8711415
    endloop
  endfacet
  facet normal -0.7172653 -0.4141005 -0.5604028
    outer loop
      vertex -2.0723500 0.0923780 0.8711415
      vertex -1.9131963 -0.1626694 0.8559022
      vertex -1.9446147 -0.1930575 0.9185697
    endloop
  endfacet
  facet normal -0.7135959 -0.4133276 -0.5656335
    outer loop
      vertex -2.0723500 0.0923780 0.8711415
      vertex -1.9446147 -0.1930575 0.9185697
      vertex -2.1107201 0.0724255 0.9341287
    endloop
  endfacet
  facet normal -0.5171506 -0.2760874 -0.8101426
    outer loop
      vertex -2.1107201 0.0724255 0.9341287
      vertex -1.9446147 -0.1930575 0.9185697
      vertex -1.9923483 -0.2331868 0.9627158
    endloop
  endfacet
  facet normal -0.5121786 -0.2745065 -0.8138300
    outer loop
      vertex -2.1107201 0.0724255 0.9341287
      vertex -1.9923483 -0.2331868 0.9627158
      vertex -2.1658894 0.0437375 0.9785257
    endloop
  endfacet
  facet normal -0.2541940 -0.1044037 -0.9615016
    outer loop
      vertex -2.1658894 0.0437375 0.9785257
      vertex -1.9923483 -0.2331868 0.9627158
      vertex -2.0506399 -0.2782174 0.9830161
    endloop
  endfacet
  facet normal -0.2483951 -0.1023521 -0.9632362
    outer loop
      vertex -2.1658894 0.0437375 0.9785257
      vertex -2.0506399 -0.2782174 0.9830161
      vertex -2.2312037 0.0097741 0.9989776
    endloop
  endfacet
  facet normal -0.0307351 0.1644070 -0.9859136
    outer loop
      vertex -2.0506399 -0.2782174 0.9830161
      vertex -1.8420523 -0.5235887 0.9355964
      vertex -1.8977587 -0.5754235 0.9286892
    endloop
  endfacet
  facet normal -0.0248998 0.1673483 -0.9855834
    outer loop
      vertex -2.0506399 -0.2782174 0.9830161
      vertex -1.8977587 -0.5754235 0.9286892
      vertex -2.1124585 -0.3227178 0.9770219
    endloop
  endfacet
  facet normal 0.2341662 0.3708331 -0.8986930
    outer loop
      vertex -2.1124585 -0.3227178 0.9770219
      vertex -1.8977587 -0.5754235 0.9286892
      vertex -1.9519276 -0.6187747 0.8966866
    endloop
  endfacet
  facet normal 0.2398071 0.3732191 -0.8962143
    outer loop
      vertex -2.1124585 -0.3227178 0.9770219
      vertex -1.9519276 -0.6187747 0.8966866
      vertex -2.1703479 -0.3613205 0.9454562
    endloop
  endfacet
  facet normal 0.4704245 0.5324098 -0.7037333
    outer loop
      vertex -2.1703479 -0.3613205 0.9454562
      vertex -1.9519276 -0.6187747 0.8966866
      vertex -1.9980253 -0.6484134 0.8434484
    endloop
  endfacet
  facet normal 0.4752757 0.5337879 -0.6994165
    outer loop
      vertex -2.1703479 -0.3613205 0.9454562
      vertex -1.9980253 -0.6484134 0.8434484
      vertex -2.2173259 -0.3893697 0.8921264
    endloop
  endfacet
  facet normal 0.6501276 0.6301601 -0.4245378
    outer loop
      vertex -2.2173259 -0.3893697 0.8921264
      vertex -1.9980253 -0.6484134 0.8434484
      vertex -2.0304917 -0.6607649 0.7753961
    endloop
  endfacet
  facet normal 0.6536903 0.6302112 -0.4189544
    outer loop
      vertex -2.2173259 -0.3893697 0.8921264
      vertex -2.0304917 -0.6607649 0.7753961
      vertex -2.2477261 -0.4034820 0.8234647
    endloop
  endfacet
  facet normal 0.7519420 0.6524775 -0.0941084
    outer loop
      vertex -2.2477261 -0.4034820 0.8234647
      vertex -2.0304917 -0.6607649 0.7753961
      vertex -2.0454111 -0.6543394 0.7007377
    endloop
  endfacet
  facet normal 0.7539008 0.6510682 -0.0879987
    outer loop
      vertex -2.2477261 -0.4034820 0.8234647
      vertex -2.0454111 -0.6543394 0.7007377
      vertex -2.2578819 -0.4019554 0.7477529
    endloop
  endfacet
  facet normal 0.7633348 0.5963506 0.2483667
    outer loop
      vertex -2.2578819 -0.4019554 0.7477529
      vertex -2.0454111 -0.6543394 0.7007377
      vertex -2.0409838 -0.6299119 0.6284781
    endloop
  endfacet
  facet normal 0.7635989 0.5935396 0.2542193
    outer loop
      vertex -2.2578819 -0.4019554 0.7477529
      vertex -2.0409838 -0.6299119 0.6284781
      vertex -2.2465684 -0.3849740 0.6741228
    endloop
  endfacet
  facet normal 0.6823262 0.4680492 0.5615700
    outer loop
      vertex -2.2465684 -0.3849740 0.6741228
      vertex -2.0409838 -0.6299119 0.6284781
      vertex -2.0177439 -0.5904286 0.5673329
    endloop
  endfacet
  facet normal 0.6810177 0.4640539 0.5664529
    outer loop
      vertex -2.2465684 -0.3849740 0.6741228
      vertex -2.0177439 -0.5904286 0.5673329
      vertex -2.2151500 -0.3545859 0.6114554
    endloop
  endfacet
  facet normal 0.5183342 0.2828740 0.8070390
    outer loop
      vertex -2.2151500 -0.3545859 0.6114554
      vertex -2.0177439 -0.5904286 0.5673329
      vertex -1.9784945 -0.5406519 0.5246771
    endloop
  endfacet
  facet normal 0.5157432 0.2780210 0.8103785
    outer loop
      vertex -2.2151500 -0.3545859 0.6114554
      vertex -1.9784945 -0.5406519 0.5246771
      vertex -2.1674163 -0.3144566 0.5673092
    endloop
  endfacet
  facet normal 0.2914046 0.0634884 0.9544907
    outer loop
      vertex -2.1674163 -0.3144566 0.5673092
      vertex -1.9784945 -0.5406519 0.5246771
      vertex -1.9279695 -0.4865856 0.5056557
    endloop
  endfacet
  facet normal 0.2879448 0.0581785 0.9558782
    outer loop
      vertex -2.1674163 -0.3144566 0.5673092
      vertex -1.9279695 -0.4865856 0.5056557
      vertex -2.1091248 -0.2694260 0.5470089
    endloop
  endfacet
  facet normal 0.0295371 -0.1631522 0.9861587
    outer loop
      vertex -2.1091248 -0.2694260 0.5470089
      vertex -1.9279695 -0.4865856 0.5056557
      vertex -1.8722631 -0.4347508 0.5125628
    endloop
  endfacet
  facet normal 0.0257193 -0.1684584 0.9853732
    outer loop
      vertex -2.1091248 -0.2694260 0.5470089
      vertex -1.8722631 -0.4347508 0.5125628
      vertex -2.0473062 -0.2249256 0.5530032
    endloop
  endfacet
  facet normal -0.2353169 -0.3695603 0.8989166
    outer loop
      vertex -2.0473062 -0.2249256 0.5530032
      vertex -1.8722631 -0.4347508 0.5125628
      vertex -1.8180943 -0.3913996 0.5445655
    endloop
  endfacet
  facet normal -0.2389138 -0.3743636 0.8959755
    outer loop
      vertex -2.0473062 -0.2249256 0.5530032
      vertex -1.8180943 -0.3913996 0.5445655
      vertex -1.9894167 -0.1863229 0.5845688
    endloop
  endfacet
  facet normal -0.4714702 -0.5311867 0.7039578
    outer loop
      vertex -1.9894167 -0.1863229 0.5845688
      vertex -1.8180943 -0.3913996 0.5445655
      vertex -1.7719966 -0.3617609 0.5978036
    endloop
  endfacet
  facet normal -0.4742643 -0.5350107 0.6991687
    outer loop
      vertex -1.9894167 -0.1863229 0.5845688
      vertex -1.7719966 -0.3617609 0.5978036
      vertex -1.9424388 -0.1582737 0.6378987
    endloop
  endfacet
  facet normal -0.6510620 -0.6290320 0.4247789
    outer loop
      vertex -1.9424388 -0.1582737 0.6378987
      vertex -1.7719966 -0.3617609 0.5978036
      vertex -1.7395301 -0.3494094 0.6658560
    endloop
  endfacet
  facet normal -0.6525717 -0.6315197 0.4187280
    outer loop
      vertex -1.9424388 -0.1582737 0.6378987
      vertex -1.7395301 -0.3494094 0.6658560
      vertex -1.9120385 -0.1441614 0.7065603
    endloop
  endfacet
  facet normal -0.7528075 -0.6514408 0.0943706
    outer loop
      vertex -1.9120385 -0.1441614 0.7065603
      vertex -1.7395301 -0.3494094 0.6658560
      vertex -1.7246108 -0.3558349 0.7405144
    endloop
  endfacet
  facet normal -0.7527410 -0.6524334 0.0878156
    outer loop
      vertex -1.9120385 -0.1441614 0.7065603
      vertex -1.7246108 -0.3558349 0.7405144
      vertex -1.9018827 -0.1456880 0.7822721
    endloop
  endfacet
  facet normal -0.7642025 -0.5953562 -0.2480837
    outer loop
      vertex -1.9018827 -0.1456880 0.7822721
      vertex -1.7246108 -0.3558349 0.7405144
      vertex -1.7290380 -0.3802625 0.8127740
    endloop
  endfacet
  facet normal -0.7624855 -0.5949076 -0.2543637
    outer loop
      vertex -1.9018827 -0.1456880 0.7822721
      vertex -1.7290380 -0.3802625 0.8127740
      vertex -1.9131963 -0.1626694 0.8559022
    endloop
  endfacet
  facet normal -0.6832685 -0.4670320 -0.5612712
    outer loop
      vertex -1.9131963 -0.1626694 0.8559022
      vertex -1.7290380 -0.3802625 0.8127740
      vertex -1.7522779 -0.4197457 0.8739192
    endloop
  endfacet
  facet normal -0.6800119 -0.4653659 -0.5665848
    outer loop
      vertex -1.9131963 -0.1626694 0.8559022
      vertex -1.7522779 -0.4197457 0.8739192
      vertex -1.9446147 -0.1930575 0.9185697
    endloop
  endfacet
  facet normal -0.5193927 -0.2817832 -0.8067400
    outer loop
      vertex -1.9446147 -0.1930575 0.9185697
      vertex -1.7522779 -0.4197457 0.8739192
      vertex -1.7915274 -0.4695224 0.9165749
    endloop
  endfacet
  facet normal -0.5148524 -0.2792418 -0.8105251
    outer loop
      vertex -1.9446147 -0.1930575 0.9185697
      vertex -1.7915274 -0.4695224 0.9165749
      vertex -1.9923483 -0.2331868 0.9627158
    endloop
  endfacet
  facet normal -0.2925658 -0.0623057 -0.9542134
    outer loop
      vertex -1.9923483 -0.2331868 0.9627158
      vertex -1.7915274 -0.4695224 0.9165749
      vertex -1.8420523 -0.5235887 0.9355964
    endloop
  endfacet
  facet normal -0.2871257 -0.0593183 -0.9560545
    outer loop
      vertex -1.9923483 -0.2331868 0.9627158
      vertex -1.8420523 -0.5235887 0.9355964
      vertex -2.0506399 -0.2782174 0.9830161
    endloop
  endfacet
  facet normal -0.1142154 0.2423148 -0.9634513
    outer loop
      vertex -1.8420523 -0.5235887 0.9355964
      vertex -1.6190426 -0.7270358 0.8579906
      vertex -1.6691943 -0.7840626 0.8495934
    endloop
  endfacet
  facet normal -0.1091168 0.2456173 -0.9632059
    outer loop
      vertex -1.8420523 -0.5235887 0.9355964
      vertex -1.6691943 -0.7840626 0.8495934
      vertex -1.8977587 -0.5754235 0.9286892
    endloop
  endfacet
  facet normal 0.1290385 0.4719832 -0.8721129
    outer loop
      vertex -1.8977587 -0.5754235 0.9286892
      vertex -1.6691943 -0.7840626 0.8495934
      vertex -1.7204528 -0.8303716 0.8169469
    endloop
  endfacet
  facet normal 0.1341461 0.4745789 -0.8699308
    outer loop
      vertex -1.8977587 -0.5754235 0.9286892
      vertex -1.7204528 -0.8303716 0.8169469
      vertex -1.9519276 -0.6187747 0.8966866
    endloop
  endfacet
  facet normal 0.3564614 0.6447634 -0.6761770
    outer loop
      vertex -1.9519276 -0.6187747 0.8966866
      vertex -1.7204528 -0.8303716 0.8169469
      vertex -1.7666355 -0.8603775 0.7639888
    endloop
  endfacet
  facet normal 0.3610480 0.6461904 -0.6723707
    outer loop
      vertex -1.9519276 -0.6187747 0.8966866
      vertex -1.7666355 -0.8603775 0.7639888
      vertex -1.9980253 -0.6484134 0.8434484
    endloop
  endfacet
  facet normal 0.5410624 0.7402564 -0.3990888
    outer loop
      vertex -1.9980253 -0.6484134 0.8434484
      vertex -1.7666355 -0.8603775 0.7639888
      vertex -1.8021722 -0.8704610 0.6971067
    endloop
  endfacet
  facet normal 0.5446749 0.7402241 -0.3942050
    outer loop
      vertex -1.9980253 -0.6484134 0.8434484
      vertex -1.8021722 -0.8704610 0.6971067
      vertex -2.0304917 -0.6607649 0.7753961
    endloop
  endfacet
  facet normal 0.6607777 0.7469596 -0.0736492
    outer loop
      vertex -2.0304917 -0.6607649 0.7753961
      vertex -1.8021722 -0.8704610 0.6971067
      vertex -1.8227766 -0.8594058 0.6243674
    endloop
  endfacet
  facet normal 0.6631179 0.7453867 -0.0683619
    outer loop
      vertex -2.0304917 -0.6607649 0.7753961
      vertex -1.8227766 -0.8594058 0.6243674
      vertex -2.0454111 -0.6543394 0.7007377
    endloop
  endfacet
  facet normal 0.7009179 0.6636438 0.2613254
    outer loop
      vertex -2.0454111 -0.6543394 0.7007377
      vertex -1.8227766 -0.8594058 0.6243674
      vertex -1.8259634 -0.8285455 0.5545445
    endloop
  endfacet
  facet normal 0.7018699 0.6606398 0.2663339
    outer loop
      vertex -2.0454111 -0.6543394 0.7007377
      vertex -1.8259634 -0.8285455 0.5545445
      vertex -2.0409838 -0.6299119 0.6284781
    endloop
  endfacet
  facet normal 0.6561818 0.4999252 0.5652436
    outer loop
      vertex -2.0409838 -0.6299119 0.6284781
      vertex -1.8259634 -0.8285455 0.5545445
      vertex -1.8113484 -0.7816023 0.4960596
    endloop
  endfacet
  facet normal 0.6557937 0.4957392 0.5693658
    outer loop
      vertex -2.0409838 -0.6299119 0.6284781
      vertex -1.8113484 -0.7816023 0.4960596
      vertex -2.0177439 -0.5904286 0.5673329
    endloop
  endfacet
  facet normal 0.5317616 0.2755421 0.8008159
    outer loop
      vertex -2.0177439 -0.5904286 0.5673329
      vertex -1.8113484 -0.7816023 0.4960596
      vertex -1.7806944 -0.7242381 0.4559668
    endloop
  endfacet
  facet normal 0.5302117 0.2705197 0.8035513
    outer loop
      vertex -2.0177439 -0.5904286 0.5673329
      vertex -1.7806944 -0.7242381 0.4559668
      vertex -1.9784945 -0.5406519 0.5246771
    endloop
  endfacet
  facet normal 0.3429360 0.0179805 0.9391867
    outer loop
      vertex -1.9784945 -0.5406519 0.5246771
      vertex -1.7806944 -0.7242381 0.4559668
      vertex -1.7376985 -0.6633719 0.4391020
    endloop
  endfacet
  facet normal 0.3405140 0.0125524 0.9401557
    outer loop
      vertex -1.9784945 -0.5406519 0.5246771
      vertex -1.7376985 -0.6633719 0.4391020
      vertex -1.9279695 -0.4865856 0.5056557
    endloop
  endfacet
  facet normal 0.1129658 -0.2412759 0.9638592
    outer loop
      vertex -1.9279695 -0.4865856 0.5056557
      vertex -1.7376985 -0.6633719 0.4391020
      vertex -1.6875468 -0.6063452 0.4474992
    endloop
  endfacet
  facet normal 0.1100713 -0.2465954 0.9628474
    outer loop
      vertex -1.9279695 -0.4865856 0.5056557
      vertex -1.6875468 -0.6063452 0.4474992
      vertex -1.8722631 -0.4347508 0.5125628
    endloop
  endfacet
  facet normal -0.1301924 -0.4709708 0.8724886
    outer loop
      vertex -1.8722631 -0.4347508 0.5125628
      vertex -1.6875468 -0.6063452 0.4474992
      vertex -1.6362884 -0.5600361 0.4801457
    endloop
  endfacet
  facet normal -0.1330700 -0.4756241 0.8695252
    outer loop
      vertex -1.8722631 -0.4347508 0.5125628
      vertex -1.6362884 -0.5600361 0.4801457
      vertex -1.8180943 -0.3913996 0.5445655
    endloop
  endfacet
  facet normal -0.3574750 -0.6438295 0.6765318
    outer loop
      vertex -1.8180943 -0.3913996 0.5445655
      vertex -1.6362884 -0.5600361 0.4801457
      vertex -1.5901056 -0.5300302 0.5331038
    endloop
  endfacet
  facet normal -0.3598268 -0.6473177 0.6719409
    outer loop
      vertex -1.8180943 -0.3913996 0.5445655
      vertex -1.5901056 -0.5300302 0.5331038
      vertex -1.7719966 -0.3617609 0.5978036
    endloop
  endfacet
  facet normal -0.5419571 -0.7394136 0.3994371
    outer loop
      vertex -1.7719966 -0.3617609 0.5978036
      vertex -1.5901056 -0.5300302 0.5331038
      vertex -1.5545690 -0.5199467 0.5999859
    endloop
  endfacet
  facet normal -0.5433553 -0.7414132 0.3937912
    outer loop
      vertex -1.7719966 -0.3617609 0.5978036
      vertex -1.5545690 -0.5199467 0.5999859
      vertex -1.7395301 -0.3494094 0.6658560
    endloop
  endfacet
  facet normal -0.6616267 -0.7461721 0.0740093
    outer loop
      vertex -1.7395301 -0.3494094 0.6658560
      vertex -1.5545690 -0.5199467 0.5999859
      vertex -1.5339646 -0.5310019 0.6727252
    endloop
  endfacet
  facet normal -0.6617974 -0.7465929 0.0679942
    outer loop
      vertex -1.7395301 -0.3494094 0.6658560
      vertex -1.5339646 -0.5310019 0.6727252
      vertex -1.7246108 -0.3558349 0.7405144
    endloop
  endfacet
  facet normal -0.7018136 -0.6628508 -0.2609340
    outer loop
      vertex -1.7246108 -0.3558349 0.7405144
      vertex -1.5339646 -0.5310019 0.6727252
      vertex -1.5307777 -0.5618622 0.7425481
    endloop
  endfacet
  facet normal -0.7006460 -0.6618087 -0.2666541
    outer loop
      vertex -1.7246108 -0.3558349 0.7405144
      vertex -1.5307777 -0.5618622 0.7425481
      vertex -1.7290380 -0.3802625 0.8127740
    endloop
  endfacet
  facet normal -0.6571982 -0.4990742 -0.5648145
    outer loop
      vertex -1.7290380 -0.3802625 0.8127740
      vertex -1.5307777 -0.5618622 0.7425481
      vertex -1.5453927 -0.6088054 0.8010330
    endloop
  endfacet
  facet normal -0.6547136 -0.4968288 -0.5696589
    outer loop
      vertex -1.7290380 -0.3802625 0.8127740
      vertex -1.5453927 -0.6088054 0.8010330
      vertex -1.7522779 -0.4197457 0.8739192
    endloop
  endfacet
  facet normal -0.5329196 -0.2746093 -0.8003665
    outer loop
      vertex -1.7522779 -0.4197457 0.8739192
      vertex -1.5453927 -0.6088054 0.8010330
      vertex -1.5760468 -0.6661696 0.8411258
    endloop
  endfacet
  facet normal -0.5292541 -0.2715252 -0.8038434
    outer loop
      vertex -1.7522779 -0.4197457 0.8739192
      vertex -1.5760468 -0.6661696 0.8411258
      vertex -1.7915274 -0.4695224 0.9165749
    endloop
  endfacet
  facet normal -0.3441876 -0.0169747 -0.9387475
    outer loop
      vertex -1.7915274 -0.4695224 0.9165749
      vertex -1.5760468 -0.6661696 0.8411258
      vertex -1.6190426 -0.7270358 0.8579906
    endloop
  endfacet
  facet normal -0.3396048 -0.0135130 -0.9404711
    outer loop
      vertex -1.7915274 -0.4695224 0.9165749
      vertex -1.6190426 -0.7270358 0.8579906
      vertex -1.8420523 -0.5235887 0.9355964
    endloop
  endfacet
  facet normal -0.2045616 0.3102328 -0.9283912
    outer loop
      vertex -1.6190426 -0.7270358 0.8579906
      vertex -1.3939682 -0.8929079 0.7529696
      vertex -1.4399162 -0.9531287 0.7429703
    endloop
  endfacet
  facet normal -0.2007151 0.3132005 -0.9282343
    outer loop
      vertex -1.6190426 -0.7270358 0.8579906
      vertex -1.4399162 -0.9531287 0.7429703
      vertex -1.6691943 -0.7840626 0.8495934
    endloop
  endfacet
  facet normal 0.0219181 0.5544057 -0.8319579
    outer loop
      vertex -1.6691943 -0.7840626 0.8495934
      vertex -1.4399162 -0.9531287 0.7429703
      vertex -1.4896021 -1.0008176 0.7098821
    endloop
  endfacet
  facet normal 0.0259173 0.5566696 -0.8303296
    outer loop
      vertex -1.6691943 -0.7840626 0.8495934
      vertex -1.4896021 -1.0008176 0.7098821
      vertex -1.7204528 -0.8303716 0.8169469
    endloop
  endfacet
  facet normal 0.2455991 0.7318967 -0.6356165
    outer loop
      vertex -1.7204528 -0.8303716 0.8169469
      vertex -1.4896021 -1.0008176 0.7098821
      vertex -1.5370331 -1.0302226 0.6576958
    endloop
  endfacet
  facet normal 0.2493354 0.7330774 -0.6327949
    outer loop
      vertex -1.7204528 -0.8303716 0.8169469
      vertex -1.5370331 -1.0302226 0.6576958
      vertex -1.7666355 -0.8603775 0.7639888
    endloop
  endfacet
  facet normal 0.4398076 0.8215691 -0.3627582
    outer loop
      vertex -1.7666355 -0.8603775 0.7639888
      vertex -1.5370331 -1.0302226 0.6576958
      vertex -1.5764883 -1.0377971 0.5927061
    endloop
  endfacet
  facet normal 0.4429246 0.8214631 -0.3591881
    outer loop
      vertex -1.7666355 -0.8603775 0.7639888
      vertex -1.5764883 -1.0377971 0.5927061
      vertex -1.8021722 -0.8704610 0.6971067
    endloop
  endfacet
  facet normal 0.5812122 0.8124609 -0.0458215
    outer loop
      vertex -1.8021722 -0.8704610 0.6971067
      vertex -1.5764883 -1.0377971 0.5927061
      vertex -1.6032087 -1.0226273 0.5227514
    endloop
  endfacet
  facet normal 0.5834704 0.8110471 -0.0420106
    outer loop
      vertex -1.8021722 -0.8704610 0.6971067
      vertex -1.6032087 -1.0226273 0.5227514
      vertex -1.8227766 -0.8594058 0.6243674
    endloop
  endfacet
  facet normal 0.6525352 0.7052558 0.2771499
    outer loop
      vertex -1.8227766 -0.8594058 0.6243674
      vertex -1.6032087 -1.0226273 0.5227514
      vertex -1.6139716 -0.9865431 0.4562695
    endloop
  endfacet
  facet normal 0.6538197 0.7026511 0.2807155
    outer loop
      vertex -1.8227766 -0.8594058 0.6243674
      vertex -1.6139716 -0.9865431 0.4562695
      vertex -1.8259634 -0.8285455 0.5545445
    endloop
  endfacet
  facet normal 0.6448586 0.5126166 0.5669054
    outer loop
      vertex -1.8259634 -0.8285455 0.5545445
      vertex -1.6139716 -0.9865431 0.4562695
      vertex -1.6074787 -0.9338967 0.4012790
    endloop
  endfacet
  facet normal 0.6451549 0.5090280 0.5697944
    outer loop
      vertex -1.8259634 -0.8285455 0.5545445
      vertex -1.6074787 -0.9338967 0.4012790
      vertex -1.8113484 -0.7816023 0.4960596
    endloop
  endfacet
  facet normal 0.5590275 0.2579252 0.7880120
    outer loop
      vertex -1.8113484 -0.7816023 0.4960596
      vertex -1.6074787 -0.9338967 0.4012790
      vertex -1.5845132 -0.8710380 0.3644126
    endloop
  endfacet
  facet normal 0.5584013 0.2536388 0.7898451
    outer loop
      vertex -1.8113484 -0.7816023 0.4960596
      vertex -1.5845132 -0.8710380 0.3644126
      vertex -1.7806944 -0.7242381 0.4559668
    endloop
  endfacet
  facet normal 0.4056444 -0.0276919 0.9136114
    outer loop
      vertex -1.7806944 -0.7242381 0.4559668
      vertex -1.5845132 -0.8710380 0.3644126
      vertex -1.5478451 -0.8055488 0.3501169
    endloop
  endfacet
  facet normal 0.4042510 -0.0322895 0.9140780
    outer loop
      vertex -1.7806944 -0.7242381 0.4559668
      vertex -1.5478451 -0.8055488 0.3501169
      vertex -1.7376985 -0.6633719 0.4391020
    endloop
  endfacet
  facet normal 0.2035493 -0.3095360 0.9288461
    outer loop
      vertex -1.7376985 -0.6633719 0.4391020
      vertex -1.5478451 -0.8055488 0.3501169
      vertex -1.5018971 -0.7453280 0.3601163
    endloop
  endfacet
  facet normal 0.2016535 -0.3139581 0.9277749
    outer loop
      vertex -1.7376985 -0.6633719 0.4391020
      vertex -1.5018971 -0.7453280 0.3601163
      vertex -1.6875468 -0.6063452 0.4474992
    endloop
  endfacet
  facet normal -0.0227910 -0.5537725 0.8323561
    outer loop
      vertex -1.6875468 -0.6063452 0.4474992
      vertex -1.5018971 -0.7453280 0.3601163
      vertex -1.4522112 -0.6976391 0.3932045
    endloop
  endfacet
  facet normal -0.0248277 -0.5575043 0.8298027
    outer loop
      vertex -1.6875468 -0.6063452 0.4474992
      vertex -1.4522112 -0.6976391 0.3932045
      vertex -1.6362884 -0.5600361 0.4801457
    endloop
  endfacet
  facet normal -0.2463284 -0.7313454 0.6359687
    outer loop
      vertex -1.6362884 -0.5600361 0.4801457
      vertex -1.4522112 -0.6976391 0.3932045
      vertex -1.4047802 -0.6682341 0.4453907
    endloop
  endfacet
  facet normal -0.2481158 -0.7339713 0.6322378
    outer loop
      vertex -1.6362884 -0.5600361 0.4801457
      vertex -1.4047802 -0.6682341 0.4453907
      vertex -1.5901056 -0.5300302 0.5331038
    endloop
  endfacet
  facet normal -0.4404551 -0.8210739 0.3630936
    outer loop
      vertex -1.5901056 -0.5300302 0.5331038
      vertex -1.4047802 -0.6682341 0.4453907
      vertex -1.3653251 -0.6606597 0.5103805
    endloop
  endfacet
  facet normal -0.4416608 -0.8223764 0.3586543
    outer loop
      vertex -1.5901056 -0.5300302 0.5331038
      vertex -1.3653251 -0.6606597 0.5103805
      vertex -1.5545690 -0.5199467 0.5999859
    endloop
  endfacet
  facet normal -0.5818739 -0.8119667 0.0461814
    outer loop
      vertex -1.5545690 -0.5199467 0.5999859
      vertex -1.3653251 -0.6606597 0.5103805
      vertex -1.3386046 -0.6758294 0.5803352
    endloop
  endfacet
  facet normal -0.5822718 -0.8119324 0.0415366
    outer loop
      vertex -1.5545690 -0.5199467 0.5999859
      vertex -1.3386046 -0.6758294 0.5803352
      vertex -1.5339646 -0.5310019 0.6727252
    endloop
  endfacet
  facet normal -0.6533006 -0.7047116 -0.2767306
    outer loop
      vertex -1.5339646 -0.5310019 0.6727252
      vertex -1.3386046 -0.6758294 0.5803352
      vertex -1.3278417 -0.7119136 0.6468171
    endloop
  endfacet
  facet normal -0.6527628 -0.7034694 -0.2811255
    outer loop
      vertex -1.5339646 -0.5310019 0.6727252
      vertex -1.3278417 -0.7119136 0.6468171
      vertex -1.5307777 -0.5618622 0.7425481
    endloop
  endfacet
  facet normal -0.6457725 -0.5119994 -0.5664225
    outer loop
      vertex -1.5307777 -0.5618622 0.7425481
      vertex -1.3278417 -0.7119136 0.6468171
      vertex -1.3343346 -0.7645600 0.7018076
    endloop
  endfacet
  facet normal -0.6442456 -0.5097682 -0.5701613
    outer loop
      vertex -1.5307777 -0.5618622 0.7425481
      vertex -1.3343346 -0.7645600 0.7018076
      vertex -1.5453927 -0.6088054 0.8010330
    endloop
  endfacet
  facet normal -0.5600666 -0.2572434 -0.7874968
    outer loop
      vertex -1.5453927 -0.6088054 0.8010330
      vertex -1.3343346 -0.7645600 0.7018076
      vertex -1.3573001 -0.8274187 0.7386740
    endloop
  endfacet
  facet normal -0.5575780 -0.2543300 -0.7902044
    outer loop
      vertex -1.5453927 -0.6088054 0.8010330
      vertex -1.3573001 -0.8274187 0.7386740
      vertex -1.5760468 -0.6661696 0.8411258
    endloop
  endfacet
  facet normal -0.4067234 0.0284055 -0.9131096
    outer loop
      vertex -1.5760468 -0.6661696 0.8411258
      vertex -1.3573001 -0.8274187 0.7386740
      vertex -1.3939682 -0.8929079 0.7529696
    endloop
  endfacet
  facet normal -0.4034160 0.0315908 -0.9144712
    outer loop
      vertex -1.5760468 -0.6661696 0.8411258
      vertex -1.3939682 -0.8929079 0.7529696
      vertex -1.6190426 -0.7270358 0.8579906
    endloop
  endfacet
  facet normal -0.2921402 0.3658931 -0.8836155
    outer loop
      vertex -1.3939682 -0.8929079 0.7529696
      vertex -1.1768071 -1.0284195 0.6250585
      vertex -1.2203585 -1.0901934 0.6138777
    endloop
  endfacet
  facet normal -0.2898510 0.3678626 -0.8835517
    outer loop
      vertex -1.3939682 -0.8929079 0.7529696
      vertex -1.2203585 -1.0901934 0.6138777
      vertex -1.4399162 -0.9531287 0.7429703
    endloop
  endfacet
  facet normal -0.0752237 0.6171721 -0.7832241
    outer loop
      vertex -1.4399162 -0.9531287 0.7429703
      vertex -1.2203585 -1.0901934 0.6138777
      vertex -1.2699599 -1.1380617 0.5809220
    endloop
  endfacet
  facet normal -0.0727776 0.6186207 -0.7823119
    outer loop
      vertex -1.4399162 -0.9531287 0.7429703
      vertex -1.2699599 -1.1380617 0.5809220
      vertex -1.4896021 -1.0008176 0.7098821
    endloop
  endfacet
  facet normal 0.1507062 0.7942558 -0.5885961
    outer loop
      vertex -1.4896021 -1.0008176 0.7098821
      vertex -1.2699599 -1.1380617 0.5809220
      vertex -1.3196288 -1.1662506 0.5301662
    endloop
  endfacet
  facet normal 0.1530471 0.7949640 -0.5870340
    outer loop
      vertex -1.4896021 -1.0008176 0.7098821
      vertex -1.3196288 -1.1662506 0.5301662
      vertex -1.5370331 -1.0302226 0.6576958
    endloop
  endfacet
  facet normal 0.3585863 0.8758604 -0.3229311
    outer loop
      vertex -1.5370331 -1.0302226 0.6576958
      vertex -1.3196288 -1.1662506 0.5301662
      vertex -1.3633742 -1.1713602 0.4677324
    endloop
  endfacet
  facet normal 0.3606111 0.8757418 -0.3209920
    outer loop
      vertex -1.5370331 -1.0302226 0.6576958
      vertex -1.3633742 -1.1713602 0.4677324
      vertex -1.5764883 -1.0377971 0.5927061
    endloop
  endfacet
  facet normal 0.5233569 0.8519232 -0.0180105
    outer loop
      vertex -1.5764883 -1.0377971 0.5927061
      vertex -1.3633742 -1.1713602 0.4677324
      vertex -1.3959199 -1.1527742 0.4011509
    endloop
  endfacet
  facet normal 0.5249320 0.8509944 -0.0159682
    outer loop
      vertex -1.5764883 -1.0377971 0.5927061
      vertex -1.3959199 -1.1527742 0.4011509
      vertex -1.6032087 -1.0226273 0.5227514
    endloop
  endfacet
  facet normal 0.6249687 0.7250368 0.2893715
    outer loop
      vertex -1.6032087 -1.0226273 0.5227514
      vertex -1.3959199 -1.1527742 0.4011509
      vertex -1.4133404 -1.1127343 0.3384525
    endloop
  endfacet
  facet normal 0.6260207 0.7233662 0.2912721
    outer loop
      vertex -1.6032087 -1.0226273 0.5227514
      vertex -1.4133404 -1.1127343 0.3384525
      vertex -1.6139716 -0.9865431 0.4562695
    endloop
  endfacet
  facet normal 0.6509844 0.5104288 0.5618555
    outer loop
      vertex -1.6139716 -0.9865431 0.4562695
      vertex -1.4133404 -1.1127343 0.3384525
      vertex -1.4135344 -1.0560700 0.2871995
    endloop
  endfacet
  facet normal 0.6514711 0.5081205 0.5633817
    outer loop
      vertex -1.6139716 -0.9865431 0.4562695
      vertex -1.4135344 -1.0560700 0.2871995
      vertex -1.6074787 -0.9338967 0.4012790
    endloop
  endfacet
  facet normal 0.5982751 0.2341975 0.7663018
    outer loop
      vertex -1.6074787 -0.9338967 0.4012790
      vertex -1.4135344 -1.0560700 0.2871995
      vertex -1.3964786 -0.9896158 0.2535737
    endloop
  endfacet
  facet normal 0.5981826 0.2314232 0.7672163
    outer loop
      vertex -1.6074787 -0.9338967 0.4012790
      vertex -1.3964786 -0.9896158 0.2535737
      vertex -1.5845132 -0.8710380 0.3644126
    endloop
  endfacet
  facet normal 0.4733996 -0.0700586 0.8780573
    outer loop
      vertex -1.5845132 -0.8710380 0.3644126
      vertex -1.3964786 -0.9896158 0.2535737
      vertex -1.3642302 -0.9213870 0.2416310
    endloop
  endfacet
  facet normal 0.4727756 -0.0730197 0.8781522
    outer loop
      vertex -1.5845132 -0.8710380 0.3644126
      vertex -1.3642302 -0.9213870 0.2416310
      vertex -1.5478451 -0.8055488 0.3501169
    endloop
  endfacet
  facet normal 0.2916152 -0.3655779 0.8839193
    outer loop
      vertex -1.5478451 -0.8055488 0.3501169
      vertex -1.3642302 -0.9213870 0.2416310
      vertex -1.3206788 -0.8596131 0.2528119
    endloop
  endfacet
  facet normal 0.2906013 -0.3683597 0.8830980
    outer loop
      vertex -1.5478451 -0.8055488 0.3501169
      vertex -1.3206788 -0.8596131 0.2528119
      vertex -1.5018971 -0.7453280 0.3601163
    endloop
  endfacet
  facet normal 0.0748381 -0.6169295 0.7834521
    outer loop
      vertex -1.5018971 -0.7453280 0.3601163
      vertex -1.3206788 -0.8596131 0.2528119
      vertex -1.2710773 -0.8117448 0.2857676
    endloop
  endfacet
  facet normal 0.0736568 -0.6191751 0.7817908
    outer loop
      vertex -1.5018971 -0.7453280 0.3601163
      vertex -1.2710773 -0.8117448 0.2857676
      vertex -1.4522112 -0.6976391 0.3932045
    endloop
  endfacet
  facet normal -0.1509993 -0.7940658 0.5887773
    outer loop
      vertex -1.4522112 -0.6976391 0.3932045
      vertex -1.2710773 -0.8117448 0.2857676
      vertex -1.2214085 -0.7835559 0.3365233
    endloop
  endfacet
  facet normal -0.1521059 -0.7955373 0.5865016
    outer loop
      vertex -1.4522112 -0.6976391 0.3932045
      vertex -1.2214085 -0.7835559 0.3365233
      vertex -1.4047802 -0.6682341 0.4453907
    endloop
  endfacet
  facet normal -0.3588741 -0.8756738 0.3231174
    outer loop
      vertex -1.4047802 -0.6682341 0.4453907
      vertex -1.2214085 -0.7835559 0.3365233
      vertex -1.1776631 -0.7784463 0.3989572
    endloop
  endfacet
  facet normal -0.3597072 -0.8762910 0.3205072
    outer loop
      vertex -1.4047802 -0.6682341 0.4453907
      vertex -1.1776631 -0.7784463 0.3989572
      vertex -1.3653251 -0.6606597 0.5103805
    endloop
  endfacet
  facet normal -0.5237267 -0.8516907 0.0182562
    outer loop
      vertex -1.3653251 -0.6606597 0.5103805
      vertex -1.1776631 -0.7784463 0.3989572
      vertex -1.1451174 -0.7970323 0.4655387
    endloop
  endfacet
  facet normal -0.5241480 -0.8514850 0.0155623
    outer loop
      vertex -1.3653251 -0.6606597 0.5103805
      vertex -1.1451174 -0.7970323 0.4655387
      vertex -1.3386046 -0.6758294 0.5803352
    endloop
  endfacet
  facet normal -0.6254715 -0.7247355 -0.2890394
    outer loop
      vertex -1.3386046 -0.6758294 0.5803352
      vertex -1.1451174 -0.7970323 0.4655387
      vertex -1.1276969 -0.8370721 0.5282371
    endloop
  endfacet
  facet normal -0.6253797 -0.7237868 -0.2916041
    outer loop
      vertex -1.3386046 -0.6758294 0.5803352
      vertex -1.1276969 -0.8370721 0.5282371
      vertex -1.3278417 -0.7119136 0.6468171
    endloop
  endfacet
  facet normal -0.6516121 -0.5100687 -0.5614550
    outer loop
      vertex -1.3278417 -0.7119136 0.6468171
      vertex -1.1276969 -0.8370721 0.5282371
      vertex -1.1275029 -0.8937365 0.5794901
    endloop
  endfacet
  facet normal -0.6509276 -0.5084928 -0.5636740
    outer loop
      vertex -1.3278417 -0.7119136 0.6468171
      vertex -1.1275029 -0.8937365 0.5794901
      vertex -1.3343346 -0.7645600 0.7018076
    endloop
  endfacet
  facet normal -0.5989600 -0.2338107 -0.7658848
    outer loop
      vertex -1.3343346 -0.7645600 0.7018076
      vertex -1.1275029 -0.8937365 0.5794901
      vertex -1.1445587 -0.9601907 0.6131158
    endloop
  endfacet
  facet normal -0.5976481 -0.2317967 -0.7675201
    outer loop
      vertex -1.3343346 -0.7645600 0.7018076
      vertex -1.1445587 -0.9601907 0.6131158
      vertex -1.3573001 -0.8274187 0.7386740
    endloop
  endfacet
  facet normal -0.4740441 0.0704293 -0.8776799
    outer loop
      vertex -1.3573001 -0.8274187 0.7386740
      vertex -1.1445587 -0.9601907 0.6131158
      vertex -1.1768071 -1.0284195 0.6250585
    endloop
  endfacet
  facet normal -0.4721601 0.0725951 -0.8785185
    outer loop
      vertex -1.3573001 -0.8274187 0.7386740
      vertex -1.1768071 -1.0284195 0.6250585
      vertex -1.3939682 -0.8929079 0.7529696
    endloop
  endfacet
  facet normal -0.3663248 0.4082600 -0.8361399
    outer loop
      vertex -1.1768071 -1.0284195 0.6250585
      vertex -0.9740407 -1.1424380 0.4805521
      vertex -1.0169626 -1.2045853 0.4690123
    endloop
  endfacet
  facet normal -0.3654915 0.4090132 -0.8361365
    outer loop
      vertex -1.1768071 -1.0284195 0.6250585
      vertex -1.0169626 -1.2045853 0.4690123
      vertex -1.2203585 -1.0901934 0.6138777
    endloop
  endfacet
  facet normal -0.1514628 0.6611943 -0.7347660
    outer loop
      vertex -1.2203585 -1.0901934 0.6138777
      vertex -1.0169626 -1.2045853 0.4690123
      vertex -1.0676603 -1.2518784 0.4369053
    endloop
  endfacet
  facet normal -0.1505889 0.6617090 -0.7344823
    outer loop
      vertex -1.2203585 -1.0901934 0.6138777
      vertex -1.0676603 -1.2518784 0.4369053
      vertex -1.2699599 -1.1380617 0.5809220
    endloop
  endfacet
  facet normal 0.0816783 0.8345628 -0.5448243
    outer loop
      vertex -1.2699599 -1.1380617 0.5809220
      vertex -1.0676603 -1.2518784 0.4369053
      vertex -1.1200189 -1.2786130 0.3881038
    endloop
  endfacet
  facet normal 0.0824933 0.8347888 -0.5443552
    outer loop
      vertex -1.2699599 -1.1380617 0.5809220
      vertex -1.1200189 -1.2786130 0.3881038
      vertex -1.3196288 -1.1662506 0.5301662
    endloop
  endfacet
  facet normal 0.3050614 0.9074034 -0.2890617
    outer loop
      vertex -1.3196288 -1.1662506 0.5301662
      vertex -1.1200189 -1.2786130 0.3881038
      vertex -1.1677232 -1.2815645 0.3284938
    endloop
  endfacet
  facet normal 0.3057658 0.9073457 -0.2884981
    outer loop
      vertex -1.3196288 -1.1662506 0.5301662
      vertex -1.1677232 -1.2815645 0.3284938
      vertex -1.3633742 -1.1713602 0.4677324
    endloop
  endfacet
  facet normal 0.4917119 0.8707562 0.0017439
    outer loop
      vertex -1.3633742 -1.1713602 0.4677324
      vertex -1.1677232 -1.2815645 0.3284938
      vertex -1.2050194 -1.2603769 0.2652654
    endloop
  endfacet
  facet normal 0.4922904 0.8704279 0.0023406
    outer loop
      vertex -1.3633742 -1.1713602 0.4677324
      vertex -1.2050194 -1.2603769 0.2652654
      vertex -1.3959199 -1.1527742 0.4011509
    endloop
  endfacet
  facet normal 0.6190083 0.7289166 0.2924196
    outer loop
      vertex -1.3959199 -1.1527742 0.4011509
      vertex -1.2050194 -1.2603769 0.2652654
      vertex -1.2274089 -1.2176058 0.2060447
    endloop
  endfacet
  facet normal 0.6194457 0.7283126 0.2929980
    outer loop
      vertex -1.3959199 -1.1527742 0.4011509
      vertex -1.2274089 -1.2176058 0.2060447
      vertex -1.4133404 -1.1127343 0.3384525
    endloop
  endfacet
  facet normal 0.6715302 0.4990376 0.5477304
    outer loop
      vertex -1.4133404 -1.1127343 0.3384525
      vertex -1.2274089 -1.2176058 0.2060447
      vertex -1.2321913 -1.1584099 0.1579746
    endloop
  endfacet
  facet normal 0.6717889 0.4981597 0.5482122
    outer loop
      vertex -1.4133404 -1.1127343 0.3384525
      vertex -1.2321913 -1.1584099 0.1579746
      vertex -1.4135344 -1.0560700 0.2871995
    endloop
  endfacet
  facet normal 0.6429951 0.2090096 0.7367987
    outer loop
      vertex -1.4135344 -1.0560700 0.2871995
      vertex -1.2321913 -1.1584099 0.1579746
      vertex -1.2187898 -1.0899292 0.1268532
    endloop
  endfacet
  facet normal 0.6430325 0.2079210 0.7370739
    outer loop
      vertex -1.4135344 -1.0560700 0.2871995
      vertex -1.2187898 -1.0899292 0.1268532
      vertex -1.3964786 -0.9896158 0.2535737
    endloop
  endfacet
  facet normal 0.5369674 -0.1060710 0.8369080
    outer loop
      vertex -1.3964786 -0.9896158 0.2535737
      vertex -1.2187898 -1.0899292 0.1268532
      vertex -1.1888207 -1.0204235 0.1164340
    endloop
  endfacet
  facet normal 0.5367794 -0.1072224 0.8368819
    outer loop
      vertex -1.3964786 -0.9896158 0.2535737
      vertex -1.1888207 -1.0204235 0.1164340
      vertex -1.3642302 -0.9213870 0.2416310
    endloop
  endfacet
  facet normal 0.3663022 -0.4082473 0.8361560
    outer loop
      vertex -1.3642302 -0.9213870 0.2416310
      vertex -1.1888207 -1.0204235 0.1164340
      vertex -1.1458988 -0.9582761 0.1279739
    endloop
  endfacet
  facet normal 0.3659476 -0.4092754 0.8358086
    outer loop
      vertex -1.3642302 -0.9213870 0.2416310
      vertex -1.1458988 -0.9582761 0.1279739
      vertex -1.3206788 -0.8596131 0.2528119
    endloop
  endfacet
  facet normal 0.1515206 -0.6612277 0.7347240
    outer loop
      vertex -1.3206788 -0.8596131 0.2528119
      vertex -1.1458988 -0.9582761 0.1279739
      vertex -1.0952011 -0.9109830 0.1600809
    endloop
  endfacet
  facet normal 0.1510996 -0.6619909 0.7341232
    outer loop
      vertex -1.3206788 -0.8596131 0.2528119
      vertex -1.0952011 -0.9109830 0.1600809
      vertex -1.2710773 -0.8117448 0.2857676
    endloop
  endfacet
  facet normal -0.0816113 -0.8346022 0.5447740
    outer loop
      vertex -1.2710773 -0.8117448 0.2857676
      vertex -1.0952011 -0.9109830 0.1600809
      vertex -1.0428425 -0.8842484 0.2088824
    endloop
  endfacet
  facet normal -0.0820065 -0.8350520 0.5440250
    outer loop
      vertex -1.2710773 -0.8117448 0.2857676
      vertex -1.0428425 -0.8842484 0.2088824
      vertex -1.2214085 -0.7835559 0.3365233
    endloop
  endfacet
  facet normal -0.3050583 -0.9074052 0.2890593
    outer loop
      vertex -1.2214085 -0.7835559 0.3365233
      vertex -1.0428425 -0.8842484 0.2088824
      vertex -0.9951382 -0.8812969 0.2684923
    endloop
  endfacet
  facet normal -0.3053718 -0.9075604 0.2882397
    outer loop
      vertex -1.2214085 -0.7835559 0.3365233
      vertex -0.9951382 -0.8812969 0.2684923
      vertex -1.1776631 -0.7784463 0.3989572
    endloop
  endfacet
  facet normal -0.4918161 -0.8706975 -0.0016628
    outer loop
      vertex -1.1776631 -0.7784463 0.3989572
      vertex -0.9951382 -0.8812969 0.2684923
      vertex -0.9578420 -0.9024845 0.3317208
    endloop
  endfacet
  facet normal -0.4920138 -0.8705837 -0.0025193
    outer loop
      vertex -1.1776631 -0.7784463 0.3989572
      vertex -0.9578420 -0.9024845 0.3317208
      vertex -1.1451174 -0.7970323 0.4655387
    endloop
  endfacet
  facet normal -0.6192151 -0.7288047 -0.2922606
    outer loop
      vertex -1.1451174 -0.7970323 0.4655387
      vertex -0.9578420 -0.9024845 0.3317208
      vertex -0.9354525 -0.9452556 0.3909415
    endloop
  endfacet
  facet normal -0.6192538 -0.7284253 -0.2931233
    outer loop
      vertex -1.1451174 -0.7970323 0.4655387
      vertex -0.9354525 -0.9452556 0.3909415
      vertex -1.1276969 -0.8370721 0.5282371
    endloop
  endfacet
  facet normal -0.6717879 -0.4989020 -0.5475379
    outer loop
      vertex -1.1276969 -0.8370721 0.5282371
      vertex -0.9354525 -0.9452556 0.3909415
      vertex -0.9306701 -1.0044515 0.4390115
    endloop
  endfacet
  facet normal -0.6716097 -0.4982683 -0.5483330
    outer loop
      vertex -1.1276969 -0.8370721 0.5282371
      vertex -0.9306701 -1.0044515 0.4390115
      vertex -1.1275029 -0.8937365 0.5794901
    endloop
  endfacet
  facet normal -0.6432261 -0.2088884 -0.7366314
    outer loop
      vertex -1.1275029 -0.8937365 0.5794901
      vertex -0.9306701 -1.0044515 0.4390115
      vertex -0.9440716 -1.0729322 0.4701330
    endloop
  endfacet
  facet normal -0.6427904 -0.2080689 -0.7372434
    outer loop
      vertex -1.1275029 -0.8937365 0.5794901
      vertex -0.9440716 -1.0729322 0.4701330
      vertex -1.1445587 -0.9601907 0.6131158
    endloop
  endfacet
  facet normal -0.5371049 0.1061449 -0.8368104
    outer loop
      vertex -1.1445587 -0.9601907 0.6131158
      vertex -0.9440716 -1.0729322 0.4701330
      vertex -0.9740407 -1.1424380 0.4805521
    endloop
  endfacet
  facet normal -0.5364287 0.1070127 -0.8371335
    outer loop
      vertex -1.1445587 -0.9601907 0.6131158
      vertex -0.9740407 -1.1424380 0.4805521
      vertex -1.1768071 -1.0284195 0.6250585
    endloop
  endfacet
  facet normal -0.4183875 0.4369097 -0.7962800
    outer loop
      vertex -0.9740407 -1.1424380 0.4805521
      vertex -0.7878165 -1.2439585 0.3270016
      vertex -0.8313569 -1.3057663 0.3159657
    endloop
  endfacet
  facet normal -0.4184468 0.4368561 -0.7962782
    outer loop
      vertex -0.9740407 -1.1424380 0.4805521
      vertex -0.8313569 -1.3057663 0.3159657
      vertex -1.0169626 -1.2045853 0.4690123
    endloop
  endfacet
  facet normal -0.1999997 0.6881301 -0.6974791
    outer loop
      vertex -1.0169626 -1.2045853 0.4690123
      vertex -0.8313569 -1.3057663 0.3159657
      vertex -0.8836594 -1.3521781 0.2851736
    endloop
  endfacet
  facet normal -0.2001197 0.6880623 -0.6975116
    outer loop
      vertex -1.0169626 -1.2045853 0.4690123
      vertex -0.8836594 -1.3521781 0.2851736
      vertex -1.0676603 -1.2518784 0.4369053
    endloop
  endfacet
  facet normal 0.0425419 0.8564164 -0.5145300
    outer loop
      vertex -1.0676603 -1.2518784 0.4369053
      vertex -0.8836594 -1.3521781 0.2851736
      vertex -0.9384157 -1.3775958 0.2383394
    endloop
  endfacet
  facet normal 0.0423791 0.8563761 -0.5146105
    outer loop
      vertex -1.0676603 -1.2518784 0.4369053
      vertex -0.9384157 -1.3775958 0.2383394
      vertex -1.1200189 -1.2786130 0.3881038
    endloop
  endfacet
  facet normal 0.2799947 0.9214086 -0.2694608
    outer loop
      vertex -1.1200189 -1.2786130 0.3881038
      vertex -0.9384157 -1.3775958 0.2383394
      vertex -0.9890213 -1.3789538 0.1811120
    endloop
  endfacet
  facet normal 0.2798363 0.9214251 -0.2695690
    outer loop
      vertex -1.1200189 -1.2786130 0.3881038
      vertex -0.9890213 -1.3789538 0.1811120
      vertex -1.1677232 -1.2815645 0.3284938
    endloop
  endfacet
  facet normal 0.4836878 0.8752027 0.0081464
    outer loop
      vertex -1.1677232 -1.2815645 0.3284938
      vertex -0.9890213 -1.3789538 0.1811120
      vertex -1.0293724 -1.3560882 0.1203937
    endloop
  endfacet
  facet normal 0.4835787 0.8752639 0.0080519
    outer loop
      vertex -1.1677232 -1.2815645 0.3284938
      vertex -1.0293724 -1.3560882 0.1203937
      vertex -1.2050194 -1.2603769 0.2652654
    endloop
  endfacet
  facet normal 0.6290187 0.7233656 0.2847414
    outer loop
      vertex -1.2050194 -1.2603769 0.2652654
      vertex -1.0293724 -1.3560882 0.1203937
      vertex -1.0546022 -1.3117570 0.0635082
    endloop
  endfacet
  facet normal 0.6289703 0.7234282 0.2846894
    outer loop
      vertex -1.2050194 -1.2603769 0.2652654
      vertex -1.0546022 -1.3117570 0.0635082
      vertex -1.2274089 -1.2176058 0.2060447
    endloop
  endfacet
  facet normal 0.6984610 0.4842662 0.5269141
    outer loop
      vertex -1.2274089 -1.2176058 0.2060447
      vertex -1.0546022 -1.3117570 0.0635082
      vertex -1.0616675 -1.2513072 0.0173167
    endloop
  endfacet
  facet normal 0.6984507 0.4842968 0.5268996
    outer loop
      vertex -1.2274089 -1.2176058 0.2060447
      vertex -1.0616675 -1.2513072 0.0173167
      vertex -1.2321913 -1.1584099 0.1579746
    endloop
  endfacet
  facet normal 0.6836784 0.1868021 0.7054706
    outer loop
      vertex -1.2321913 -1.1584099 0.1579746
      vertex -1.0616675 -1.2513072 0.0173167
      vertex -1.0497162 -1.1820299 -0.0126095
    endloop
  endfacet
  facet normal 0.6836779 0.1868101 0.7054690
    outer loop
      vertex -1.2321913 -1.1584099 0.1579746
      vertex -1.0497162 -1.1820299 -0.0126095
      vertex -1.2187898 -1.0899292 0.1268532
    endloop
  endfacet
  facet normal 0.5864881 -0.1331429 0.7989397
    outer loop
      vertex -1.2187898 -1.0899292 0.1268532
      vertex -1.0497162 -1.1820299 -0.0126095
      vertex -1.0201897 -1.1122810 -0.0226607
    endloop
  endfacet
  facet normal 0.5864922 -0.1331161 0.7989412
    outer loop
      vertex -1.2187898 -1.0899292 0.1268532
      vertex -1.0201897 -1.1122810 -0.0226607
      vertex -1.1888207 -1.0204235 0.1164340
    endloop
  endfacet
  facet normal 0.4186016 -0.4370287 0.7961021
    outer loop
      vertex -1.1888207 -1.0204235 0.1164340
      vertex -1.0201897 -1.1122810 -0.0226607
      vertex -0.9766493 -1.0504732 -0.0116248
    endloop
  endfacet
  facet normal 0.4186285 -0.4369539 0.7961291
    outer loop
      vertex -1.1888207 -1.0204235 0.1164340
      vertex -0.9766493 -1.0504732 -0.0116248
      vertex -1.1458988 -0.9582761 0.1279739
    endloop
  endfacet
  facet normal 0.2002167 -0.6882529 0.6972956
    outer loop
      vertex -1.1458988 -0.9582761 0.1279739
      vertex -0.9766493 -1.0504732 -0.0116248
      vertex -0.9243468 -1.0040615 0.0191673
    endloop
  endfacet
  facet normal 0.2002809 -0.6881469 0.6973818
    outer loop
      vertex -1.1458988 -0.9582761 0.1279739
      vertex -0.9243468 -1.0040615 0.0191673
      vertex -1.0952011 -0.9109830 0.1600809
    endloop
  endfacet
  facet normal -0.0423717 -0.8565130 0.5143833
    outer loop
      vertex -1.0952011 -0.9109830 0.1600809
      vertex -0.9243468 -1.0040615 0.0191673
      vertex -0.8695905 -0.9786438 0.0660015
    endloop
  endfacet
  facet normal -0.0422826 -0.8564265 0.5145346
    outer loop
      vertex -1.0952011 -0.9109830 0.1600809
      vertex -0.8695905 -0.9786438 0.0660015
      vertex -1.0428425 -0.8842484 0.2088824
    endloop
  endfacet
  facet normal -0.2798985 -0.9214623 0.2693771
    outer loop
      vertex -1.0428425 -0.8842484 0.2088824
      vertex -0.8695905 -0.9786438 0.0660015
      vertex -0.8189849 -0.9772858 0.1232289
    endloop
  endfacet
  facet normal -0.2798187 -0.9214344 0.2695553
    outer loop
      vertex -1.0428425 -0.8842484 0.2088824
      vertex -0.8189849 -0.9772858 0.1232289
      vertex -0.9951382 -0.8812969 0.2684923
    endloop
  endfacet
  facet normal -0.4836595 -0.8752181 -0.0081711
    outer loop
      vertex -0.9951382 -0.8812969 0.2684923
      vertex -0.8189849 -0.9772858 0.1232289
      vertex -0.7786338 -1.0001513 0.1839472
    endloop
  endfacet
  facet normal -0.4836158 -0.8752436 -0.0080233
    outer loop
      vertex -0.9951382 -0.8812969 0.2684923
      vertex -0.7786338 -1.0001513 0.1839472
      vertex -0.9578420 -0.9024845 0.3317208
    endloop
  endfacet
  facet normal -0.6290209 -0.7233645 -0.2847396
    outer loop
      vertex -0.9578420 -0.9024845 0.3317208
      vertex -0.7786338 -1.0001513 0.1839472
      vertex -0.7534040 -1.0444825 0.2408327
    endloop
  endfacet
  facet normal -0.6290120 -0.7234048 -0.2846567
    outer loop
      vertex -0.9578420 -0.9024845 0.3317208
      vertex -0.7534040 -1.0444825 0.2408327
      vertex -0.9354525 -0.9452556 0.3909415
    endloop
  endfacet
  facet normal -0.6984413 -0.4842765 -0.5269307
    outer loop
      vertex -0.9354525 -0.9452556 0.3909415
      vertex -0.7534040 -1.0444825 0.2408327
      vertex -0.7463387 -1.1049323 0.2870242
    endloop
  endfacet
  facet normal -0.6984459 -0.4842996 -0.5269035
    outer loop
      vertex -0.9354525 -0.9452556 0.3909415
      vertex -0.7463387 -1.1049323 0.2870242
      vertex -0.9306701 -1.0044515 0.4390115
    endloop
  endfacet
  facet normal -0.6835938 -0.1868470 -0.7055407
    outer loop
      vertex -0.9306701 -1.0044515 0.4390115
      vertex -0.7463387 -1.1049323 0.2870242
      vertex -0.7582900 -1.1742096 0.3169504
    endloop
  endfacet
  facet normal -0.6835979 -0.1868555 -0.7055345
    outer loop
      vertex -0.9306701 -1.0044515 0.4390115
      vertex -0.7582900 -1.1742096 0.3169504
      vertex -0.9440716 -1.0729322 0.4701330
    endloop
  endfacet
  facet normal -0.5863263 0.1330552 -0.7990731
    outer loop
      vertex -0.9440716 -1.0729322 0.4701330
      vertex -0.7582900 -1.1742096 0.3169504
      vertex -0.7878165 -1.2439585 0.3270016
    endloop
  endfacet
  facet normal -0.5863428 0.1330332 -0.7990647
    outer loop
      vertex -0.9440716 -1.0729322 0.4701330
      vertex -0.7878165 -1.2439585 0.3270016
      vertex -0.9740407 -1.1424380 0.4805521
    endloop
  endfacet
  facet normal -0.4436949 0.4511152 -0.7743577
    outer loop
      vertex -0.7878165 -1.2439585 0.3270016
      vertex -0.6158147 -1.3406272 0.1721313
      vertex -0.6604258 -1.4018296 0.1620383
    endloop
  endfacet
  facet normal -0.4438813 0.4509523 -0.7743458
    outer loop
      vertex -0.7878165 -1.2439585 0.3270016
      vertex -0.6604258 -1.4018296 0.1620383
      vertex -0.8313569 -1.3057663 0.3159657
    endloop
  endfacet
  facet normal -0.2196339 0.6992602 -0.6802912
    outer loop
      vertex -0.8313569 -1.3057663 0.3159657
      vertex -0.6604258 -1.4018296 0.1620383
      vertex -0.7140317 -1.4475001 0.1324011
    endloop
  endfacet
  facet normal -0.2198587 0.6991401 -0.6803421
    outer loop
      vertex -0.8313569 -1.3057663 0.3159657
      vertex -0.7140317 -1.4475001 0.1324011
      vertex -0.8836594 -1.3521781 0.2851736
    endloop
  endfacet
  facet normal 0.0309260 0.8630547 -0.5041629
    outer loop
      vertex -0.8836594 -1.3521781 0.2851736
      vertex -0.7140317 -1.4475001 0.1324011
      vertex -0.7701667 -1.4721303 0.0867944
    endloop
  endfacet
  facet normal 0.0307008 0.8630050 -0.5042616
    outer loop
      vertex -0.8836594 -1.3521781 0.2851736
      vertex -0.7701667 -1.4721303 0.0867944
      vertex -0.9384157 -1.3775958 0.2383394
    endloop
  endfacet
  facet normal 0.2777592 0.9227338 -0.2672306
    outer loop
      vertex -0.9384157 -1.3775958 0.2383394
      vertex -0.7701667 -1.4721303 0.0867944
      vertex -0.8220601 -1.4727493 0.0307190
    endloop
  endfacet
  facet normal 0.2775690 0.9227571 -0.2673478
    outer loop
      vertex -0.9384157 -1.3775958 0.2383394
      vertex -0.8220601 -1.4727493 0.0307190
      vertex -0.9890213 -1.3789538 0.1811120
    endloop
  endfacet
  facet normal 0.4910932 0.8711050 0.0019133
    outer loop
      vertex -0.9890213 -1.3789538 0.1811120
      vertex -0.8220601 -1.4727493 0.0307190
      vertex -0.8634527 -1.4492826 -0.0290616
    endloop
  endfacet
  facet normal 0.4909541 0.8711836 0.0018039
    outer loop
      vertex -0.9890213 -1.3789538 0.1811120
      vertex -0.8634527 -1.4492826 -0.0290616
      vertex -1.0293724 -1.3560882 0.1203937
    endloop
  endfacet
  facet normal 0.6452025 0.7144083 0.2708034
    outer loop
      vertex -1.0293724 -1.3560882 0.1203937
      vertex -0.8634527 -1.4492826 -0.0290616
      vertex -0.8893520 -1.4045604 -0.0853369
    endloop
  endfacet
  facet normal 0.6451114 0.7145245 0.2707141
    outer loop
      vertex -1.0293724 -1.3560882 0.1203937
      vertex -0.8893520 -1.4045604 -0.0853369
      vertex -1.0546022 -1.3117570 0.0635082
    endloop
  endfacet
  facet normal 0.7215058 0.4715511 0.5070197
    outer loop
      vertex -1.0546022 -1.3117570 0.0635082
      vertex -0.8893520 -1.4045604 -0.0853369
      vertex -0.8966342 -1.3439771 -0.1313193
    endloop
  endfacet
  facet normal 0.7214545 0.4717010 0.5069533
    outer loop
      vertex -1.0546022 -1.3117570 0.0635082
      vertex -0.8966342 -1.3439771 -0.1313193
      vertex -1.0616675 -1.2513072 0.0173167
    endloop
  endfacet
  facet normal 0.7107984 0.1718209 0.6820874
    outer loop
      vertex -1.0616675 -1.2513072 0.0173167
      vertex -0.8966342 -1.3439771 -0.1313193
      vertex -0.8844210 -1.2748398 -0.1614627
    endloop
  endfacet
  facet normal 0.7107873 0.1720090 0.6820516
    outer loop
      vertex -1.0616675 -1.2513072 0.0173167
      vertex -0.8844210 -1.2748398 -0.1614627
      vertex -1.0497162 -1.1820299 -0.0126095
    endloop
  endfacet
  facet normal 0.6143606 -0.1486399 0.7748982
    outer loop
      vertex -1.0497162 -1.1820299 -0.0126095
      vertex -0.8844210 -1.2748398 -0.1614627
      vertex -0.8541853 -1.2054875 -0.1721313
    endloop
  endfacet
  facet normal 0.6143974 -0.1484204 0.7749111
    outer loop
      vertex -1.0497162 -1.1820299 -0.0126095
      vertex -0.8541853 -1.2054875 -0.1721313
      vertex -1.0201897 -1.1122810 -0.0226607
    endloop
  endfacet
  facet normal 0.4438116 -0.4511827 0.7742515
    outer loop
      vertex -1.0201897 -1.1122810 -0.0226607
      vertex -0.8541853 -1.2054875 -0.1721313
      vertex -0.8095742 -1.1442851 -0.1620383
    endloop
  endfacet
  facet normal 0.4438978 -0.4509613 0.7743311
    outer loop
      vertex -1.0201897 -1.1122810 -0.0226607
      vertex -0.8095742 -1.1442851 -0.1620383
      vertex -0.9766493 -1.0504732 -0.0116248
    endloop
  endfacet
  facet normal 0.2197193 -0.6993096 0.6802129
    outer loop
      vertex -0.9766493 -1.0504732 -0.0116248
      vertex -0.8095742 -1.1442851 -0.1620383
      vertex -0.7559683 -1.0986146 -0.1324011
    endloop
  endfacet
  facet normal 0.2198389 -0.6991293 0.6803595
    outer loop
      vertex -0.9766493 -1.0504732 -0.0116248
      vertex -0.7559683 -1.0986146 -0.1324011
      vertex -0.9243468 -1.0040615 0.0191673
    endloop
  endfacet
  facet normal -0.0308765 -0.8630831 0.5041173
    outer loop
      vertex -0.9243468 -1.0040615 0.0191673
      vertex -0.7559683 -1.0986146 -0.1324011
      vertex -0.6998333 -1.0739844 -0.0867944
    endloop
  endfacet
  facet normal -0.0307534 -0.8629763 0.5043075
    outer loop
      vertex -0.9243468 -1.0040615 0.0191673
      vertex -0.6998333 -1.0739844 -0.0867944
      vertex -0.8695905 -0.9786438 0.0660015
    endloop
  endfacet
  facet normal -0.2777336 -0.9227483 0.2672070
    outer loop
      vertex -0.8695905 -0.9786438 0.0660015
      vertex -0.6998333 -1.0739844 -0.0867944
      vertex -0.6479399 -1.0733653 -0.0307190
    endloop
  endfacet
  facet normal -0.2776351 -0.9227205 0.2674054
    outer loop
      vertex -0.8695905 -0.9786438 0.0660015
      vertex -0.6479399 -1.0733653 -0.0307190
      vertex -0.8189849 -0.9772858 0.1232289
    endloop
  endfacet
  facet normal -0.4910683 -0.8711189 -0.0019360
    outer loop
      vertex -0.8189849 -0.9772858 0.1232289
      vertex -0.6479399 -1.0733653 -0.0307190
      vertex -0.6065473 -1.0968321 0.0290616
    endloop
  endfacet
  facet normal -0.4910081 -0.8711532 -0.0017566
    outer loop
      vertex -0.8189849 -0.9772858 0.1232289
      vertex -0.6065473 -1.0968321 0.0290616
      vertex -0.7786338 -1.0001513 0.1839472
    endloop
  endfacet
  facet normal -0.6451547 -0.7144351 -0.2708466
    outer loop
      vertex -0.7786338 -1.0001513 0.1839472
      vertex -0.6065473 -1.0968321 0.0290616
      vertex -0.5806480 -1.1415542 0.0853369
    endloop
  endfacet
  facet normal -0.6451337 -0.7145118 -0.2706943
    outer loop
      vertex -0.7786338 -1.0001513 0.1839472
      vertex -0.5806480 -1.1415542 0.0853369
      vertex -0.7534040 -1.0444825 0.2408327
    endloop
  endfacet
  facet normal -0.7214220 -0.4715982 -0.5070951
    outer loop
      vertex -0.7534040 -1.0444825 0.2408327
      vertex -0.5806480 -1.1415542 0.0853369
      vertex -0.5733658 -1.2021376 0.1313193
    endloop
  endfacet
  facet normal -0.7214404 -0.4717089 -0.5069659
    outer loop
      vertex -0.7534040 -1.0444825 0.2408327
      vertex -0.5733658 -1.2021376 0.1313193
      vertex -0.7463387 -1.1049323 0.2870242
    endloop
  endfacet
  facet normal -0.7106826 -0.1718868 -0.6821915
    outer loop
      vertex -0.7463387 -1.1049323 0.2870242
      vertex -0.5733658 -1.2021376 0.1313193
      vertex -0.5855790 -1.2712749 0.1614627
    endloop
  endfacet
  facet normal -0.7107489 -0.1720305 -0.6820861
    outer loop
      vertex -0.7463387 -1.1049323 0.2870242
      vertex -0.5855790 -1.2712749 0.1614627
      vertex -0.7582900 -1.1742096 0.3169504
    endloop
  endfacet
  facet normal -0.6142318 0.1485659 -0.7750145
    outer loop
      vertex -0.7582900 -1.1742096 0.3169504
      vertex -0.5855790 -1.2712749 0.1614627
      vertex -0.6158147 -1.3406272 0.1721313
    endloop
  endfacet
  facet normal -0.6143581 0.1483986 -0.7749464
    outer loop
      vertex -0.7582900 -1.1742096 0.3169504
      vertex -0.6158147 -1.3406272 0.1721313
      vertex -0.7878165 -1.2439585 0.3270016
    endloop
  endfacet
  facet normal -0.4417548 0.4498459 -0.7762031
    outer loop
      vertex -0.6158147 -1.3406272 0.1721313
      vertex -0.4520298 -1.4377382 0.0226372
      vertex -0.4973393 -1.4985297 0.0131923
    endloop
  endfacet
  facet normal -0.4416520 0.4499319 -0.7762119
    outer loop
      vertex -0.6158147 -1.3406272 0.1721313
      vertex -0.4973393 -1.4985297 0.0131923
      vertex -0.6604258 -1.4018296 0.1620383
    endloop
  endfacet
  facet normal -0.2136073 0.6955925 -0.6859467
    outer loop
      vertex -0.6604258 -1.4018296 0.1620383
      vertex -0.4973393 -1.4985297 0.0131923
      vertex -0.5512052 -1.5440538 -0.0161977
    endloop
  endfacet
  facet normal -0.2134620 0.6956666 -0.6859168
    outer loop
      vertex -0.6604258 -1.4018296 0.1620383
      vertex -0.5512052 -1.5440538 -0.0161977
      vertex -0.7140317 -1.4475001 0.1324011
    endloop
  endfacet
  facet normal 0.0403032 0.8574549 -0.5129783
    outer loop
      vertex -0.7140317 -1.4475001 0.1324011
      vertex -0.5512052 -1.5440538 -0.0161977
      vertex -0.6071307 -1.5688195 -0.0619881
    endloop
  endfacet
  facet normal 0.0404720 0.8574896 -0.5129071
    outer loop
      vertex -0.7140317 -1.4475001 0.1324011
      vertex -0.6071307 -1.5688195 -0.0619881
      vertex -0.7701667 -1.4721303 0.0867944
    endloop
  endfacet
  facet normal 0.2893664 0.9159180 -0.2781391
    outer loop
      vertex -0.7701667 -1.4721303 0.0867944
      vertex -0.6071307 -1.5688195 -0.0619881
      vertex -0.6583701 -1.5698398 -0.1186558
    endloop
  endfacet
  facet normal 0.2895246 0.9158971 -0.2780431
    outer loop
      vertex -0.7701667 -1.4721303 0.0867944
      vertex -0.6583701 -1.5698398 -0.1186558
      vertex -0.8220601 -1.4727493 0.0307190
    endloop
  endfacet
  facet normal 0.5035413 0.8639164 -0.0097299
    outer loop
      vertex -0.8220601 -1.4727493 0.0307190
      vertex -0.6583701 -1.5698398 -0.1186558
      vertex -0.6987434 -1.5469916 -0.1793659
    endloop
  endfacet
  facet normal 0.5036597 0.8638484 -0.0096364
    outer loop
      vertex -0.8220601 -1.4727493 0.0307190
      vertex -0.6987434 -1.5469916 -0.1793659
      vertex -0.8634527 -1.4492826 -0.0290616
    endloop
  endfacet
  facet normal 0.6569770 0.7077027 0.2598810
    outer loop
      vertex -0.8634527 -1.4492826 -0.0290616
      vertex -0.6987434 -1.5469916 -0.1793659
      vertex -0.7233809 -1.5030308 -0.2367958
    endloop
  endfacet
  facet normal 0.6570467 0.7076121 0.2599515
    outer loop
      vertex -0.8634527 -1.4492826 -0.0290616
      vertex -0.7233809 -1.5030308 -0.2367958
      vertex -0.8893520 -1.4045604 -0.0853369
    endloop
  endfacet
  facet normal 0.7311460 0.4661147 0.4981592
    outer loop
      vertex -0.8893520 -1.4045604 -0.0853369
      vertex -0.7233809 -1.5030308 -0.2367958
      vertex -0.7293110 -1.4432596 -0.2840186
    endloop
  endfacet
  facet normal 0.7311765 0.4660210 0.4982021
    outer loop
      vertex -0.8893520 -1.4045604 -0.0853369
      vertex -0.7293110 -1.4432596 -0.2840186
      vertex -0.8966342 -1.3439771 -0.1313193
    endloop
  endfacet
  facet normal 0.7170988 0.1683074 0.6763446
    outer loop
      vertex -0.8966342 -1.3439771 -0.1313193
      vertex -0.7293110 -1.4432596 -0.2840186
      vertex -0.7158183 -1.3748874 -0.3153386
    endloop
  endfacet
  facet normal 0.7171026 0.1682121 0.6763643
    outer loop
      vertex -0.8966342 -1.3439771 -0.1313193
      vertex -0.7158183 -1.3748874 -0.3153386
      vertex -0.8844210 -1.2748398 -0.1614627
    endloop
  endfacet
  facet normal 0.6165477 -0.1497801 0.7729391
    outer loop
      vertex -0.8844210 -1.2748398 -0.1614627
      vertex -0.7158183 -1.3748874 -0.3153386
      vertex -0.6845304 -1.3061608 -0.3269781
    endloop
  endfacet
  facet normal 0.6165273 -0.1498866 0.7729347
    outer loop
      vertex -0.8844210 -1.2748398 -0.1614627
      vertex -0.6845304 -1.3061608 -0.3269781
      vertex -0.8541853 -1.2054875 -0.1721313
    endloop
  endfacet
  facet normal 0.4416454 -0.4497800 0.7763036
    outer loop
      vertex -0.8541853 -1.2054875 -0.1721313
      vertex -0.6845304 -1.3061608 -0.3269781
      vertex -0.6392209 -1.2453694 -0.3175332
    endloop
  endfacet
  facet normal 0.4415956 -0.4498992 0.7762628
    outer loop
      vertex -0.8541853 -1.2054875 -0.1721313
      vertex -0.6392209 -1.2453694 -0.3175332
      vertex -0.8095742 -1.1442851 -0.1620383
    endloop
  endfacet
  facet normal 0.2134976 -0.6955273 0.6860470
    outer loop
      vertex -0.8095742 -1.1442851 -0.1620383
      vertex -0.6392209 -1.2453694 -0.3175332
      vertex -0.5853550 -1.1998453 -0.2881432
    endloop
  endfacet
  facet normal 0.2134184 -0.6956411 0.6859563
    outer loop
      vertex -0.8095742 -1.1442851 -0.1620383
      vertex -0.5853550 -1.1998453 -0.2881432
      vertex -0.7559683 -1.0986146 -0.1324011
    endloop
  endfacet
  facet normal -0.0403901 -0.8574038 0.5130568
    outer loop
      vertex -0.7559683 -1.0986146 -0.1324011
      vertex -0.5853550 -1.1998453 -0.2881432
      vertex -0.5294296 -1.1750796 -0.2423528
    endloop
  endfacet
  facet normal -0.0404840 -0.8574824 0.5129180
    outer loop
      vertex -0.7559683 -1.0986146 -0.1324011
      vertex -0.5294296 -1.1750796 -0.2423528
      vertex -0.6998333 -1.0739844 -0.0867944
    endloop
  endfacet
  facet normal -0.2894177 -0.9158879 0.2781849
    outer loop
      vertex -0.6998333 -1.0739844 -0.0867944
      vertex -0.5294296 -1.1750796 -0.2423528
      vertex -0.4781901 -1.1740593 -0.1856851
    endloop
  endfacet
  facet normal -0.2895011 -0.9159111 0.2780215
    outer loop
      vertex -0.6998333 -1.0739844 -0.0867944
      vertex -0.4781901 -1.1740593 -0.1856851
      vertex -0.6479399 -1.0733653 -0.0307190
    endloop
  endfacet
  facet normal -0.5035611 -0.8639047 0.0097475
    outer loop
      vertex -0.6479399 -1.0733653 -0.0307190
      vertex -0.4781901 -1.1740593 -0.1856851
      vertex -0.4378168 -1.1969075 -0.1249750
    endloop
  endfacet
  facet normal -0.5036133 -0.8638759 0.0095935
    outer loop
      vertex -0.6479399 -1.0733653 -0.0307190
      vertex -0.4378168 -1.1969075 -0.1249750
      vertex -0.6065473 -1.0968321 0.0290616
    endloop
  endfacet
  facet normal -0.6569844 -0.7076983 -0.2598744
    outer loop
      vertex -0.6065473 -1.0968321 0.0290616
      vertex -0.4378168 -1.1969075 -0.1249750
      vertex -0.4131793 -1.2408683 -0.0675451
    endloop
  endfacet
  facet normal -0.6570004 -0.7076393 -0.2599944
    outer loop
      vertex -0.6065473 -1.0968321 0.0290616
      vertex -0.4131793 -1.2408683 -0.0675451
      vertex -0.5806480 -1.1415542 0.0853369
    endloop
  endfacet
  facet normal -0.7311659 -0.4661025 -0.4981414
    outer loop
      vertex -0.5806480 -1.1415542 0.0853369
      vertex -0.4131793 -1.2408683 -0.0675451
      vertex -0.4072492 -1.3006395 -0.0203223
    endloop
  endfacet
  facet normal -0.7311534 -0.4660344 -0.4982234
    outer loop
      vertex -0.5806480 -1.1415542 0.0853369
      vertex -0.4072492 -1.3006395 -0.0203223
      vertex -0.5733658 -1.2021376 0.1313193
    endloop
  endfacet
  facet normal -0.7171499 -0.1682760 -0.6762981
    outer loop
      vertex -0.5733658 -1.2021376 0.1313193
      vertex -0.4072492 -1.3006395 -0.0203223
      vertex -0.4207419 -1.3690117 0.0109977
    endloop
  endfacet
  facet normal -0.7171151 -0.1682048 -0.6763528
    outer loop
      vertex -0.5733658 -1.2021376 0.1313193
      vertex -0.4207419 -1.3690117 0.0109977
      vertex -0.5855790 -1.2712749 0.1614627
    endloop
  endfacet
  facet normal -0.6166341 0.1498328 -0.7728600
    outer loop
      vertex -0.5855790 -1.2712749 0.1614627
      vertex -0.4207419 -1.3690117 0.0109977
      vertex -0.4520298 -1.4377382 0.0226372
    endloop
  endfacet
  facet normal -0.6165714 0.1499120 -0.7728947
    outer loop
      vertex -0.5855790 -1.2712749 0.1614627
      vertex -0.4520298 -1.4377382 0.0226372
      vertex -0.6158147 -1.3406272 0.1721313
    endloop
  endfacet
  facet normal -0.4146119 0.4332506 -0.8002442
    outer loop
      vertex -0.4520298 -1.4377382 0.0226372
      vertex -0.2881484 -1.5378299 -0.1164603
      vertex -0.3330526 -1.5988684 -0.1262412
    endloop
  endfacet
  facet normal -0.4145471 0.4333033 -0.8002493
    outer loop
      vertex -0.4520298 -1.4377382 0.0226372
      vertex -0.3330526 -1.5988684 -0.1262412
      vertex -0.4973393 -1.4985297 0.0131923
    endloop
  endfacet
  facet normal -0.1872147 0.6793949 -0.7094880
    outer loop
      vertex -0.4973393 -1.4985297 0.0131923
      vertex -0.3330526 -1.5988684 -0.1262412
      vertex -0.3855289 -1.6452393 -0.1567983
    endloop
  endfacet
  facet normal -0.1871236 0.6794410 -0.7094679
    outer loop
      vertex -0.4973393 -1.4985297 0.0131923
      vertex -0.3855289 -1.6452393 -0.1567983
      vertex -0.5512052 -1.5440538 -0.0161977
    endloop
  endfacet
  facet normal 0.0628168 0.8436844 -0.5331517
    outer loop
      vertex -0.5512052 -1.5440538 -0.0161977
      vertex -0.3855289 -1.6452393 -0.1567983
      vertex -0.4392477 -1.6713497 -0.2044458
    endloop
  endfacet
  facet normal 0.0628865 0.8436991 -0.5331202
    outer loop
      vertex -0.5512052 -1.5440538 -0.0161977
      vertex -0.4392477 -1.6713497 -0.2044458
      vertex -0.6071307 -1.5688195 -0.0619881
    endloop
  endfacet
  facet normal 0.3053265 0.9062372 -0.2924207
    outer loop
      vertex -0.6071307 -1.5688195 -0.0619881
      vertex -0.4392477 -1.6713497 -0.2044458
      vertex -0.4877299 -1.6740502 -0.2634368
    endloop
  endfacet
  facet normal 0.3053423 0.9062352 -0.2924103
    outer loop
      vertex -0.6071307 -1.5688195 -0.0619881
      vertex -0.4877299 -1.6740502 -0.2634368
      vertex -0.6583701 -1.5698398 -0.1186558
    endloop
  endfacet
  facet normal 0.5110001 0.8594256 -0.0163275
    outer loop
      vertex -0.6583701 -1.5698398 -0.1186558
      vertex -0.4877299 -1.6740502 -0.2634368
      vertex -0.5251277 -1.6530151 -0.3266561
    endloop
  endfacet
  facet normal 0.5109700 0.8594430 -0.0163537
    outer loop
      vertex -0.6583701 -1.5698398 -0.1186558
      vertex -0.5251277 -1.6530151 -0.3266561
      vertex -0.6987434 -1.5469916 -0.1793659
    endloop
  endfacet
  facet normal 0.6549608 0.7088812 0.2617513
    outer loop
      vertex -0.6987434 -1.5469916 -0.1793659
      vertex -0.5251277 -1.6530151 -0.3266561
      vertex -0.5469304 -1.6107816 -0.3864786
    endloop
  endfacet
  facet normal 0.6549212 0.7089346 0.2617059
    outer loop
      vertex -0.6987434 -1.5469916 -0.1793659
      vertex -0.5469304 -1.6107816 -0.3864786
      vertex -0.7233809 -1.5030308 -0.2367958
    endloop
  endfacet
  facet normal 0.7198395 0.4728295 0.5081962
    outer loop
      vertex -0.7233809 -1.5030308 -0.2367958
      vertex -0.5469304 -1.6107816 -0.3864786
      vertex -0.5505084 -1.5524436 -0.4356887
    endloop
  endfacet
  facet normal 0.7198200 0.4728947 0.5081631
    outer loop
      vertex -0.7233809 -1.5030308 -0.2367958
      vertex -0.5505084 -1.5524436 -0.4356887
      vertex -0.7293110 -1.4432596 -0.2840186
    endloop
  endfacet
  facet normal 0.6978789 0.1798208 0.6932745
    outer loop
      vertex -0.7293110 -1.4432596 -0.2840186
      vertex -0.5505084 -1.5524436 -0.4356887
      vertex -0.5354300 -1.4850376 -0.4683510
    endloop
  endfacet
  facet normal 0.6978784 0.1798521 0.6932669
    outer loop
      vertex -0.7293110 -1.4432596 -0.2840186
      vertex -0.5354300 -1.4850376 -0.4683510
      vertex -0.7158183 -1.3748874 -0.3153386
    endloop
  endfacet
  facet normal 0.5918086 -0.1347960 0.7947280
    outer loop
      vertex -0.7158183 -1.3748874 -0.3153386
      vertex -0.5354300 -1.4850376 -0.4683510
      vertex -0.5035138 -1.4166937 -0.4805259
    endloop
  endfacet
  facet normal 0.5918026 -0.1348247 0.7947276
    outer loop
      vertex -0.7158183 -1.3748874 -0.3153386
      vertex -0.5035138 -1.4166937 -0.4805259
      vertex -0.6845304 -1.3061608 -0.3269781
    endloop
  endfacet
  facet normal 0.4144411 -0.4331481 0.8003882
    outer loop
      vertex -0.6845304 -1.3061608 -0.3269781
      vertex -0.5035138 -1.4166937 -0.4805259
      vertex -0.4586096 -1.3556552 -0.4707449
    endloop
  endfacet
  facet normal 0.4144108 -0.4332197 0.8003652
    outer loop
      vertex -0.6845304 -1.3061608 -0.3269781
      vertex -0.4586096 -1.3556552 -0.4707449
      vertex -0.6392209 -1.2453694 -0.3175332
    endloop
  endfacet
  facet normal 0.1871101 -0.6793335 0.7095744
    outer loop
      vertex -0.6392209 -1.2453694 -0.3175332
      vertex -0.4586096 -1.3556552 -0.4707449
      vertex -0.4061334 -1.3092843 -0.4401879
    endloop
  endfacet
  facet normal 0.1870627 -0.6794028 0.7095205
    outer loop
      vertex -0.6392209 -1.2453694 -0.3175332
      vertex -0.4061334 -1.3092843 -0.4401879
      vertex -0.5853550 -1.1998453 -0.2881432
    endloop
  endfacet
  facet normal -0.0628467 -0.8436669 0.5331758
    outer loop
      vertex -0.5853550 -1.1998453 -0.2881432
      vertex -0.4061334 -1.3092843 -0.4401879
      vertex -0.3524145 -1.2831739 -0.3925404
    endloop
  endfacet
  facet normal -0.0628844 -0.8437004 0.5331184
    outer loop
      vertex -0.5853550 -1.1998453 -0.2881432
      vertex -0.3524145 -1.2831739 -0.3925404
      vertex -0.5294296 -1.1750796 -0.2423528
    endloop
  endfacet
  facet normal -0.3053092 -0.9062474 0.2924070
    outer loop
      vertex -0.5294296 -1.1750796 -0.2423528
      vertex -0.3524145 -1.2831739 -0.3925404
      vertex -0.3039323 -1.2804734 -0.3335493
    endloop
  endfacet
  facet normal -0.3053180 -0.9062504 0.2923886
    outer loop
      vertex -0.5294296 -1.1750796 -0.2423528
      vertex -0.3039323 -1.2804734 -0.3335493
      vertex -0.4781901 -1.1740593 -0.1856851
    endloop
  endfacet
  facet normal -0.5109862 -0.8594340 0.0163164
    outer loop
      vertex -0.4781901 -1.1740593 -0.1856851
      vertex -0.3039323 -1.2804734 -0.3335493
      vertex -0.2665345 -1.3015085 -0.2703300
    endloop
  endfacet
  facet normal -0.5109739 -0.8594406 0.0163572
    outer loop
      vertex -0.4781901 -1.1740593 -0.1856851
      vertex -0.2665345 -1.3015085 -0.2703300
      vertex -0.4378168 -1.1969075 -0.1249750
    endloop
  endfacet
  facet normal -0.6549986 -0.7088575 -0.2617208
    outer loop
      vertex -0.4378168 -1.1969075 -0.1249750
      vertex -0.2665345 -1.3015085 -0.2703300
      vertex -0.2447318 -1.3437420 -0.2105076
    endloop
  endfacet
  facet normal -0.6549913 -0.7088928 -0.2616438
    outer loop
      vertex -0.4378168 -1.1969075 -0.1249750
      vertex -0.2447318 -1.3437420 -0.2105076
      vertex -0.4131793 -1.2408683 -0.0675451
    endloop
  endfacet
  facet normal -0.7199518 -0.4727582 -0.5081035
    outer loop
      vertex -0.4131793 -1.2408683 -0.0675451
      vertex -0.2447318 -1.3437420 -0.2105076
      vertex -0.2411538 -1.4020800 -0.1612975
    endloop
  endfacet
  facet normal -0.7199643 -0.4728099 -0.5080376
    outer loop
      vertex -0.4131793 -1.2408683 -0.0675451
      vertex -0.2411538 -1.4020800 -0.1612975
      vertex -0.4072492 -1.3006395 -0.0203223
    endloop
  endfacet
  facet normal -0.6980540 -0.1797101 -0.6931269
    outer loop
      vertex -0.4072492 -1.3006395 -0.0203223
      vertex -0.2411538 -1.4020800 -0.1612975
      vertex -0.2562323 -1.4694860 -0.1286352
    endloop
  endfacet
  facet normal -0.6980699 -0.1797394 -0.6931033
    outer loop
      vertex -0.4072492 -1.3006395 -0.0203223
      vertex -0.2562323 -1.4694860 -0.1286352
      vertex -0.4207419 -1.3690117 0.0109977
    endloop
  endfacet
  facet normal -0.5920067 0.1349186 -0.7945596
    outer loop
      vertex -0.4207419 -1.3690117 0.0109977
      vertex -0.2562323 -1.4694860 -0.1286352
      vertex -0.2881484 -1.5378299 -0.1164603
    endloop
  endfacet
  facet normal -0.5919909 0.1349375 -0.7945682
    outer loop
      vertex -0.4207419 -1.3690117 0.0109977
      vertex -0.2881484 -1.5378299 -0.1164603
      vertex -0.4520298 -1.4377382 0.0226372
    endloop
  endfacet
  facet normal -0.3656869 0.4045836 -0.8382035
    outer loop
      vertex -0.2881484 -1.5378299 -0.1164603
      vertex -0.1149453 -1.6405978 -0.2416283
      vertex -0.1577021 -1.7028828 -0.2530384
    endloop
  endfacet
  facet normal -0.3664876 0.4039245 -0.8381717
    outer loop
      vertex -0.2881484 -1.5378299 -0.1164603
      vertex -0.1577021 -1.7028828 -0.2530384
      vertex -0.3330526 -1.5988684 -0.1262412
    endloop
  endfacet
  facet normal -0.1466209 0.6556988 -0.7406493
    outer loop
      vertex -0.3330526 -1.5988684 -0.1262412
      vertex -0.1577021 -1.7028828 -0.2530384
      vertex -0.2066499 -1.7512815 -0.2861960
    endloop
  endfacet
  facet normal -0.1475428 0.6552027 -0.7409052
    outer loop
      vertex -0.3330526 -1.5988684 -0.1262412
      vertex -0.2066499 -1.7512815 -0.2861960
      vertex -0.3855289 -1.6452393 -0.1567983
    endloop
  endfacet
  facet normal 0.0902761 0.8278530 -0.5536331
    outer loop
      vertex -0.3855289 -1.6452393 -0.1567983
      vertex -0.2066499 -1.7512815 -0.2861960
      vertex -0.2558850 -1.7799563 -0.3371020
    endloop
  endfacet
  facet normal 0.0892736 0.8276039 -0.5541678
    outer loop
      vertex -0.3855289 -1.6452393 -0.1567983
      vertex -0.2558850 -1.7799563 -0.3371020
      vertex -0.4392477 -1.6713497 -0.2044458
    endloop
  endfacet
  facet normal 0.3163500 0.9000801 -0.2996306
    outer loop
      vertex -0.4392477 -1.6713497 -0.2044458
      vertex -0.2558850 -1.7799563 -0.3371020
      vertex -0.2994689 -1.7854485 -0.3996163
    endloop
  endfacet
  facet normal 0.3153630 0.9001728 -0.3003916
    outer loop
      vertex -0.4392477 -1.6713497 -0.2044458
      vertex -0.2994689 -1.7854485 -0.3996163
      vertex -0.4877299 -1.6740502 -0.2634368
    endloop
  endfacet
  facet normal 0.5041798 0.8635475 -0.0094017
    outer loop
      vertex -0.4877299 -1.6740502 -0.2634368
      vertex -0.2994689 -1.7854485 -0.3996163
      vertex -0.3321447 -1.7670957 -0.4661987
    endloop
  endfacet
  facet normal 0.5033408 0.8640270 -0.0102655
    outer loop
      vertex -0.4877299 -1.6740502 -0.2634368
      vertex -0.3321447 -1.7670957 -0.4661987
      vertex -0.5251277 -1.6530151 -0.3266561
    endloop
  endfacet
  facet normal 0.6310389 0.7227410 0.2818428
    outer loop
      vertex -0.5251277 -1.6530151 -0.3266561
      vertex -0.3321447 -1.7670957 -0.4661987
      vertex -0.3499713 -1.7271116 -0.5288185
    endloop
  endfacet
  facet normal 0.6304601 0.7235575 0.2810420
    outer loop
      vertex -0.5251277 -1.6530151 -0.3266561
      vertex -0.3499713 -1.7271116 -0.5288185
      vertex -0.5469304 -1.6107816 -0.3864786
    endloop
  endfacet
  facet normal 0.6817141 0.4948393 0.5388877
    outer loop
      vertex -0.5469304 -1.6107816 -0.3864786
      vertex -0.3499713 -1.7271116 -0.5288185
      vertex -0.3507985 -1.6703187 -0.5799227
    endloop
  endfacet
  facet normal 0.6814393 0.4958630 0.5382940
    outer loop
      vertex -0.5469304 -1.6107816 -0.3864786
      vertex -0.3507985 -1.6703187 -0.5799227
      vertex -0.5505084 -1.5524436 -0.4356887
    endloop
  endfacet
  facet normal 0.6502633 0.2074417 0.7308389
    outer loop
      vertex -0.5505084 -1.5524436 -0.4356887
      vertex -0.3507985 -1.6703187 -0.5799227
      vertex -0.3345265 -1.6035672 -0.6133474
    endloop
  endfacet
  facet normal 0.6502649 0.2085241 0.7305294
    outer loop
      vertex -0.5505084 -1.5524436 -0.4356887
      vertex -0.3345265 -1.6035672 -0.6133474
      vertex -0.5354300 -1.4850376 -0.4683510
    endloop
  endfacet
  facet normal 0.5405721 -0.1048758 0.8347352
    outer loop
      vertex -0.5354300 -1.4850376 -0.4683510
      vertex -0.3345265 -1.6035672 -0.6133474
      vertex -0.3031180 -1.5349083 -0.6250612
    endloop
  endfacet
  facet normal 0.5407867 -0.1038440 0.8347252
    outer loop
      vertex -0.5354300 -1.4850376 -0.4683510
      vertex -0.3031180 -1.5349083 -0.6250612
      vertex -0.5035138 -1.4166937 -0.4805259
    endloop
  endfacet
  facet normal 0.3657962 -0.4046445 0.8381265
    outer loop
      vertex -0.5035138 -1.4166937 -0.4805259
      vertex -0.3031180 -1.5349083 -0.6250612
      vertex -0.2603612 -1.4726232 -0.6136512
    endloop
  endfacet
  facet normal 0.3661632 -0.4037241 0.8384101
    outer loop
      vertex -0.5035138 -1.4166937 -0.4805259
      vertex -0.2603612 -1.4726232 -0.6136512
      vertex -0.4586096 -1.3556552 -0.4707449
    endloop
  endfacet
  facet normal 0.1468444 -0.6558206 0.7404972
    outer loop
      vertex -0.4586096 -1.3556552 -0.4707449
      vertex -0.2603612 -1.4726232 -0.6136512
      vertex -0.2114134 -1.4242245 -0.5804935
    endloop
  endfacet
  facet normal 0.1473140 -0.6550581 0.7410786
    outer loop
      vertex -0.4586096 -1.3556552 -0.4707449
      vertex -0.2114134 -1.4242245 -0.5804935
      vertex -0.4061334 -1.3092843 -0.4401879
    endloop
  endfacet
  facet normal -0.0899825 -0.8280141 0.5534399
    outer loop
      vertex -0.4061334 -1.3092843 -0.4401879
      vertex -0.2114134 -1.4242245 -0.5804935
      vertex -0.1621783 -1.3955498 -0.5295876
    endloop
  endfacet
  facet normal -0.0894705 -0.8274797 0.5543216
    outer loop
      vertex -0.4061334 -1.3092843 -0.4401879
      vertex -0.1621783 -1.3955498 -0.5295876
      vertex -0.3524145 -1.2831739 -0.3925404
    endloop
  endfacet
  facet normal -0.3160655 -0.9002413 0.2994464
    outer loop
      vertex -0.3524145 -1.2831739 -0.3925404
      vertex -0.1621783 -1.3955498 -0.5295876
      vertex -0.1185944 -1.3900576 -0.4670733
    endloop
  endfacet
  facet normal -0.3156041 -0.9000244 0.3005830
    outer loop
      vertex -0.3524145 -1.2831739 -0.3925404
      vertex -0.1185944 -1.3900576 -0.4670733
      vertex -0.3039323 -1.2804734 -0.3335493
    endloop
  endfacet
  facet normal -0.5039787 -0.8636663 0.0092703
    outer loop
      vertex -0.3039323 -1.2804734 -0.3335493
      vertex -0.1185944 -1.3900576 -0.4670733
      vertex -0.0859186 -1.4084104 -0.4004909
    endloop
  endfacet
  facet normal -0.5036830 -0.8638243 0.0105354
    outer loop
      vertex -0.3039323 -1.2804734 -0.3335493
      vertex -0.0859186 -1.4084104 -0.4004909
      vertex -0.2665345 -1.3015085 -0.2703300
    endloop
  endfacet
  facet normal -0.6309538 -0.7227929 -0.2819002
    outer loop
      vertex -0.2665345 -1.3015085 -0.2703300
      vertex -0.0859186 -1.4084104 -0.4004909
      vertex -0.0680920 -1.4483945 -0.3378711
    endloop
  endfacet
  facet normal -0.6309153 -0.7232966 -0.2806919
    outer loop
      vertex -0.2665345 -1.3015085 -0.2703300
      vertex -0.0680920 -1.4483945 -0.3378711
      vertex -0.2447318 -1.3437420 -0.2105076
    endloop
  endfacet
  facet normal -0.6817232 -0.4948337 -0.5388813
    outer loop
      vertex -0.2447318 -1.3437420 -0.2105076
      vertex -0.0680920 -1.4483945 -0.3378711
      vertex -0.0672648 -1.5051874 -0.2867669
    endloop
  endfacet
  facet normal -0.6819666 -0.4955641 -0.5379013
    outer loop
      vertex -0.2447318 -1.3437420 -0.2105076
      vertex -0.0672648 -1.5051874 -0.2867669
      vertex -0.2411538 -1.4020800 -0.1612975
    endloop
  endfacet
  facet normal -0.6503034 -0.2074175 -0.7308102
    outer loop
      vertex -0.2411538 -1.4020800 -0.1612975
      vertex -0.0672648 -1.5051874 -0.2867669
      vertex -0.0835368 -1.5719389 -0.2533421
    endloop
  endfacet
  facet normal -0.6507868 -0.2082237 -0.7301503
    outer loop
      vertex -0.2411538 -1.4020800 -0.1612975
      vertex -0.0835368 -1.5719389 -0.2533421
      vertex -0.2562323 -1.4694860 -0.1286352
    endloop
  endfacet
  facet normal -0.5405662 0.1048724 -0.8347395
    outer loop
      vertex -0.2562323 -1.4694860 -0.1286352
      vertex -0.0835368 -1.5719389 -0.2533421
      vertex -0.1149453 -1.6405978 -0.2416283
    endloop
  endfacet
  facet normal -0.5412275 0.1041066 -0.8344067
    outer loop
      vertex -0.2562323 -1.4694860 -0.1286352
      vertex -0.1149453 -1.6405978 -0.2416283
      vertex -0.2881484 -1.5378299 -0.1164603
    endloop
  endfacet
  facet normal -0.3001477 0.3706229 -0.8789482
    outer loop
      vertex -0.1149453 -1.6405978 -0.2416283
      vertex 0.0765295 -1.7427842 -0.3501027
      vertex 0.0381958 -1.8073482 -0.3642368
    endloop
  endfacet
  facet normal -0.3023953 0.3686136 -0.8790228
    outer loop
      vertex -0.1149453 -1.6405978 -0.2416283
      vertex 0.0381958 -1.8073482 -0.3642368
      vertex -0.1577021 -1.7028828 -0.2530384
    endloop
  endfacet
  facet normal -0.0993700 0.6318745 -0.7686743
    outer loop
      vertex -0.1577021 -1.7028828 -0.2530384
      vertex 0.0381958 -1.8073482 -0.3642368
      vertex -0.0047449 -1.8587783 -0.4009628
    endloop
  endfacet
  facet normal -0.1018868 0.6303105 -0.7696283
    outer loop
      vertex -0.1577021 -1.7028828 -0.2530384
      vertex -0.0047449 -1.8587783 -0.4009628
      vertex -0.2066499 -1.7512815 -0.2861960
    endloop
  endfacet
  facet normal 0.1136003 0.8169764 -0.5653711
    outer loop
      vertex -0.2066499 -1.7512815 -0.2861960
      vertex -0.0047449 -1.8587783 -0.4009628
      vertex -0.0471132 -1.8908712 -0.4558510
    endloop
  endfacet
  facet normal 0.1110247 0.8161326 -0.5670988
    outer loop
      vertex -0.2066499 -1.7512815 -0.2861960
      vertex -0.0471132 -1.8908712 -0.4558510
      vertex -0.2558850 -1.7799563 -0.3371020
    endloop
  endfacet
  facet normal 0.3128852 0.9032726 -0.2936008
    outer loop
      vertex -0.2558850 -1.7799563 -0.3371020
      vertex -0.0471132 -1.8908712 -0.4558510
      vertex -0.0837990 -1.8997561 -0.5222812
    endloop
  endfacet
  facet normal 0.3105187 0.9033544 -0.2958528
    outer loop
      vertex -0.2558850 -1.7799563 -0.3371020
      vertex -0.0837990 -1.8997561 -0.5222812
      vertex -0.2994689 -1.7854485 -0.3996163
    endloop
  endfacet
  facet normal 0.4742571 0.8802824 0.0135327
    outer loop
      vertex -0.2994689 -1.7854485 -0.3996163
      vertex -0.0837990 -1.8997561 -0.5222812
      vertex -0.1103774 -1.8843613 -0.5922408
    endloop
  endfacet
  facet normal 0.4723535 0.8813391 0.0111213
    outer loop
      vertex -0.2994689 -1.7854485 -0.3996163
      vertex -0.1103774 -1.8843613 -0.5922408
      vertex -0.3321447 -1.7670957 -0.4661987
    endloop
  endfacet
  facet normal 0.5782604 0.7510313 0.3186957
    outer loop
      vertex -0.3321447 -1.7670957 -0.4661987
      vertex -0.1103774 -1.8843613 -0.5922408
      vertex -0.1236427 -1.8465437 -0.6572916
    endloop
  endfacet
  facet normal 0.5769833 0.7529350 0.3165109
    outer loop
      vertex -0.3321447 -1.7670957 -0.4661987
      vertex -0.1236427 -1.8465437 -0.6572916
      vertex -0.3499713 -1.7271116 -0.5288185
    endloop
  endfacet
  facet normal 0.6125622 0.5314281 0.5851083
    outer loop
      vertex -0.3499713 -1.7271116 -0.5288185
      vertex -0.1236427 -1.8465437 -0.6572916
      vertex -0.1219948 -1.7908646 -0.7095877
    endloop
  endfacet
  facet normal 0.6119561 0.5339318 0.5834609
    outer loop
      vertex -0.3499713 -1.7271116 -0.5288185
      vertex -0.1219948 -1.7908646 -0.7095877
      vertex -0.3507985 -1.6703187 -0.5799227
    endloop
  endfacet
  facet normal 0.5732416 0.2480235 0.7809471
    outer loop
      vertex -0.3507985 -1.6703187 -0.5799227
      vertex -0.1219948 -1.7908646 -0.7095877
      vertex -0.1056326 -1.7240398 -0.7428213
    endloop
  endfacet
  facet normal 0.5732544 0.2508483 0.7800350
    outer loop
      vertex -0.3507985 -1.6703187 -0.5799227
      vertex -0.1056326 -1.7240398 -0.7428213
      vertex -0.3345265 -1.6035672 -0.6133474
    endloop
  endfacet
  facet normal 0.4650520 -0.0652567 0.8828750
    outer loop
      vertex -0.3345265 -1.6035672 -0.6133474
      vertex -0.1056326 -1.7240398 -0.7428213
      vertex -0.0765295 -1.6541292 -0.7529839
    endloop
  endfacet
  facet normal 0.4655802 -0.0623690 0.8828053
    outer loop
      vertex -0.3345265 -1.6035672 -0.6133474
      vertex -0.0765295 -1.6541292 -0.7529839
      vertex -0.3031180 -1.5349083 -0.6250612
    endloop
  endfacet
  facet normal 0.3008322 -0.3709481 0.8785770
    outer loop
      vertex -0.3031180 -1.5349083 -0.6250612
      vertex -0.0765295 -1.6541292 -0.7529839
      vertex -0.0381958 -1.5895652 -0.7388498
    endloop
  endfacet
  facet normal 0.3017463 -0.3682378 0.8794033
    outer loop
      vertex -0.3031180 -1.5349083 -0.6250612
      vertex -0.0381958 -1.5895652 -0.7388498
      vertex -0.2603612 -1.4726232 -0.6136512
    endloop
  endfacet
  facet normal 0.1001545 -0.6322413 0.7682708
    outer loop
      vertex -0.2603612 -1.4726232 -0.6136512
      vertex -0.0381958 -1.5895652 -0.7388498
      vertex 0.0047449 -1.5381351 -0.7021238
    endloop
  endfacet
  facet normal 0.1012931 -0.6299602 0.7699934
    outer loop
      vertex -0.2603612 -1.4726232 -0.6136512
      vertex 0.0047449 -1.5381351 -0.7021238
      vertex -0.2114134 -1.4242245 -0.5804935
    endloop
  endfacet
  facet normal -0.1128149 -0.8173524 0.5649848
    outer loop
      vertex -0.2114134 -1.4242245 -0.5804935
      vertex 0.0047449 -1.5381351 -0.7021238
      vertex 0.0471132 -1.5060422 -0.6472355
    endloop
  endfacet
  facet normal -0.1116610 -0.8157628 0.5675058
    outer loop
      vertex -0.2114134 -1.4242245 -0.5804935
      vertex 0.0471132 -1.5060422 -0.6472355
      vertex -0.1621783 -1.3955498 -0.5295876
    endloop
  endfacet
  facet normal -0.3121989 -0.9036182 0.2932680
    outer loop
      vertex -0.1621783 -1.3955498 -0.5295876
      vertex 0.0471132 -1.5060422 -0.6472355
      vertex 0.0837990 -1.4971573 -0.5808054
    endloop
  endfacet
  facet normal -0.3112755 -0.9029331 0.2963434
    outer loop
      vertex -0.1621783 -1.3955498 -0.5295876
      vertex 0.0837990 -1.4971573 -0.5808054
      vertex -0.1185944 -1.3900576 -0.4670733
    endloop
  endfacet
  facet normal -0.4737204 -0.8805672 -0.0137993
    outer loop
      vertex -0.1185944 -1.3900576 -0.4670733
      vertex 0.0837990 -1.4971573 -0.5808054
      vertex 0.1103774 -1.5125521 -0.5108458
    endloop
  endfacet
  facet normal -0.4732562 -0.8808617 -0.0105467
    outer loop
      vertex -0.1185944 -1.3900576 -0.4670733
      vertex 0.1103774 -1.5125521 -0.5108458
      vertex -0.0859186 -1.4084104 -0.4004909
    endloop
  endfacet
  facet normal -0.5778523 -0.7512548 -0.3189089
    outer loop
      vertex -0.0859186 -1.4084104 -0.4004909
      vertex 0.1103774 -1.5125521 -0.5108458
      vertex 0.1236427 -1.5503697 -0.4457949
    endloop
  endfacet
  facet normal -0.5779906 -0.7524206 -0.3158957
    outer loop
      vertex -0.0859186 -1.4084104 -0.4004909
      vertex 0.1236427 -1.5503697 -0.4457949
      vertex -0.0680920 -1.4483945 -0.3378711
    endloop
  endfacet
  facet normal -0.6122042 -0.5316237 -0.5853053
    outer loop
      vertex -0.0680920 -1.4483945 -0.3378711
      vertex 0.1236427 -1.5503697 -0.4457949
      vertex 0.1219948 -1.6060488 -0.3934989
    endloop
  endfacet
  facet normal -0.6129741 -0.5334123 -0.5828671
    outer loop
      vertex -0.0680920 -1.4483945 -0.3378711
      vertex 0.1219948 -1.6060488 -0.3934989
      vertex -0.0672648 -1.5051874 -0.2867669
    endloop
  endfacet
  facet normal -0.5728339 -0.2482382 -0.7811781
    outer loop
      vertex -0.0672648 -1.5051874 -0.2867669
      vertex 0.1219948 -1.6060488 -0.3934989
      vertex 0.1056326 -1.6728736 -0.3602653
    endloop
  endfacet
  facet normal -0.5741818 -0.2503592 -0.7795098
    outer loop
      vertex -0.0672648 -1.5051874 -0.2867669
      vertex 0.1056326 -1.6728736 -0.3602653
      vertex -0.0835368 -1.5719389 -0.2533421
    endloop
  endfacet
  facet normal -0.4645165 0.0649899 -0.8831765
    outer loop
      vertex -0.0835368 -1.5719389 -0.2533421
      vertex 0.1056326 -1.6728736 -0.3602653
      vertex 0.0765295 -1.7427842 -0.3501027
    endloop
  endfacet
  facet normal -0.4663604 0.0628015 -0.8823627
    outer loop
      vertex -0.0835368 -1.5719389 -0.2533421
      vertex 0.0765295 -1.7427842 -0.3501027
      vertex -0.1149453 -1.6405978 -0.2416283
    endloop
  endfacet
  facet normal -0.2255720 0.3396305 -0.9131092
    outer loop
      vertex 0.0765295 -1.7427842 -0.3501027
      vertex 0.2937747 -1.8380250 -0.4391951
      vertex 0.2624575 -1.9055184 -0.4565628
    endloop
  endfacet
  facet normal -0.2290382 0.3359875 -0.9135940
    outer loop
      vertex 0.0765295 -1.7427842 -0.3501027
      vertex 0.2624575 -1.9055184 -0.4565628
      vertex 0.0381958 -1.8073482 -0.3642368
    endloop
  endfacet
  facet normal -0.0546911 0.6149203 -0.7866905
    outer loop
      vertex 0.0381958 -1.8073482 -0.3642368
      vertex 0.2624575 -1.9055184 -0.4565628
      vertex 0.2280844 -1.9604190 -0.4970864
    endloop
  endfacet
  facet normal -0.0584457 0.6120015 -0.7886941
    outer loop
      vertex 0.0381958 -1.8073482 -0.3642368
      vertex 0.2280844 -1.9604190 -0.4970864
      vertex -0.0047449 -1.8587783 -0.4009628
    endloop
  endfacet
  facet normal 0.1229827 0.8159480 -0.5648930
    outer loop
      vertex -0.0047449 -1.8587783 -0.4009628
      vertex 0.2280844 -1.9604190 -0.4970864
      vertex 0.1948013 -1.9961050 -0.5558784
    endloop
  endfacet
  facet normal 0.1192760 0.8142354 -0.5681496
    outer loop
      vertex -0.0047449 -1.8587783 -0.4009628
      vertex 0.1948013 -1.9961050 -0.5558784
      vertex -0.0471132 -1.8908712 -0.4558510
    endloop
  endfacet
  facet normal 0.2857677 0.9180729 -0.2747343
    outer loop
      vertex -0.0471132 -1.8908712 -0.4558510
      vertex 0.1948013 -1.9961050 -0.5558784
      vertex 0.1666226 -2.0082722 -0.6258475
    endloop
  endfacet
  facet normal 0.2824650 0.9178828 -0.2787555
    outer loop
      vertex -0.0471132 -1.8908712 -0.4558510
      vertex 0.1666226 -2.0082722 -0.6258475
      vertex -0.0837990 -1.8997561 -0.5222812
    endloop
  endfacet
  facet normal 0.4138856 0.9090480 0.0482742
    outer loop
      vertex -0.0837990 -1.8997561 -0.5222812
      vertex 0.1666226 -2.0082722 -0.6258475
      vertex 0.1469470 -1.9954529 -0.6985544
    endloop
  endfacet
  facet normal 0.4112742 0.9104443 0.0440978
    outer loop
      vertex -0.0837990 -1.8997561 -0.5222812
      vertex 0.1469470 -1.9954529 -0.6985544
      vertex -0.1103774 -1.8843613 -0.5922408
    endloop
  endfacet
  facet normal 0.4920050 0.7904214 0.3649179
    outer loop
      vertex -0.1103774 -1.8843613 -0.5922408
      vertex 0.1469470 -1.9954529 -0.6985544
      vertex 0.1381477 -1.9591935 -0.7652296
    endloop
  endfacet
  facet normal 0.4902454 0.7932287 0.3611755
    outer loop
      vertex -0.1103774 -1.8843613 -0.5922408
      vertex 0.1381477 -1.9591935 -0.7652296
      vertex -0.1236427 -1.8465437 -0.6572916
    endloop
  endfacet
  facet normal 0.5109831 0.5768874 0.6372575
    outer loop
      vertex -0.1236427 -1.8465437 -0.6572916
      vertex 0.1381477 -1.9591935 -0.7652296
      vertex 0.1412861 -1.9038673 -0.8178310
    endloop
  endfacet
  facet normal 0.5101059 0.5807769 0.6344211
    outer loop
      vertex -0.1236427 -1.8465437 -0.6572916
      vertex 0.1412861 -1.9038673 -0.8178310
      vertex -0.1219948 -1.7908646 -0.7095877
    endloop
  endfacet
  facet normal 0.4686972 0.2941298 0.8329530
    outer loop
      vertex -0.1219948 -1.7908646 -0.7095877
      vertex 0.1412861 -1.9038673 -0.8178310
      vertex 0.1559836 -1.8361474 -0.8500143
    endloop
  endfacet
  facet normal 0.4686365 0.2987064 0.8313569
    outer loop
      vertex -0.1219948 -1.7908646 -0.7095877
      vertex 0.1559836 -1.8361474 -0.8500143
      vertex -0.1056326 -1.7240398 -0.7428213
    endloop
  endfacet
  facet normal 0.3701325 -0.0242049 0.9286636
    outer loop
      vertex -0.1056326 -1.7240398 -0.7428213
      vertex 0.1559836 -1.8361474 -0.8500143
      vertex 0.1804675 -1.7642019 -0.8578975
    endloop
  endfacet
  facet normal 0.3707572 -0.0193663 0.9285279
    outer loop
      vertex -0.1056326 -1.7240398 -0.7428213
      vertex 0.1804675 -1.7642019 -0.8578975
      vertex -0.0765295 -1.6541292 -0.7529839
    endloop
  endfacet
  facet normal 0.2268823 -0.3401091 0.9126063
    outer loop
      vertex -0.0765295 -1.6541292 -0.7529839
      vertex 0.1804675 -1.7642019 -0.8578975
      vertex 0.2117846 -1.6967086 -0.8405298
    endloop
  endfacet
  facet normal 0.2280033 -0.3354712 0.9140424
    outer loop
      vertex -0.0765295 -1.6541292 -0.7529839
      vertex 0.2117846 -1.6967086 -0.8405298
      vertex -0.0381958 -1.5895652 -0.7388498
    endloop
  endfacet
  facet normal 0.0560274 -0.6154067 0.7862160
    outer loop
      vertex -0.0381958 -1.5895652 -0.7388498
      vertex 0.2117846 -1.6967086 -0.8405298
      vertex 0.2461577 -1.6418079 -0.8000061
    endloop
  endfacet
  facet normal 0.0573892 -0.6114694 0.7891842
    outer loop
      vertex -0.0381958 -1.5895652 -0.7388498
      vertex 0.2461577 -1.6418079 -0.8000061
      vertex 0.0047449 -1.5381351 -0.7021238
    endloop
  endfacet
  facet normal -0.1217361 -0.8164235 0.5644759
    outer loop
      vertex 0.0047449 -1.5381351 -0.7021238
      vertex 0.2461577 -1.6418079 -0.8000061
      vertex 0.2794409 -1.6061219 -0.7412142
    endloop
  endfacet
  facet normal -0.1204490 -0.8136637 0.5687208
    outer loop
      vertex 0.0047449 -1.5381351 -0.7021238
      vertex 0.2794409 -1.6061219 -0.7412142
      vertex 0.0471132 -1.5060422 -0.6472355
    endloop
  endfacet
  facet normal -0.2846826 -0.9185175 0.2743746
    outer loop
      vertex 0.0471132 -1.5060422 -0.6472355
      vertex 0.2794409 -1.6061219 -0.7412142
      vertex 0.3076196 -1.5939548 -0.6712451
    endloop
  endfacet
  facet normal -0.2837983 -0.9172723 0.2794101
    outer loop
      vertex 0.0471132 -1.5060422 -0.6472355
      vertex 0.3076196 -1.5939548 -0.6712451
      vertex 0.0837990 -1.4971573 -0.5808054
    endloop
  endfacet
  facet normal -0.4129556 -0.9094537 -0.0485974
    outer loop
      vertex 0.0837990 -1.4971573 -0.5808054
      vertex 0.3076196 -1.5939548 -0.6712451
      vertex 0.3272952 -1.6067740 -0.5985382
    endloop
  endfacet
  facet normal -0.4127397 -0.9098144 -0.0434025
    outer loop
      vertex 0.0837990 -1.4971573 -0.5808054
      vertex 0.3272952 -1.6067740 -0.5985382
      vertex 0.1103774 -1.5125521 -0.5108458
    endloop
  endfacet
  facet normal -0.4911524 -0.7908036 -0.3652383
    outer loop
      vertex 0.1103774 -1.5125521 -0.5108458
      vertex 0.3272952 -1.6067740 -0.5985382
      vertex 0.3360944 -1.6430335 -0.5318630
    endloop
  endfacet
  facet normal -0.4917511 -0.7926018 -0.3605040
    outer loop
      vertex 0.1103774 -1.5125521 -0.5108458
      vertex 0.3360944 -1.6430335 -0.5318630
      vertex 0.1236427 -1.5503697 -0.4457949
    endloop
  endfacet
  facet normal -0.5100968 -0.5772771 -0.6376146
    outer loop
      vertex 0.1236427 -1.5503697 -0.4457949
      vertex 0.3360944 -1.6430335 -0.5318630
      vertex 0.3329560 -1.6983597 -0.4792616
    endloop
  endfacet
  facet normal -0.5115371 -0.5801719 -0.6338221
    outer loop
      vertex 0.1236427 -1.5503697 -0.4457949
      vertex 0.3329560 -1.6983597 -0.4792616
      vertex 0.1219948 -1.6060488 -0.3934989
    endloop
  endfacet
  facet normal -0.4676817 -0.2945507 -0.8333749
    outer loop
      vertex 0.1219948 -1.6060488 -0.3934989
      vertex 0.3329560 -1.6983597 -0.4792616
      vertex 0.3182585 -1.7660796 -0.4470783
    endloop
  endfacet
  facet normal -0.4699138 -0.2981367 -0.8308403
    outer loop
      vertex 0.1219948 -1.6060488 -0.3934989
      vertex 0.3182585 -1.7660796 -0.4470783
      vertex 0.1056326 -1.6728736 -0.3602653
    endloop
  endfacet
  facet normal -0.3689500 0.0237496 -0.9291458
    outer loop
      vertex 0.1056326 -1.6728736 -0.3602653
      vertex 0.3182585 -1.7660796 -0.4470783
      vertex 0.2937747 -1.8380250 -0.4391951
    endloop
  endfacet
  facet normal -0.3718777 0.0198995 -0.9280684
    outer loop
      vertex 0.1056326 -1.6728736 -0.3602653
      vertex 0.2937747 -1.8380250 -0.4391951
      vertex 0.0765295 -1.7427842 -0.3501027
    endloop
  endfacet
  facet normal -0.1511243 0.3180649 -0.9359467
    outer loop
      vertex 0.2937747 -1.8380250 -0.4391951
      vertex 0.5415079 -1.9169938 -0.5060319
      vertex 0.5197720 -1.9873446 -0.5264298
    endloop
  endfacet
  facet normal -0.1548960 0.3129943 -0.9370388
    outer loop
      vertex 0.2937747 -1.8380250 -0.4391951
      vertex 0.5197720 -1.9873446 -0.5264298
      vertex 0.2624575 -1.9055184 -0.4565628
    endloop
  endfacet
  facet normal -0.0219970 0.6082828 -0.7934155
    outer loop
      vertex 0.2624575 -1.9055184 -0.4565628
      vertex 0.5197720 -1.9873446 -0.5264298
      vertex 0.4962649 -2.0453524 -0.5702506
    endloop
  endfacet
  facet normal -0.0259550 0.6041377 -0.7964571
    outer loop
      vertex 0.2624575 -1.9055184 -0.4565628
      vertex 0.4962649 -2.0453524 -0.5702506
      vertex 0.2280844 -1.9604190 -0.4970864
    endloop
  endfacet
  facet normal 0.1099225 0.8248286 -0.5545943
    outer loop
      vertex 0.2280844 -1.9604190 -0.4970864
      vertex 0.4962649 -2.0453524 -0.5702506
      vertex 0.4738219 -2.0840207 -0.6322088
    endloop
  endfacet
  facet normal 0.1061100 0.8222408 -0.5591608
    outer loop
      vertex 0.2280844 -1.9604190 -0.4970864
      vertex 0.4738219 -2.0840207 -0.6322088
      vertex 0.1948013 -1.9961050 -0.5558784
    endloop
  endfacet
  facet normal 0.2284981 0.9412133 -0.2488092
    outer loop
      vertex 0.1948013 -1.9961050 -0.5558784
      vertex 0.4738219 -2.0840207 -0.6322088
      vertex 0.4551500 -2.0986855 -0.7048315
    endloop
  endfacet
  facet normal 0.2251434 0.9405726 -0.2542315
    outer loop
      vertex 0.1948013 -1.9961050 -0.5558784
      vertex 0.4551500 -2.0986855 -0.7048315
      vertex 0.1666226 -2.0082722 -0.6258475
    endloop
  endfacet
  facet normal 0.3193750 0.9436777 0.0864404
    outer loop
      vertex 0.1666226 -2.0082722 -0.6258475
      vertex 0.4551500 -2.0986855 -0.7048315
      vertex 0.4425012 -2.0875780 -0.7793593
    endloop
  endfacet
  facet normal 0.3167042 0.9450661 0.0809235
    outer loop
      vertex 0.1666226 -2.0082722 -0.6258475
      vertex 0.4425012 -2.0875780 -0.7793593
      vertex 0.1469470 -1.9954529 -0.6985544
    endloop
  endfacet
  facet normal 0.3717780 0.8325707 0.4106179
    outer loop
      vertex 0.1469470 -1.9954529 -0.6985544
      vertex 0.4425012 -2.0875780 -0.7793593
      vertex 0.4374012 -2.0520379 -0.8468029
    endloop
  endfacet
  facet normal 0.3699040 0.8358043 0.4057121
    outer loop
      vertex 0.1469470 -1.9954529 -0.6985544
      vertex 0.4374012 -2.0520379 -0.8468029
      vertex 0.1381477 -1.9591935 -0.7652296
    endloop
  endfacet
  facet normal 0.3796343 0.6216638 0.6851364
    outer loop
      vertex 0.1381477 -1.9591935 -0.7652296
      vertex 0.4374012 -2.0520379 -0.8468029
      vertex 0.4404651 -1.9963519 -0.8990278
    endloop
  endfacet
  facet normal 0.3785685 0.6263836 0.6814173
    outer loop
      vertex 0.1381477 -1.9591935 -0.7652296
      vertex 0.4404651 -1.9963519 -0.8990278
      vertex 0.1412861 -1.9038673 -0.8178310
    endloop
  endfacet
  facet normal 0.3420592 0.3361243 0.8775055
    outer loop
      vertex 0.1412861 -1.9038673 -0.8178310
      vertex 0.4404651 -1.9963519 -0.8990278
      vertex 0.4513234 -1.9272365 -0.9297348
    endloop
  endfacet
  facet normal 0.3417361 0.3418629 0.8754120
    outer loop
      vertex 0.1412861 -1.9038673 -0.8178310
      vertex 0.4513234 -1.9272365 -0.9297348
      vertex 0.1559836 -1.8361474 -0.8500143
    endloop
  endfacet
  facet normal 0.2633902 0.0097487 0.9646401
    outer loop
      vertex 0.1559836 -1.8361474 -0.8500143
      vertex 0.4513234 -1.9272365 -0.9297348
      vertex 0.4686664 -1.8530281 -0.9352201
    endloop
  endfacet
  facet normal 0.2636807 0.0159462 0.9644782
    outer loop
      vertex 0.1559836 -1.8361474 -0.8500143
      vertex 0.4686664 -1.8530281 -0.9352201
      vertex 0.1804675 -1.7642019 -0.8578975
    endloop
  endfacet
  facet normal 0.1528414 -0.3184742 0.9355286
    outer loop
      vertex 0.1804675 -1.7642019 -0.8578975
      vertex 0.4686664 -1.8530281 -0.9352201
      vertex 0.4904023 -1.7826773 -0.9148223
    endloop
  endfacet
  facet normal 0.1535494 -0.3124714 0.9374349
    outer loop
      vertex 0.1804675 -1.7642019 -0.8578975
      vertex 0.4904023 -1.7826773 -0.9148223
      vertex 0.2117846 -1.6967086 -0.8405298
    endloop
  endfacet
  facet normal 0.0236540 -0.6086851 0.7930592
    outer loop
      vertex 0.2117846 -1.6967086 -0.8405298
      vertex 0.4904023 -1.7826773 -0.9148223
      vertex 0.5139094 -1.7246695 -0.8710015
    endloop
  endfacet
  facet normal 0.0245161 -0.6035816 0.7969242
    outer loop
      vertex 0.2117846 -1.6967086 -0.8405298
      vertex 0.5139094 -1.7246695 -0.8710015
      vertex 0.2461577 -1.6418079 -0.8000061
    endloop
  endfacet
  facet normal -0.1084110 -0.8252287 0.5542965
    outer loop
      vertex 0.2461577 -1.6418079 -0.8000061
      vertex 0.5139094 -1.7246695 -0.8710015
      vertex 0.5363524 -1.6860012 -0.8090432
    endloop
  endfacet
  facet normal -0.1076992 -0.8216612 0.5597086
    outer loop
      vertex 0.2461577 -1.6418079 -0.8000061
      vertex 0.5363524 -1.6860012 -0.8090432
      vertex 0.2794409 -1.6061219 -0.7412142
    endloop
  endfacet
  facet normal -0.2271473 -0.9416108 0.2485422
    outer loop
      vertex 0.2794409 -1.6061219 -0.7412142
      vertex 0.5363524 -1.6860012 -0.8090432
      vertex 0.5550244 -1.6713364 -0.7364205
    endloop
  endfacet
  facet normal -0.2268743 -0.9399950 0.2548282
    outer loop
      vertex 0.2794409 -1.6061219 -0.7412142
      vertex 0.5550244 -1.6713364 -0.7364205
      vertex 0.3076196 -1.5939548 -0.6712451
    endloop
  endfacet
  facet normal -0.3181246 -0.9440751 -0.0867119
    outer loop
      vertex 0.3076196 -1.5939548 -0.6712451
      vertex 0.5550244 -1.6713364 -0.7364205
      vertex 0.5676732 -1.6824439 -0.6618928
    endloop
  endfacet
  facet normal -0.3185023 -0.9445115 -0.0803391
    outer loop
      vertex 0.3076196 -1.5939548 -0.6712451
      vertex 0.5676732 -1.6824439 -0.6618928
      vertex 0.3272952 -1.6067740 -0.5985382
    endloop
  endfacet
  facet normal -0.3705225 -0.8329777 -0.4109273
    outer loop
      vertex 0.3272952 -1.6067740 -0.5985382
      vertex 0.5676732 -1.6824439 -0.6618928
      vertex 0.5727732 -1.7179840 -0.5944491
    endloop
  endfacet
  facet normal -0.3716596 -0.8352768 -0.4051935
    outer loop
      vertex 0.3272952 -1.6067740 -0.5985382
      vertex 0.5727732 -1.7179840 -0.5944491
      vertex 0.3360944 -1.6430335 -0.5318630
    endloop
  endfacet
  facet normal -0.3782718 -0.6220861 -0.6855067
    outer loop
      vertex 0.3360944 -1.6430335 -0.5318630
      vertex 0.5727732 -1.7179840 -0.5944491
      vertex 0.5697092 -1.7736700 -0.5422243
    endloop
  endfacet
  facet normal -0.3801905 -0.6258762 -0.6809804
    outer loop
      vertex 0.3360944 -1.6430335 -0.5318630
      vertex 0.5697092 -1.7736700 -0.5422243
      vertex 0.3329560 -1.6983597 -0.4792616
    endloop
  endfacet
  facet normal -0.3405362 -0.3365536 -0.8779332
    outer loop
      vertex 0.3329560 -1.6983597 -0.4792616
      vertex 0.5697092 -1.7736700 -0.5422243
      vertex 0.5588509 -1.8427854 -0.5115173
    endloop
  endfacet
  facet normal -0.3431988 -0.3413657 -0.8750338
    outer loop
      vertex 0.3329560 -1.6983597 -0.4792616
      vertex 0.5588509 -1.8427854 -0.5115173
      vertex 0.3182585 -1.7660796 -0.4470783
    endloop
  endfacet
  facet normal -0.2617267 -0.0101706 -0.9650884
    outer loop
      vertex 0.3182585 -1.7660796 -0.4470783
      vertex 0.5588509 -1.8427854 -0.5115173
      vertex 0.5415079 -1.9169938 -0.5060319
    endloop
  endfacet
  facet normal -0.2650353 -0.0154454 -0.9641150
    outer loop
      vertex 0.3182585 -1.7660796 -0.4470783
      vertex 0.5415079 -1.9169938 -0.5060319
      vertex 0.2937747 -1.8380250 -0.4391951
    endloop
  endfacet
  facet normal -0.0852380 0.3083526 -0.9474456
    outer loop
      vertex 0.5415079 -1.9169938 -0.5060319
      vertex 0.8204083 -1.9681935 -0.5477868
      vertex 0.8104096 -2.0404830 -0.5704144
    endloop
  endfacet
  facet normal -0.0883281 0.3024649 -0.9490591
    outer loop
      vertex 0.5415079 -1.9169938 -0.5060319
      vertex 0.8104096 -2.0404830 -0.5704144
      vertex 0.5197720 -1.9873446 -0.5264298
    endloop
  endfacet
  facet normal -0.0082289 0.6105228 -0.7919559
    outer loop
      vertex 0.5197720 -1.9873446 -0.5264298
      vertex 0.8104096 -2.0404830 -0.5704144
      vertex 0.7994936 -2.1004287 -0.6165134
    endloop
  endfacet
  facet normal -0.0113808 0.6056617 -0.7956409
    outer loop
      vertex 0.5197720 -1.9873446 -0.5264298
      vertex 0.7994936 -2.1004287 -0.6165134
      vertex 0.4962649 -2.0453524 -0.5702506
    endloop
  endfacet
  facet normal 0.0698665 0.8385367 -0.5403470
    outer loop
      vertex 0.4962649 -2.0453524 -0.5702506
      vertex 0.7994936 -2.1004287 -0.6165134
      vertex 0.7889770 -2.1408001 -0.6805235
    endloop
  endfacet
  facet normal 0.0668650 0.8353837 -0.5455851
    outer loop
      vertex 0.4962649 -2.0453524 -0.5702506
      vertex 0.7889770 -2.1408001 -0.6805235
      vertex 0.4738219 -2.0840207 -0.6322088
    endloop
  endfacet
  facet normal 0.1394957 0.9646238 -0.2237006
    outer loop
      vertex 0.4738219 -2.0840207 -0.6322088
      vertex 0.7889770 -2.1408001 -0.6805235
      vertex 0.7801283 -2.1567280 -0.7547243
    endloop
  endfacet
  facet normal 0.1368262 0.9635821 -0.2297565
    outer loop
      vertex 0.4738219 -2.0840207 -0.6322088
      vertex 0.7801283 -2.1567280 -0.7547243
      vertex 0.4551500 -2.0986855 -0.7048315
    endloop
  endfacet
  facet normal 0.1922713 0.9740785 0.1191759
    outer loop
      vertex 0.4551500 -2.0986855 -0.7048315
      vertex 0.7801283 -2.1567280 -0.7547243
      vertex 0.7740146 -2.1462911 -0.8301660
    endloop
  endfacet
  facet normal 0.1900533 0.9752383 0.1130926
    outer loop
      vertex 0.4551500 -2.0986855 -0.7048315
      vertex 0.7740146 -2.1462911 -0.8301660
      vertex 0.4425012 -2.0875780 -0.7793593
    endloop
  endfacet
  facet normal 0.2219808 0.8665315 0.4470432
    outer loop
      vertex 0.4425012 -2.0875780 -0.7793593
      vertex 0.7740146 -2.1462911 -0.8301660
      vertex 0.7713734 -2.1107484 -0.8977492
    endloop
  endfacet
  facet normal 0.2202661 0.8697264 0.4416546
    outer loop
      vertex 0.4425012 -2.0875780 -0.7793593
      vertex 0.7713734 -2.1107484 -0.8977492
      vertex 0.4374012 -2.0520379 -0.8468029
    endloop
  endfacet
  facet normal 0.2251851 0.6552295 0.7210866
    outer loop
      vertex 0.4374012 -2.0520379 -0.8468029
      vertex 0.7713734 -2.1107484 -0.8977492
      vertex 0.7725233 -2.0543868 -0.9493224
    endloop
  endfacet
  facet normal 0.2239693 0.6601123 0.7170004
    outer loop
      vertex 0.4374012 -2.0520379 -0.8468029
      vertex 0.7725233 -2.0543868 -0.9493224
      vertex 0.4404651 -1.9963519 -0.8990278
    endloop
  endfacet
  facet normal 0.2014830 0.3651668 0.9088772
    outer loop
      vertex 0.4404651 -1.9963519 -0.8990278
      vertex 0.7725233 -2.0543868 -0.9493224
      vertex 0.7773256 -1.9840042 -0.9786652
    endloop
  endfacet
  facet normal 0.2007171 0.3712473 0.9065804
    outer loop
      vertex 0.4404651 -1.9963519 -0.8990278
      vertex 0.7773256 -1.9840042 -0.9786652
      vertex 0.4513234 -1.9272365 -0.9297348
    endloop
  endfacet
  facet normal 0.1535619 0.0305559 0.9876665
    outer loop
      vertex 0.4513234 -1.9272365 -0.9297348
      vertex 0.7773256 -1.9840042 -0.9786652
      vertex 0.7852010 -1.9080900 -0.9822382
    endloop
  endfacet
  facet normal 0.1531549 0.0372013 0.9875017
    outer loop
      vertex 0.4513234 -1.9272365 -0.9297348
      vertex 0.7852010 -1.9080900 -0.9822382
      vertex 0.4686664 -1.8530281 -0.9352201
    endloop
  endfacet
  facet normal 0.0870311 -0.3085313 0.9472244
    outer loop
      vertex 0.4686664 -1.8530281 -0.9352201
      vertex 0.7852010 -1.9080900 -0.9822382
      vertex 0.7951996 -1.8358005 -0.9596106
    endloop
  endfacet
  facet normal 0.0868472 -0.3020823 0.9493176
    outer loop
      vertex 0.4686664 -1.8530281 -0.9352201
      vertex 0.7951996 -1.8358005 -0.9596106
      vertex 0.4904023 -1.7826773 -0.9148223
    endloop
  endfacet
  facet normal 0.0099101 -0.6107057 0.7917957
    outer loop
      vertex 0.4904023 -1.7826773 -0.9148223
      vertex 0.7951996 -1.8358005 -0.9596106
      vertex 0.8061156 -1.7758549 -0.9135117
    endloop
  endfacet
  facet normal 0.0097751 -0.6052588 0.7959688
    outer loop
      vertex 0.4904023 -1.7826773 -0.9148223
      vertex 0.8061156 -1.7758549 -0.9135117
      vertex 0.5139094 -1.7246695 -0.8710015
    endloop
  endfacet
  facet normal -0.0683297 -0.8387424 0.5402243
    outer loop
      vertex 0.5139094 -1.7246695 -0.8710015
      vertex 0.8061156 -1.7758549 -0.9135117
      vertex 0.8166322 -1.7354834 -0.8495015
    endloop
  endfacet
  facet normal -0.0686037 -0.8349912 0.5459700
    outer loop
      vertex 0.5139094 -1.7246695 -0.8710015
      vertex 0.8166322 -1.7354834 -0.8495015
      vertex 0.5363524 -1.6860012 -0.8090432
    endloop
  endfacet
  facet normal -0.1380678 -0.9648570 0.2235804
    outer loop
      vertex 0.5363524 -1.6860012 -0.8090432
      vertex 0.8166322 -1.7354834 -0.8495015
      vertex 0.8254810 -1.7195556 -0.7753007
    endloop
  endfacet
  facet normal -0.1386457 -0.9632274 0.2301527
    outer loop
      vertex 0.5363524 -1.6860012 -0.8090432
      vertex 0.8254810 -1.7195556 -0.7753007
      vertex 0.5550244 -1.6713364 -0.7364205
    endloop
  endfacet
  facet normal -0.1908664 -0.9743364 -0.1193255
    outer loop
      vertex 0.5550244 -1.6713364 -0.7364205
      vertex 0.8254810 -1.7195556 -0.7753007
      vertex 0.8315946 -1.7299924 -0.6998590
    endloop
  endfacet
  facet normal -0.1918620 -0.9749251 -0.1127389
    outer loop
      vertex 0.5550244 -1.6713364 -0.7364205
      vertex 0.8315946 -1.7299924 -0.6998590
      vertex 0.5676732 -1.6824439 -0.6618928
    endloop
  endfacet
  facet normal -0.2205030 -0.8668048 -0.4472447
    outer loop
      vertex 0.5676732 -1.6824439 -0.6618928
      vertex 0.8315946 -1.7299924 -0.6998590
      vertex 0.8342358 -1.7655352 -0.6322758
    endloop
  endfacet
  facet normal -0.2219754 -0.8694353 -0.4413719
    outer loop
      vertex 0.5676732 -1.6824439 -0.6618928
      vertex 0.8342358 -1.7655352 -0.6322758
      vertex 0.5727732 -1.7179840 -0.5944491
    endloop
  endfacet
  facet normal -0.2235721 -0.6554982 -0.7213443
    outer loop
      vertex 0.5727732 -1.7179840 -0.5944491
      vertex 0.8342358 -1.7655352 -0.6322758
      vertex 0.8330859 -1.8218968 -0.5807026
    endloop
  endfacet
  facet normal -0.2255377 -0.6598185 -0.7167791
    outer loop
      vertex 0.5727732 -1.7179840 -0.5944491
      vertex 0.8330859 -1.8218968 -0.5807026
      vertex 0.5697092 -1.7736700 -0.5422243
    endloop
  endfacet
  facet normal -0.1997352 -0.3654067 -0.9091666
    outer loop
      vertex 0.5697092 -1.7736700 -0.5422243
      vertex 0.8330859 -1.8218968 -0.5807026
      vertex 0.8282837 -1.8922793 -0.5513599
    endloop
  endfacet
  facet normal -0.2021716 -0.3709324 -0.9063861
    outer loop
      vertex 0.5697092 -1.7736700 -0.5422243
      vertex 0.8282837 -1.8922793 -0.5513599
      vertex 0.5588509 -1.8427854 -0.5115173
    endloop
  endfacet
  facet normal -0.1517426 -0.0307575 -0.9879414
    outer loop
      vertex 0.5588509 -1.8427854 -0.5115173
      vertex 0.8282837 -1.8922793 -0.5513599
      vertex 0.8204083 -1.9681935 -0.5477868
    endloop
  endfacet
  facet normal -0.1545757 -0.0368538 -0.9872933
    outer loop
      vertex 0.5588509 -1.8427854 -0.5115173
      vertex 0.8204083 -1.9681935 -0.5477868
      vertex 0.5415079 -1.9169938 -0.5060319
    endloop
  endfacet
  facet normal -0.0333840 0.3089408 -0.9504952
    outer loop
      vertex 0.8204083 -1.9681935 -0.5477868
      vertex 1.1263609 -1.9794099 -0.5621784
      vertex 1.1295616 -2.0519763 -0.5858772
    endloop
  endfacet
  facet normal -0.0352303 0.3029705 -0.9523485
    outer loop
      vertex 0.8204083 -1.9681935 -0.5477868
      vertex 1.1295616 -2.0519763 -0.5858772
      vertex 0.8104096 -2.0404830 -0.5704144
    endloop
  endfacet
  facet normal -0.0159397 0.6164759 -0.7872124
    outer loop
      vertex 0.8104096 -2.0404830 -0.5704144
      vertex 1.1295616 -2.0519763 -0.5858772
      vertex 1.1322122 -2.1120688 -0.6329900
    endloop
  endfacet
  facet normal -0.0177775 0.6115381 -0.7910152
    outer loop
      vertex 0.8104096 -2.0404830 -0.5704144
      vertex 1.1322122 -2.1120688 -0.6329900
      vertex 0.7994936 -2.1004287 -0.6165134
    endloop
  endfacet
  facet normal 0.0035314 0.8489601 -0.5284452
    outer loop
      vertex 0.7994936 -2.1004287 -0.6165134
      vertex 1.1322122 -2.1120688 -0.6329900
      vertex 1.1339928 -2.1524394 -0.6978344
    endloop
  endfacet
  facet normal 0.0017532 0.8456916 -0.5336690
    outer loop
      vertex 0.7994936 -2.1004287 -0.6165134
      vertex 1.1339928 -2.1524394 -0.6978344
      vertex 0.7889770 -2.1408001 -0.6805235
    endloop
  endfacet
  facet normal 0.0226512 0.9782316 -0.2062760
    outer loop
      vertex 0.7889770 -2.1408001 -0.6805235
      vertex 1.1339928 -2.1524394 -0.6978344
      vertex 1.1346888 -2.1682187 -0.7725892
    endloop
  endfacet
  facet normal 0.0209698 0.9769965 -0.2122218
    outer loop
      vertex 0.7889770 -2.1408001 -0.6805235
      vertex 1.1346888 -2.1682187 -0.7725892
      vertex 0.7801283 -2.1567280 -0.7547243
    endloop
  endfacet
  facet normal 0.0391134 0.9893934 0.1398956
    outer loop
      vertex 0.7801283 -2.1567280 -0.7547243
      vertex 1.1346888 -2.1682187 -0.7725892
      vertex 1.1342162 -2.1575037 -0.8482379
    endloop
  endfacet
  facet normal 0.0375466 0.9902758 0.1339554
    outer loop
      vertex 0.7801283 -2.1567280 -0.7547243
      vertex 1.1342162 -2.1575037 -0.8482379
      vertex 0.7740146 -2.1462911 -0.8301660
    endloop
  endfacet
  facet normal 0.0509653 0.8819158 0.4686438
    outer loop
      vertex 0.7740146 -2.1462911 -0.8301660
      vertex 1.1342162 -2.1575037 -0.8482379
      vertex 1.1326320 -2.1215866 -0.9156560
    endloop
  endfacet
  facet normal 0.0495131 0.8847762 0.4633784
    outer loop
      vertex 0.7740146 -2.1462911 -0.8301660
      vertex 1.1326320 -2.1215866 -0.9156560
      vertex 0.7713734 -2.1107484 -0.8977492
    endloop
  endfacet
  facet normal 0.0568066 0.6688914 0.7411864
    outer loop
      vertex 0.7713734 -2.1107484 -0.8977492
      vertex 1.1326320 -2.1215866 -0.9156560
      vertex 1.1301272 -2.0647996 -0.9667121
    endloop
  endfacet
  facet normal 0.0554566 0.6734177 0.7371792
    outer loop
      vertex 0.7713734 -2.1107484 -0.8977492
      vertex 1.1301272 -2.0647996 -0.9667121
      vertex 0.7725233 -2.0543868 -0.9493224
    endloop
  endfacet
  facet normal 0.0559200 0.3753283 0.9252036
    outer loop
      vertex 0.7725233 -2.0543868 -0.9493224
      vertex 1.1301272 -2.0647996 -0.9667121
      vertex 1.1270040 -1.9939921 -0.9952479
    endloop
  endfacet
  facet normal 0.0546521 0.3810475 0.9229388
    outer loop
      vertex 0.7725233 -2.0543868 -0.9493224
      vertex 1.1270040 -1.9939921 -0.9952479
      vertex 0.7773256 -1.9840042 -0.9786652
    endloop
  endfacet
  facet normal 0.0483596 0.0358091 0.9981879
    outer loop
      vertex 0.7773256 -1.9840042 -0.9786652
      vertex 1.1270040 -1.9939921 -0.9952479
      vertex 1.1236391 -1.9177044 -0.9978216
    endloop
  endfacet
  facet normal 0.0471484 0.0420817 0.9980011
    outer loop
      vertex 0.7773256 -1.9840042 -0.9786652
      vertex 1.1236391 -1.9177044 -0.9978216
      vertex 0.7852010 -1.9080900 -0.9822382
    endloop
  endfacet
  facet normal 0.0349900 -0.3088597 0.9504638
    outer loop
      vertex 0.7852010 -1.9080900 -0.9822382
      vertex 1.1236391 -1.9177044 -0.9978216
      vertex 1.1204384 -1.8451380 -0.9741228
    endloop
  endfacet
  facet normal 0.0338051 -0.3028059 0.9524525
    outer loop
      vertex 0.7852010 -1.9080900 -0.9822382
      vertex 1.1204384 -1.8451380 -0.9741228
      vertex 0.7951996 -1.8358005 -0.9596106
    endloop
  endfacet
  facet normal 0.0174288 -0.6164198 0.7872248
    outer loop
      vertex 0.7951996 -1.8358005 -0.9596106
      vertex 1.1204384 -1.8451380 -0.9741228
      vertex 1.1177878 -1.7850455 -0.9270100
    endloop
  endfacet
  facet normal 0.0162367 -0.6113781 0.7911720
    outer loop
      vertex 0.7951996 -1.8358005 -0.9596106
      vertex 1.1177878 -1.7850455 -0.9270100
      vertex 0.8061156 -1.7758549 -0.9135117
    endloop
  endfacet
  facet normal -0.0021460 -0.8489464 0.5284747
    outer loop
      vertex 0.8061156 -1.7758549 -0.9135117
      vertex 1.1177878 -1.7850455 -0.9270100
      vertex 1.1160072 -1.7446750 -0.8621656
    endloop
  endfacet
  facet normal -0.0033779 -0.8455676 0.5338577
    outer loop
      vertex 0.8061156 -1.7758549 -0.9135117
      vertex 1.1160072 -1.7446750 -0.8621656
      vertex 0.8166322 -1.7354834 -0.8495015
    endloop
  endfacet
  facet normal -0.0213083 -0.9782580 0.2062941
    outer loop
      vertex 0.8166322 -1.7354834 -0.8495015
      vertex 1.1160072 -1.7446750 -0.8621656
      vertex 1.1153112 -1.7288956 -0.7874108
    endloop
  endfacet
  facet normal -0.0226073 -0.9769211 0.2124009
    outer loop
      vertex 0.8166322 -1.7354834 -0.8495015
      vertex 1.1153112 -1.7288956 -0.7874108
      vertex 0.8254810 -1.7195556 -0.7753007
    endloop
  endfacet
  facet normal -0.0377317 -0.9894448 -0.1399115
    outer loop
      vertex 0.8254810 -1.7195556 -0.7753007
      vertex 1.1153112 -1.7288956 -0.7874108
      vertex 1.1157838 -1.7396106 -0.7117621
    endloop
  endfacet
  facet normal -0.0391189 -0.9902330 -0.1338220
    outer loop
      vertex 0.8254810 -1.7195556 -0.7753007
      vertex 1.1157838 -1.7396106 -0.7117621
      vertex 0.8315946 -1.7299924 -0.6998590
    endloop
  endfacet
  facet normal -0.0494811 -0.8819672 -0.4687061
    outer loop
      vertex 0.8315946 -1.7299924 -0.6998590
      vertex 1.1157838 -1.7396106 -0.7117621
      vertex 1.1173680 -1.7755277 -0.6443440
    endloop
  endfacet
  facet normal -0.0509724 -0.8847347 -0.4632995
    outer loop
      vertex 0.8315946 -1.7299924 -0.6998590
      vertex 1.1173680 -1.7755277 -0.6443440
      vertex 0.8342358 -1.7655352 -0.6322758
    endloop
  endfacet
  facet normal -0.0552043 -0.6689125 -0.7412885
    outer loop
      vertex 0.8342358 -1.7655352 -0.6322758
      vertex 1.1173680 -1.7755277 -0.6443440
      vertex 1.1198728 -1.8323147 -0.5932879
    endloop
  endfacet
  facet normal -0.0568088 -0.6733513 -0.7371368
    outer loop
      vertex 0.8342358 -1.7655352 -0.6322758
      vertex 1.1198728 -1.8323147 -0.5932879
      vertex 0.8330859 -1.8218968 -0.5807026
    endloop
  endfacet
  facet normal -0.0542397 -0.3752992 -0.9253154
    outer loop
      vertex 0.8330859 -1.8218968 -0.5807026
      vertex 1.1198728 -1.8323147 -0.5932879
      vertex 1.1229960 -1.9031222 -0.5647521
    endloop
  endfacet
  facet normal -0.0559539 -0.3809440 -0.9229035
    outer loop
      vertex 0.8330859 -1.8218968 -0.5807026
      vertex 1.1229960 -1.9031222 -0.5647521
      vertex 0.8282837 -1.8922793 -0.5513599
    endloop
  endfacet
  facet normal -0.0466780 -0.0357377 -0.9982705
    outer loop
      vertex 0.8282837 -1.8922793 -0.5513599
      vertex 1.1229960 -1.9031222 -0.5647521
      vertex 1.1263609 -1.9794099 -0.5621784
    endloop
  endfacet
  facet normal -0.0484794 -0.0419409 -0.9979432
    outer loop
      vertex 0.8282837 -1.8922793 -0.5513599
      vertex 1.1263609 -1.9794099 -0.5621784
      vertex 0.8204083 -1.9681935 -0.5477868
    endloop
  endfacet
  facet normal 0.0027648 0.3160136 -0.9487506
    outer loop
      vertex 1.1263609 -1.9794099 -0.5621784
      vertex 1.4504694 -1.9394881 -0.5479366
      vertex 1.4675081 -2.0101673 -0.5714290
    endloop
  endfacet
  facet normal 0.0022216 0.3105325 -0.9505602
    outer loop
      vertex 1.1263609 -1.9794099 -0.5621784
      vertex 1.4675081 -2.0101673 -0.5714290
      vertex 1.1295616 -2.0519763 -0.5858772
    endloop
  endfacet
  facet normal -0.0431662 0.6197212 -0.7836340
    outer loop
      vertex 1.1295616 -2.0519763 -0.5858772
      vertex 1.4675081 -2.0101673 -0.5714290
      vertex 1.4839245 -2.0682546 -0.6182705
    endloop
  endfacet
  facet normal -0.0436954 0.6152061 -0.7871544
    outer loop
      vertex 1.1295616 -2.0519763 -0.5858772
      vertex 1.4839245 -2.0682546 -0.6182705
      vertex 1.1322122 -2.1120688 -0.6329900
    endloop
  endfacet
  facet normal -0.0837116 0.8478720 -0.5235509
    outer loop
      vertex 1.1322122 -2.1120688 -0.6329900
      vertex 1.4839245 -2.0682546 -0.6182705
      vertex 1.4977385 -2.1067438 -0.6828112
    endloop
  endfacet
  facet normal -0.0843155 0.8448585 -0.5283039
    outer loop
      vertex 1.1322122 -2.1120688 -0.6329900
      vertex 1.4977385 -2.1067438 -0.6828112
      vertex 1.1339928 -2.1524394 -0.6978344
    endloop
  endfacet
  facet normal -0.1139369 0.9729817 -0.2008106
    outer loop
      vertex 1.1339928 -2.1524394 -0.6978344
      vertex 1.4977385 -2.1067438 -0.6828112
      vertex 1.5072840 -2.1209927 -0.7572666
    endloop
  endfacet
  facet normal -0.1146911 0.9717672 -0.2061902
    outer loop
      vertex 1.1339928 -2.1524394 -0.6978344
      vertex 1.5072840 -2.1209927 -0.7572666
      vertex 1.1346888 -2.1682187 -0.7725892
    endloop
  endfacet
  facet normal -0.1302853 0.9807846 0.1452145
    outer loop
      vertex 1.1346888 -2.1682187 -0.7725892
      vertex 1.5072840 -2.1209927 -0.7572666
      vertex 1.5114096 -2.1092825 -0.8326563
    endloop
  endfacet
  facet normal -0.1312456 0.9814384 0.1398331
    outer loop
      vertex 1.1346888 -2.1682187 -0.7725892
      vertex 1.5114096 -2.1092825 -0.8326563
      vertex 1.1342162 -2.1575037 -0.8482379
    endloop
  endfacet
  facet normal -0.1309179 0.8711298 0.4732794
    outer loop
      vertex 1.1342162 -2.1575037 -0.8482379
      vertex 1.5114096 -2.1092825 -0.8326563
      vertex 1.5096178 -2.0730257 -0.8998871
    endloop
  endfacet
  facet normal -0.1321198 0.8735378 0.4684827
    outer loop
      vertex 1.1342162 -2.1575037 -0.8482379
      vertex 1.5096178 -2.0730257 -0.8998871
      vertex 1.1326320 -2.1215866 -0.9156560
    endloop
  endfacet
  facet normal -0.1158107 0.6572166 0.7447511
    outer loop
      vertex 1.1326320 -2.1215866 -0.9156560
      vertex 1.5096178 -2.0730257 -0.8998871
      vertex 1.5021246 -2.0165953 -0.9508501
    endloop
  endfacet
  facet normal -0.1172672 0.6611083 0.7410696
    outer loop
      vertex 1.1326320 -2.1215866 -0.9156560
      vertex 1.5021246 -2.0165953 -0.9508501
      vertex 1.1301272 -2.0647996 -0.9667121
    endloop
  endfacet
  facet normal -0.0867134 0.3640276 0.9273428
    outer loop
      vertex 1.1301272 -2.0647996 -0.9667121
      vertex 1.5021246 -2.0165953 -0.9508501
      vertex 1.4898339 -1.9467978 -0.9793983
    endloop
  endfacet
  facet normal -0.0884099 0.3689714 0.9252264
    outer loop
      vertex 1.1301272 -2.0647996 -0.9667121
      vertex 1.4898339 -1.9467978 -0.9793983
      vertex 1.1270040 -1.9939921 -0.9952479
    endloop
  endfacet
  facet normal -0.0470176 0.0261216 0.9985525
    outer loop
      vertex 1.1270040 -1.9939921 -0.9952479
      vertex 1.4898339 -1.9467978 -0.9793983
      vertex 1.4742280 -1.8720518 -0.9820885
    endloop
  endfacet
  facet normal -0.0489051 0.0315229 0.9983059
    outer loop
      vertex 1.1270040 -1.9939921 -0.9952479
      vertex 1.4742280 -1.8720518 -0.9820885
      vertex 1.1236391 -1.9177044 -0.9978216
    endloop
  endfacet
  facet normal -0.0014670 -0.3157327 0.9488470
    outer loop
      vertex 1.1236391 -1.9177044 -0.9978216
      vertex 1.4742280 -1.8720518 -0.9820885
      vertex 1.4571894 -1.8013726 -0.9585960
    endloop
  endfacet
  facet normal -0.0034630 -0.3105809 0.9505406
    outer loop
      vertex 1.1236391 -1.9177044 -0.9978216
      vertex 1.4571894 -1.8013726 -0.9585960
      vertex 1.1204384 -1.8451380 -0.9741228
    endloop
  endfacet
  facet normal 0.0443727 -0.6194798 0.7837575
    outer loop
      vertex 1.1204384 -1.8451380 -0.9741228
      vertex 1.4571894 -1.8013726 -0.9585960
      vertex 1.4407730 -1.7432853 -0.9117546
    endloop
  endfacet
  facet normal 0.0423719 -0.6152775 0.7871710
    outer loop
      vertex 1.1204384 -1.8451380 -0.9741228
      vertex 1.4407730 -1.7432853 -0.9117546
      vertex 1.1177878 -1.7850455 -0.9270100
    endloop
  endfacet
  facet normal 0.0848652 -0.8476767 0.5236813
    outer loop
      vertex 1.1177878 -1.7850455 -0.9270100
      vertex 1.4407730 -1.7432853 -0.9117546
      vertex 1.4269590 -1.7047961 -0.8472138
    endloop
  endfacet
  facet normal 0.0829614 -0.8449717 0.5283372
    outer loop
      vertex 1.1177878 -1.7850455 -0.9270100
      vertex 1.4269590 -1.7047961 -0.8472138
      vertex 1.1160072 -1.7446750 -0.8621656
    endloop
  endfacet
  facet normal 0.1151007 -0.9728203 0.2009290
    outer loop
      vertex 1.1160072 -1.7446750 -0.8621656
      vertex 1.4269590 -1.7047961 -0.8472138
      vertex 1.4174135 -1.6905472 -0.7727584
    endloop
  endfacet
  facet normal 0.1133722 -0.9719178 0.2062097
    outer loop
      vertex 1.1160072 -1.7446750 -0.8621656
      vertex 1.4174135 -1.6905472 -0.7727584
      vertex 1.1153112 -1.7288956 -0.7874108
    endloop
  endfacet
  facet normal 0.1315186 -0.9806335 -0.1451236
    outer loop
      vertex 1.1153112 -1.7288956 -0.7874108
      vertex 1.4174135 -1.6905472 -0.7727584
      vertex 1.4132878 -1.7022574 -0.6973687
    endloop
  endfacet
  facet normal 0.1300111 -0.9816005 -0.1398484
    outer loop
      vertex 1.1153112 -1.7288956 -0.7874108
      vertex 1.4132878 -1.7022574 -0.6973687
      vertex 1.1157838 -1.7396106 -0.7117621
    endloop
  endfacet
  facet normal 0.1322483 -0.8709595 -0.4732230
    outer loop
      vertex 1.1157838 -1.7396106 -0.7117621
      vertex 1.4132878 -1.7022574 -0.6973687
      vertex 1.4150796 -1.7385142 -0.6301379
    endloop
  endfacet
  facet normal 0.1309792 -0.8736826 -0.4685330
    outer loop
      vertex 1.1157838 -1.7396106 -0.7117621
      vertex 1.4150796 -1.7385142 -0.6301379
      vertex 1.1173680 -1.7755277 -0.6443440
    endloop
  endfacet
  facet normal 0.1172190 -0.6570018 -0.7447203
    outer loop
      vertex 1.1173680 -1.7755277 -0.6443440
      vertex 1.4150796 -1.7385142 -0.6301379
      vertex 1.4225728 -1.7949446 -0.5791749
    endloop
  endfacet
  facet normal 0.1161862 -0.6612197 -0.7411405
    outer loop
      vertex 1.1173680 -1.7755277 -0.6443440
      vertex 1.4225728 -1.7949446 -0.5791749
      vertex 1.1198728 -1.8323147 -0.5932879
    endloop
  endfacet
  facet normal 0.0881434 -0.3637631 -0.9273118
    outer loop
      vertex 1.1198728 -1.8323147 -0.5932879
      vertex 1.4225728 -1.7949446 -0.5791749
      vertex 1.4348636 -1.8647421 -0.5506267
    endloop
  endfacet
  facet normal 0.0873267 -0.3690482 -0.9252986
    outer loop
      vertex 1.1198728 -1.8323147 -0.5932879
      vertex 1.4348636 -1.8647421 -0.5506267
      vertex 1.1229960 -1.9031222 -0.5647521
    endloop
  endfacet
  facet normal 0.0484036 -0.0258301 -0.9984938
    outer loop
      vertex 1.1229960 -1.9031222 -0.5647521
      vertex 1.4348636 -1.8647421 -0.5506267
      vertex 1.4504694 -1.9394881 -0.5479366
    endloop
  endfacet
  facet normal 0.0477587 -0.0315753 -0.9983597
    outer loop
      vertex 1.1229960 -1.9031222 -0.5647521
      vertex 1.4504694 -1.9394881 -0.5479366
      vertex 1.1263609 -1.9794099 -0.5621784
    endloop
  endfacet
  facet normal 0.0247111 0.3254950 -0.9452208
    outer loop
      vertex 1.4504694 -1.9394881 -0.5479366
      vertex 1.7797970 -1.8400105 -0.5050709
      vertex 1.8104940 -1.9064086 -0.5271331
    endloop
  endfacet
  facet normal 0.0252358 0.3207873 -0.9468150
    outer loop
      vertex 1.4504694 -1.9394881 -0.5479366
      vertex 1.8104940 -1.9064086 -0.5271331
      vertex 1.4675081 -2.0101673 -0.5714290
    endloop
  endfacet
  facet normal -0.0847251 0.6148139 -0.7841081
    outer loop
      vertex 1.4675081 -2.0101673 -0.5714290
      vertex 1.8104940 -1.9064086 -0.5271331
      vertex 1.8401733 -1.9602203 -0.5725335
    endloop
  endfacet
  facet normal -0.0842185 0.6109661 -0.7871643
    outer loop
      vertex 1.4675081 -2.0101673 -0.5714290
      vertex 1.8401733 -1.9602203 -0.5725335
      vertex 1.4839245 -2.0682546 -0.6182705
    endloop
  endfacet
  facet normal -0.1836421 0.8291217 -0.5280462
    outer loop
      vertex 1.4839245 -2.0682546 -0.6182705
      vertex 1.8401733 -1.9602203 -0.5725335
      vertex 1.8652552 -1.9949552 -0.6357960
    endloop
  endfacet
  facet normal -0.1833377 0.8265540 -0.5321614
    outer loop
      vertex 1.4839245 -2.0682546 -0.6182705
      vertex 1.8652552 -1.9949552 -0.6357960
      vertex 1.4977385 -2.1067438 -0.6828112
    endloop
  endfacet
  facet normal -0.2600330 0.9427358 -0.2088830
    outer loop
      vertex 1.4977385 -2.1067438 -0.6828112
      vertex 1.8652552 -1.9949552 -0.6357960
      vertex 1.8827144 -2.0064236 -0.7092902
    endloop
  endfacet
  facet normal -0.2600782 0.9416759 -0.2135554
    outer loop
      vertex 1.4977385 -2.1067438 -0.6828112
      vertex 1.8827144 -2.0064236 -0.7092902
      vertex 1.5072840 -2.1209927 -0.7572666
    endloop
  endfacet
  facet normal -0.3049120 0.9428323 0.1345214
    outer loop
      vertex 1.5072840 -2.1209927 -0.7572666
      vertex 1.8827144 -2.0064236 -0.7092902
      vertex 1.8904452 -1.9932424 -0.7841517
    endloop
  endfacet
  facet normal -0.3054087 0.9433313 0.1298135
    outer loop
      vertex 1.5072840 -2.1209927 -0.7572666
      vertex 1.8904452 -1.9932424 -0.7841517
      vertex 1.5114096 -2.1092825 -0.8326563
    endloop
  endfacet
  facet normal -0.3131724 0.8301131 0.4613408
    outer loop
      vertex 1.5114096 -2.1092825 -0.8326563
      vertex 1.8904452 -1.9932424 -0.7841517
      vertex 1.8875149 -1.9570014 -0.8513511
    endloop
  endfacet
  facet normal -0.3141778 0.8320757 0.4571022
    outer loop
      vertex 1.5114096 -2.1092825 -0.8326563
      vertex 1.8875149 -1.9570014 -0.8513511
      vertex 1.5096178 -2.0730257 -0.8998871
    endloop
  endfacet
  facet normal -0.2839054 0.6180138 0.7331144
    outer loop
      vertex 1.5096178 -2.0730257 -0.8998871
      vertex 1.8875149 -1.9570014 -0.8513511
      vertex 1.8742772 -1.9020718 -0.9027831
    endloop
  endfacet
  facet normal -0.2854284 0.6212066 0.7298171
    outer loop
      vertex 1.5096178 -2.0730257 -0.8998871
      vertex 1.8742772 -1.9020718 -0.9027831
      vertex 1.5021246 -2.0165953 -0.9508501
    endloop
  endfacet
  facet normal -0.2204289 0.3312392 0.9174376
    outer loop
      vertex 1.5021246 -2.0165953 -0.9508501
      vertex 1.8742772 -1.9020718 -0.9027831
      vertex 1.8523286 -1.8350788 -0.9322443
    endloop
  endfacet
  facet normal -0.2224203 0.3352814 0.9154865
    outer loop
      vertex 1.5021246 -2.0165953 -0.9508501
      vertex 1.8523286 -1.8350788 -0.9322443
      vertex 1.4898339 -1.9467978 -0.9793983
    endloop
  endfacet
  facet normal -0.1301003 0.0036494 0.9914941
    outer loop
      vertex 1.4898339 -1.9467978 -0.9793983
      vertex 1.8523286 -1.8350788 -0.9322443
      vertex 1.8243165 -1.7641030 -0.9361812
    endloop
  endfacet
  facet normal -0.1324440 0.0080197 0.9911581
    outer loop
      vertex 1.4898339 -1.9467978 -0.9793983
      vertex 1.8243165 -1.7641030 -0.9361812
      vertex 1.4742280 -1.8720518 -0.9820885
    endloop
  endfacet
  facet normal -0.0237269 -0.3250941 0.9453840
    outer loop
      vertex 1.4742280 -1.8720518 -0.9820885
      vertex 1.8243165 -1.7641030 -0.9361812
      vertex 1.7936195 -1.6977049 -0.9141189
    endloop
  endfacet
  facet normal -0.0262463 -0.3209980 0.9467161
    outer loop
      vertex 1.4742280 -1.8720518 -0.9820885
      vertex 1.7936195 -1.6977049 -0.9141189
      vertex 1.4571894 -1.8013726 -0.9585960
    endloop
  endfacet
  facet normal 0.0856529 -0.6144546 0.7842889
    outer loop
      vertex 1.4571894 -1.8013726 -0.9585960
      vertex 1.7936195 -1.6977049 -0.9141189
      vertex 1.7639402 -1.6438931 -0.8687186
    endloop
  endfacet
  facet normal 0.0831636 -0.6112050 0.7870910
    outer loop
      vertex 1.4571894 -1.8013726 -0.9585960
      vertex 1.7639402 -1.6438931 -0.8687186
      vertex 1.4407730 -1.7432853 -0.9117546
    endloop
  endfacet
  facet normal 0.1845583 -0.8287995 0.5282325
    outer loop
      vertex 1.4407730 -1.7432853 -0.9117546
      vertex 1.7639402 -1.6438931 -0.8687186
      vertex 1.7388583 -1.6091583 -0.8054561
    endloop
  endfacet
  facet normal 0.1822911 -0.8268255 0.5320992
    outer loop
      vertex 1.4407730 -1.7432853 -0.9117546
      vertex 1.7388583 -1.6091583 -0.8054561
      vertex 1.4269590 -1.7047961 -0.8472138
    endloop
  endfacet
  facet normal 0.2609884 -0.9424319 0.2090626
    outer loop
      vertex 1.4269590 -1.7047961 -0.8472138
      vertex 1.7388583 -1.6091583 -0.8054561
      vertex 1.7213990 -1.5976898 -0.7319619
    endloop
  endfacet
  facet normal 0.2590880 -0.9419650 0.2134838
    outer loop
      vertex 1.4269590 -1.7047961 -0.8472138
      vertex 1.7213990 -1.5976898 -0.7319619
      vertex 1.4174135 -1.6905472 -0.7727584
    endloop
  endfacet
  facet normal 0.3059408 -0.9425219 -0.1343606
    outer loop
      vertex 1.4174135 -1.6905472 -0.7727584
      vertex 1.7213990 -1.5976898 -0.7319619
      vertex 1.7136683 -1.6108710 -0.6571003
    endloop
  endfacet
  facet normal 0.3044958 -0.9436135 -0.1299072
    outer loop
      vertex 1.4174135 -1.6905472 -0.7727584
      vertex 1.7136683 -1.6108710 -0.6571003
      vertex 1.4132878 -1.7022574 -0.6973687
    endloop
  endfacet
  facet normal 0.3142743 -0.8297721 -0.4612050
    outer loop
      vertex 1.4132878 -1.7022574 -0.6973687
      vertex 1.7136683 -1.6108710 -0.6571003
      vertex 1.7165985 -1.6471121 -0.5899010
    endloop
  endfacet
  facet normal 0.3133272 -0.8323327 -0.4572181
    outer loop
      vertex 1.4132878 -1.7022574 -0.6973687
      vertex 1.7165985 -1.6471121 -0.5899010
      vertex 1.4150796 -1.7385142 -0.6301379
    endloop
  endfacet
  facet normal 0.2850441 -0.6176291 -0.7329967
    outer loop
      vertex 1.4150796 -1.7385142 -0.6301379
      vertex 1.7165985 -1.6471121 -0.5899010
      vertex 1.7298363 -1.7020417 -0.5384690
    endloop
  endfacet
  facet normal 0.2845971 -0.6214347 -0.7299475
    outer loop
      vertex 1.4150796 -1.7385142 -0.6301379
      vertex 1.7298363 -1.7020417 -0.5384690
      vertex 1.4225728 -1.7949446 -0.5791749
    endloop
  endfacet
  facet normal 0.2215506 -0.3308194 -0.9173188
    outer loop
      vertex 1.4225728 -1.7949446 -0.5791749
      vertex 1.7298363 -1.7020417 -0.5384690
      vertex 1.7517849 -1.7690346 -0.5090078
    endloop
  endfacet
  facet normal 0.2215561 -0.3354883 -0.9156203
    outer loop
      vertex 1.4225728 -1.7949446 -0.5791749
      vertex 1.7517849 -1.7690346 -0.5090078
      vertex 1.4348636 -1.8647421 -0.5506267
    endloop
  endfacet
  facet normal 0.1311607 -0.0032232 -0.9913559
    outer loop
      vertex 1.4348636 -1.8647421 -0.5506267
      vertex 1.7517849 -1.7690346 -0.5090078
      vertex 1.7797970 -1.8400105 -0.5050709
    endloop
  endfacet
  facet normal 0.1315090 -0.0082193 -0.9912809
    outer loop
      vertex 1.4348636 -1.8647421 -0.5506267
      vertex 1.7797970 -1.8400105 -0.5050709
      vertex 1.4504694 -1.9394881 -0.5479366
    endloop
  endfacet
  facet normal 0.0357737 0.3343967 -0.9417532
    outer loop
      vertex 1.7797970 -1.8400105 -0.5050709
      vertex 2.0986216 -1.6765782 -0.4349286
      vertex 2.1420661 -1.7363091 -0.4544874
    endloop
  endfacet
  facet normal 0.0370745 0.3304988 -0.9430780
    outer loop
      vertex 1.7797970 -1.8400105 -0.5050709
      vertex 2.1420661 -1.7363091 -0.4544874
      vertex 1.8104940 -1.9064086 -0.5271331
    endloop
  endfacet
  facet normal -0.1339853 0.5984983 -0.7898403
    outer loop
      vertex 1.8104940 -1.9064086 -0.5271331
      vertex 2.1420661 -1.7363091 -0.4544874
      vertex 2.1839155 -1.7836416 -0.4974527
    endloop
  endfacet
  facet normal -0.1327440 0.5953478 -0.7924267
    outer loop
      vertex 1.8104940 -1.9064086 -0.5271331
      vertex 2.1839155 -1.7836416 -0.4974527
      vertex 1.8401733 -1.9602203 -0.5725335
    endloop
  endfacet
  facet normal -0.2871433 0.7895736 -0.5423305
    outer loop
      vertex 1.8401733 -1.9602203 -0.5725335
      vertex 2.1839155 -1.7836416 -0.4974527
      vertex 2.2191221 -1.8128669 -0.5586420
    endloop
  endfacet
  facet normal -0.2862031 0.7874874 -0.5458492
    outer loop
      vertex 1.8401733 -1.9602203 -0.5725335
      vertex 2.2191221 -1.8128669 -0.5586420
      vertex 1.8652552 -1.9949552 -0.6357960
    endloop
  endfacet
  facet normal -0.4051505 0.8848351 -0.2300432
    outer loop
      vertex 1.8652552 -1.9949552 -0.6357960
      vertex 2.2191221 -1.8128669 -0.5586420
      vertex 2.2434393 -1.8204600 -0.6306751
    endloop
  endfacet
  facet normal -0.4047017 0.8839809 -0.2340820
    outer loop
      vertex 1.8652552 -1.9949552 -0.6357960
      vertex 2.2434393 -1.8204600 -0.6306751
      vertex 1.8827144 -2.0064236 -0.7092902
    endloop
  endfacet
  facet normal -0.4741597 0.8736608 0.1090379
    outer loop
      vertex 1.8827144 -2.0064236 -0.7092902
      vertex 2.2434393 -1.8204600 -0.6306751
      vertex 2.2539342 -1.8055049 -0.7048638
    endloop
  endfacet
  facet normal -0.4743327 0.8740712 0.1049188
    outer loop
      vertex 1.8827144 -2.0064236 -0.7092902
      vertex 2.2539342 -1.8055049 -0.7048638
      vertex 1.8904452 -1.9932424 -0.7841517
    endloop
  endfacet
  facet normal -0.4863125 0.7580065 0.4346566
    outer loop
      vertex 1.8904452 -1.9932424 -0.7841517
      vertex 2.2539342 -1.8055049 -0.7048638
      vertex 2.2493410 -1.7698055 -0.7722597
    endloop
  endfacet
  facet normal -0.4871773 0.7595956 0.4308978
    outer loop
      vertex 1.8904452 -1.9932424 -0.7841517
      vertex 2.2493410 -1.7698055 -0.7722597
      vertex 1.8875149 -1.9570014 -0.8513511
    endloop
  endfacet
  facet normal -0.4402313 0.5515670 0.7084986
    outer loop
      vertex 1.8875149 -1.9570014 -0.8513511
      vertex 2.2493410 -1.7698055 -0.7722597
      vertex 2.2302137 -1.7176677 -0.8247340
    endloop
  endfacet
  facet normal -0.4417899 0.5541296 0.7055226
    outer loop
      vertex 1.8875149 -1.9570014 -0.8513511
      vertex 2.2302137 -1.7176677 -0.8247340
      vertex 1.8742772 -1.9020718 -0.9027831
    endloop
  endfacet
  facet normal -0.3411022 0.2783743 0.8978625
    outer loop
      vertex 1.8742772 -1.9020718 -0.9027831
      vertex 2.2302137 -1.7176677 -0.8247340
      vertex 2.1988593 -1.6553801 -0.8559574
    endloop
  endfacet
  facet normal -0.3432741 0.2815792 0.8960335
    outer loop
      vertex 1.8742772 -1.9020718 -0.9027831
      vertex 2.1988593 -1.6553801 -0.8559574
      vertex 1.8523286 -1.8350788 -0.9322443
    endloop
  endfacet
  facet normal -0.2004174 -0.0292432 0.9792741
    outer loop
      vertex 1.8523286 -1.8350788 -0.9322443
      vertex 2.1988593 -1.6553801 -0.8559574
      vertex 2.1590595 -1.5904554 -0.8621640
    endloop
  endfacet
  facet normal -0.2030325 -0.0258373 0.9788311
    outer loop
      vertex 1.8523286 -1.8350788 -0.9322443
      vertex 2.1590595 -1.5904554 -0.8621640
      vertex 1.8243165 -1.7641030 -0.9361812
    endloop
  endfacet
  facet normal -0.0350514 -0.3339340 0.9419445
    outer loop
      vertex 1.8243165 -1.7641030 -0.9361812
      vertex 2.1590595 -1.5904554 -0.8621640
      vertex 2.1156149 -1.5307246 -0.8426051
    endloop
  endfacet
  facet normal -0.0378665 -0.3308173 0.9429348
    outer loop
      vertex 1.8243165 -1.7641030 -0.9361812
      vertex 2.1156149 -1.5307246 -0.8426051
      vertex 1.7936195 -1.6977049 -0.9141189
    endloop
  endfacet
  facet normal 0.1346811 -0.5980700 0.7900463
    outer loop
      vertex 1.7936195 -1.6977049 -0.9141189
      vertex 2.1156149 -1.5307246 -0.8426051
      vertex 2.0737656 -1.4833920 -0.7996399
    endloop
  endfacet
  facet normal 0.1319373 -0.5956896 0.7923045
    outer loop
      vertex 1.7936195 -1.6977049 -0.9141189
      vertex 2.0737656 -1.4833920 -0.7996399
      vertex 1.7639402 -1.6438931 -0.8687186
    endloop
  endfacet
  facet normal 0.2878527 -0.7891678 0.5425449
    outer loop
      vertex 1.7639402 -1.6438931 -0.8687186
      vertex 2.0737656 -1.4833920 -0.7996399
      vertex 2.0385590 -1.4541667 -0.7384506
    endloop
  endfacet
  facet normal 0.2854252 -0.7878467 0.5457381
    outer loop
      vertex 1.7639402 -1.6438931 -0.8687186
      vertex 2.0385590 -1.4541667 -0.7384506
      vertex 1.7388583 -1.6091583 -0.8054561
    endloop
  endfacet
  facet normal 0.4059085 -0.8844321 0.2302566
    outer loop
      vertex 1.7388583 -1.6091583 -0.8054561
      vertex 2.0385590 -1.4541667 -0.7384506
      vertex 2.0142418 -1.4465736 -0.6664174
    endloop
  endfacet
  facet normal 0.4039812 -0.8843408 0.2339670
    outer loop
      vertex 1.7388583 -1.6091583 -0.8054561
      vertex 2.0142418 -1.4465736 -0.6664174
      vertex 1.7213990 -1.5976898 -0.7319619
    endloop
  endfacet
  facet normal 0.4749799 -0.8732403 -0.1088372
    outer loop
      vertex 1.7213990 -1.5976898 -0.7319619
      vertex 2.0142418 -1.4465736 -0.6664174
      vertex 2.0037469 -1.4615287 -0.5922288
    endloop
  endfacet
  facet normal 0.4736708 -0.8744147 -0.1050476
    outer loop
      vertex 1.7213990 -1.5976898 -0.7319619
      vertex 2.0037469 -1.4615287 -0.5922288
      vertex 1.7136683 -1.6108710 -0.6571003
    endloop
  endfacet
  facet normal 0.4871784 -0.7575539 -0.4344759
    outer loop
      vertex 1.7136683 -1.6108710 -0.6571003
      vertex 2.0037469 -1.4615287 -0.5922288
      vertex 2.0083401 -1.4972281 -0.5248329
    endloop
  endfacet
  facet normal 0.4865485 -0.7599160 -0.4310432
    outer loop
      vertex 1.7136683 -1.6108710 -0.6571003
      vertex 2.0083401 -1.4972281 -0.5248329
      vertex 1.7165985 -1.6471121 -0.5899010
    endloop
  endfacet
  facet normal 0.4411035 -0.5510813 -0.7083340
    outer loop
      vertex 1.7165985 -1.6471121 -0.5899010
      vertex 2.0083401 -1.4972281 -0.5248329
      vertex 2.0274674 -1.5493659 -0.4723586
    endloop
  endfacet
  facet normal 0.4411545 -0.5544322 -0.7056823
    outer loop
      vertex 1.7165985 -1.6471121 -0.5899010
      vertex 2.0274674 -1.5493659 -0.4723586
      vertex 1.7298363 -1.7020417 -0.5384690
    endloop
  endfacet
  facet normal 0.3419386 -0.2778718 -0.8977000
    outer loop
      vertex 1.7298363 -1.7020417 -0.5384690
      vertex 2.0274674 -1.5493659 -0.4723586
      vertex 2.0588218 -1.6116535 -0.4411352
    endloop
  endfacet
  facet normal 0.3425949 -0.2818751 -0.8962004
    outer loop
      vertex 1.7298363 -1.7020417 -0.5384690
      vertex 2.0588218 -1.6116535 -0.4411352
      vertex 1.7517849 -1.7690346 -0.5090078
    endloop
  endfacet
  facet normal 0.2011945 0.0297363 -0.9790999
    outer loop
      vertex 1.7517849 -1.7690346 -0.5090078
      vertex 2.0588218 -1.6116535 -0.4411352
      vertex 2.0986216 -1.6765782 -0.4349286
    endloop
  endfacet
  facet normal 0.2022913 0.0255358 -0.9789924
    outer loop
      vertex 1.7517849 -1.7690346 -0.5090078
      vertex 2.0986216 -1.6765782 -0.4349286
      vertex 1.7797970 -1.8400105 -0.5050709
    endloop
  endfacet
  facet normal 0.0397192 0.3412934 -0.9391173
    outer loop
      vertex 2.0986216 -1.6765782 -0.4349286
      vertex 2.3899694 -1.4495656 -0.3401055
      vertex 2.4446397 -1.5004314 -0.3562789
    endloop
  endfacet
  facet normal 0.0415832 0.3381096 -0.9401876
    outer loop
      vertex 2.0986216 -1.6765782 -0.4349286
      vertex 2.4446397 -1.5004314 -0.3562789
      vertex 2.1420661 -1.7363091 -0.4544874
    endloop
  endfacet
  facet normal -0.1843915 0.5699217 -0.8007428
    outer loop
      vertex 2.1420661 -1.7363091 -0.4544874
      vertex 2.4446397 -1.5004314 -0.3562789
      vertex 2.4970868 -1.5392768 -0.3960041
    endloop
  endfacet
  facet normal -0.1826233 0.5673890 -0.8029436
    outer loop
      vertex 2.1420661 -1.7363091 -0.4544874
      vertex 2.4970868 -1.5392768 -0.3960041
      vertex 2.1839155 -1.7836416 -0.4974527
    endloop
  endfacet
  facet normal -0.3856855 0.7290381 -0.5654646
    outer loop
      vertex 2.1839155 -1.7836416 -0.4974527
      vertex 2.4970868 -1.5392768 -0.3960041
      vertex 2.5409849 -1.5614165 -0.4544896
    endloop
  endfacet
  facet normal -0.3842917 0.7273906 -0.5685269
    outer loop
      vertex 2.1839155 -1.7836416 -0.4974527
      vertex 2.5409849 -1.5614165 -0.4544896
      vertex 2.2191221 -1.8128669 -0.5586420
    endloop
  endfacet
  facet normal -0.5398203 0.7997641 -0.2626243
    outer loop
      vertex 2.2191221 -1.8128669 -0.5586420
      vertex 2.5409849 -1.5614165 -0.4544896
      vertex 2.5710391 -1.5641800 -0.5246812
    endloop
  endfacet
  facet normal -0.5390206 0.7991208 -0.2662004
    outer loop
      vertex 2.2191221 -1.8128669 -0.5586420
      vertex 2.5710391 -1.5641800 -0.5246812
      vertex 2.2434393 -1.8204600 -0.6306751
    endloop
  endfacet
  facet normal -0.6287414 0.7743715 0.0709437
    outer loop
      vertex 2.2434393 -1.8204600 -0.6306751
      vertex 2.5710391 -1.5641800 -0.5246812
      vertex 2.5836245 -1.5472340 -0.5981127
    endloop
  endfacet
  facet normal -0.6286874 0.7747459 0.0672386
    outer loop
      vertex 2.2434393 -1.8204600 -0.6306751
      vertex 2.5836245 -1.5472340 -0.5981127
      vertex 2.2539342 -1.8055049 -0.7048638
    endloop
  endfacet
  facet normal -0.6423254 0.6564113 0.3956543
    outer loop
      vertex 2.2539342 -1.8055049 -0.7048638
      vertex 2.5836245 -1.5472340 -0.5981127
      vertex 2.5772231 -1.5126225 -0.6659273
    endloop
  endfacet
  facet normal -0.6430953 0.6577177 0.3922192
    outer loop
      vertex 2.2539342 -1.8055049 -0.7048638
      vertex 2.5772231 -1.5126225 -0.6659273
      vertex 2.2493410 -1.7698055 -0.7722597
    endloop
  endfacet
  facet normal -0.5790086 0.4598010 0.6732994
    outer loop
      vertex 2.2493410 -1.7698055 -0.7722597
      vertex 2.5772231 -1.5126225 -0.6659273
      vertex 2.5526071 -1.4645202 -0.7199455
    endloop
  endfacet
  facet normal -0.5805950 0.4618526 0.6705234
    outer loop
      vertex 2.2493410 -1.7698055 -0.7722597
      vertex 2.5526071 -1.4645202 -0.7199455
      vertex 2.2302137 -1.7176677 -0.8247340
    endloop
  endfacet
  facet normal -0.4459030 0.2074518 0.8707090
    outer loop
      vertex 2.2302137 -1.7176677 -0.8247340
      vertex 2.5526071 -1.4645202 -0.7199455
      vertex 2.5127453 -1.4087288 -0.7536520
    endloop
  endfacet
  facet normal -0.4481977 0.2099601 0.8689279
    outer loop
      vertex 2.2302137 -1.7176677 -0.8247340
      vertex 2.5127453 -1.4087288 -0.7536520
      vertex 2.1988593 -1.6553801 -0.8559574
    endloop
  endfacet
  facet normal -0.2584574 -0.0706997 0.9634320
    outer loop
      vertex 2.1988593 -1.6553801 -0.8559574
      vertex 2.5127453 -1.4087288 -0.7536520
      vertex 2.4624459 -1.3519777 -0.7629811
    endloop
  endfacet
  facet normal -0.2612481 -0.0681019 0.9628663
    outer loop
      vertex 2.1988593 -1.6553801 -0.8559574
      vertex 2.4624459 -1.3519777 -0.7629811
      vertex 2.1590595 -1.5904554 -0.8621640
    endloop
  endfacet
  facet normal -0.0391975 -0.3407969 0.9393194
    outer loop
      vertex 2.1590595 -1.5904554 -0.8621640
      vertex 2.4624459 -1.3519777 -0.7629811
      vertex 2.4077756 -1.3011118 -0.7468077
    endloop
  endfacet
  facet normal -0.0421950 -0.3384996 0.9400200
    outer loop
      vertex 2.1590595 -1.5904554 -0.8621640
      vertex 2.4077756 -1.3011118 -0.7468077
      vertex 2.1156149 -1.5307246 -0.8426051
    endloop
  endfacet
  facet normal 0.1849071 -0.5694483 0.8009606
    outer loop
      vertex 2.1156149 -1.5307246 -0.8426051
      vertex 2.4077756 -1.3011118 -0.7468077
      vertex 2.3553285 -1.2622664 -0.7070825
    endloop
  endfacet
  facet normal 0.1820152 -0.5677928 0.8027962
    outer loop
      vertex 2.1156149 -1.5307246 -0.8426051
      vertex 2.3553285 -1.2622664 -0.7070825
      vertex 2.0737656 -1.4833920 -0.7996399
    endloop
  endfacet
  facet normal 0.3862262 -0.7285734 0.5656944
    outer loop
      vertex 2.0737656 -1.4833920 -0.7996399
      vertex 2.3553285 -1.2622664 -0.7070825
      vertex 2.3114304 -1.2401268 -0.6485970
    endloop
  endfacet
  facet normal 0.3837186 -0.7277984 0.5683920
    outer loop
      vertex 2.0737656 -1.4833920 -0.7996399
      vertex 2.3114304 -1.2401268 -0.6485970
      vertex 2.0385590 -1.4541667 -0.7384506
    endloop
  endfacet
  facet normal 0.5404069 -0.7992914 0.2628568
    outer loop
      vertex 2.0385590 -1.4541667 -0.7384506
      vertex 2.3114304 -1.2401268 -0.6485970
      vertex 2.2813762 -1.2373633 -0.5784054
    endloop
  endfacet
  facet normal 0.5384959 -0.7995195 0.2660653
    outer loop
      vertex 2.0385590 -1.4541667 -0.7384506
      vertex 2.2813762 -1.2373633 -0.5784054
      vertex 2.0142418 -1.4465736 -0.6664174
    endloop
  endfacet
  facet normal 0.6293742 -0.7738777 -0.0707212
    outer loop
      vertex 2.0142418 -1.4465736 -0.6664174
      vertex 2.2813762 -1.2373633 -0.5784054
      vertex 2.2687908 -1.2543093 -0.5049739
    endloop
  endfacet
  facet normal 0.6282015 -0.7751272 -0.0673842
    outer loop
      vertex 2.0142418 -1.4465736 -0.6664174
      vertex 2.2687908 -1.2543093 -0.5049739
      vertex 2.0037469 -1.4615287 -0.5922288
    endloop
  endfacet
  facet normal 0.6429817 -0.6558911 -0.3954508
    outer loop
      vertex 2.0037469 -1.4615287 -0.5922288
      vertex 2.2687908 -1.2543093 -0.5049739
      vertex 2.2751922 -1.2889208 -0.4371592
    endloop
  endfacet
  facet normal 0.6426221 -0.6580837 -0.3923808
    outer loop
      vertex 2.0037469 -1.4615287 -0.5922288
      vertex 2.2751922 -1.2889208 -0.4371592
      vertex 2.0083401 -1.4972281 -0.5248329
    endloop
  endfacet
  facet normal 0.5796534 -0.4592614 -0.6731128
    outer loop
      vertex 2.0083401 -1.4972281 -0.5248329
      vertex 2.2751922 -1.2889208 -0.4371592
      vertex 2.2998083 -1.3370231 -0.3831410
    endloop
  endfacet
  facet normal 0.5801030 -0.4622123 -0.6707013
    outer loop
      vertex 2.0083401 -1.4972281 -0.5248329
      vertex 2.2998083 -1.3370231 -0.3831410
      vertex 2.0274674 -1.5493659 -0.4723586
    endloop
  endfacet
  facet normal 0.4465077 -0.2069104 -0.8705280
    outer loop
      vertex 2.0274674 -1.5493659 -0.4723586
      vertex 2.2998083 -1.3370231 -0.3831410
      vertex 2.3396700 -1.3928145 -0.3494346
    endloop
  endfacet
  facet normal 0.4476630 -0.2103233 -0.8691156
    outer loop
      vertex 2.0274674 -1.5493659 -0.4723586
      vertex 2.3396700 -1.3928145 -0.3494346
      vertex 2.0588218 -1.6116535 -0.4411352
    endloop
  endfacet
  facet normal 0.2590136 0.0712236 -0.9632441
    outer loop
      vertex 2.0588218 -1.6116535 -0.4411352
      vertex 2.3396700 -1.3928145 -0.3494346
      vertex 2.3899694 -1.4495656 -0.3401055
    endloop
  endfacet
  facet normal 0.2606659 0.0677274 -0.9630505
    outer loop
      vertex 2.0588218 -1.6116535 -0.4411352
      vertex 2.3899694 -1.4495656 -0.3401055
      vertex 2.0986216 -1.6765782 -0.4349286
    endloop
  endfacet
  facet normal 0.0397783 0.3461459 -0.9373370
    outer loop
      vertex 2.3899694 -1.4495656 -0.3401055
      vertex 2.6372315 -1.1643228 -0.2242760
      vertex 2.7011192 -1.2044427 -0.2363805
    endloop
  endfacet
  facet normal 0.0421009 0.3435576 -0.9381875
    outer loop
      vertex 2.3899694 -1.4495656 -0.3401055
      vertex 2.7011192 -1.2044427 -0.2363805
      vertex 2.4446397 -1.5004314 -0.3562789
    endloop
  endfacet
  facet normal -0.2304544 0.5302134 -0.8159439
    outer loop
      vertex 2.4446397 -1.5004314 -0.3562789
      vertex 2.7011192 -1.2044427 -0.2363805
      vertex 2.7622072 -1.2330779 -0.2722418
    endloop
  endfacet
  facet normal -0.2282560 0.5282051 -0.8178622
    outer loop
      vertex 2.4446397 -1.5004314 -0.3562789
      vertex 2.7622072 -1.2330779 -0.2722418
      vertex 2.4970868 -1.5392768 -0.3960041
    endloop
  endfacet
  facet normal -0.4721995 0.6496629 -0.5957901
    outer loop
      vertex 2.4970868 -1.5392768 -0.3960041
      vertex 2.7622072 -1.2330779 -0.2722418
      vertex 2.8131275 -1.2467747 -0.3275344
    endloop
  endfacet
  facet normal -0.4704352 0.6484031 -0.5985517
    outer loop
      vertex 2.4970868 -1.5392768 -0.3960041
      vertex 2.8131275 -1.2467747 -0.3275344
      vertex 2.5409849 -1.5614165 -0.4544896
    endloop
  endfacet
  facet normal -0.6562462 0.6904252 -0.3043911
    outer loop
      vertex 2.5409849 -1.5614165 -0.4544896
      vertex 2.8131275 -1.2467747 -0.3275344
      vertex 2.8477382 -1.2438811 -0.3955894
    endloop
  endfacet
  facet normal -0.6551637 0.6899911 -0.3076895
    outer loop
      vertex 2.5409849 -1.5614165 -0.4544896
      vertex 2.8477382 -1.2438811 -0.3955894
      vertex 2.5710391 -1.5641800 -0.5246812
    endloop
  endfacet
  facet normal -0.7610590 0.6482827 0.0227757
    outer loop
      vertex 2.5710391 -1.5641800 -0.5246812
      vertex 2.8477382 -1.2438811 -0.3955894
      vertex 2.8618648 -1.2247461 -0.4681982
    endloop
  endfacet
  facet normal -0.7608294 0.6486650 0.0192956
    outer loop
      vertex 2.5710391 -1.5641800 -0.5246812
      vertex 2.8618648 -1.2247461 -0.4681982
      vertex 2.5836245 -1.5472340 -0.5981127
    endloop
  endfacet
  facet normal -0.7747120 0.5286783 0.3468725
    outer loop
      vertex 2.5836245 -1.5472340 -0.5981127
      vertex 2.8618648 -1.2247461 -0.4681982
      vertex 2.8538035 -1.1916775 -0.5366032
    endloop
  endfacet
  facet normal -0.7754195 0.5297839 0.3435892
    outer loop
      vertex 2.5836245 -1.5472340 -0.5981127
      vertex 2.8538035 -1.1916775 -0.5366032
      vertex 2.5772231 -1.5126225 -0.6659273
    endloop
  endfacet
  facet normal -0.6956209 0.3457029 0.6297627
    outer loop
      vertex 2.5772231 -1.5126225 -0.6659273
      vertex 2.8538035 -1.1916775 -0.5366032
      vertex 2.8245266 -1.1486641 -0.5925537
    endloop
  endfacet
  facet normal -0.6972472 0.3473549 0.6270493
    outer loop
      vertex 2.5772231 -1.5126225 -0.6659273
      vertex 2.8245266 -1.1486641 -0.5925537
      vertex 2.5526071 -1.4645202 -0.7199455
    endloop
  endfacet
  facet normal -0.5326727 0.1207266 0.8376664
    outer loop
      vertex 2.5526071 -1.4645202 -0.7199455
      vertex 2.8245266 -1.1486641 -0.5925537
      vertex 2.7775652 -1.1008938 -0.6293013
    endloop
  endfacet
  facet normal -0.5350831 0.1226718 0.8358455
    outer loop
      vertex 2.5526071 -1.4645202 -0.7199455
      vertex 2.7775652 -1.1008938 -0.6293013
      vertex 2.5127453 -1.4087288 -0.7536520
    endloop
  endfacet
  facet normal -0.3047979 -0.1194845 0.9448924
    outer loop
      vertex 2.5127453 -1.4087288 -0.7536520
      vertex 2.7775652 -1.1008938 -0.6293013
      vertex 2.7185837 -1.0541284 -0.6424136
    endloop
  endfacet
  facet normal -0.3077457 -0.1175496 0.9441794
    outer loop
      vertex 2.5127453 -1.4087288 -0.7536520
      vertex 2.7185837 -1.0541284 -0.6424136
      vertex 2.4624459 -1.3519777 -0.7629811
    endloop
  endfacet
  facet normal -0.0394097 -0.3456220 0.9375459
    outer loop
      vertex 2.4624459 -1.3519777 -0.7629811
      vertex 2.7185837 -1.0541284 -0.6424136
      vertex 2.6546960 -1.0140086 -0.6303091
    endloop
  endfacet
  facet normal -0.0425704 -0.3440035 0.9380029
    outer loop
      vertex 2.4624459 -1.3519777 -0.7629811
      vertex 2.6546960 -1.0140086 -0.6303091
      vertex 2.4077756 -1.3011118 -0.7468077
    endloop
  endfacet
  facet normal 0.2308279 -0.5297011 0.8161711
    outer loop
      vertex 2.4077756 -1.3011118 -0.7468077
      vertex 2.6546960 -1.0140086 -0.6303091
      vertex 2.5936080 -0.9853734 -0.5944478
    endloop
  endfacet
  facet normal 0.2277987 -0.5286554 0.8176987
    outer loop
      vertex 2.4077756 -1.3011118 -0.7468077
      vertex 2.5936080 -0.9853734 -0.5944478
      vertex 2.3553285 -1.2622664 -0.7070825
    endloop
  endfacet
  facet normal 0.4726004 -0.6491491 0.5960321
    outer loop
      vertex 2.3553285 -1.2622664 -0.7070825
      vertex 2.5936080 -0.9853734 -0.5944478
      vertex 2.5426877 -0.9716765 -0.5391551
    endloop
  endfacet
  facet normal 0.4700108 -0.6488489 0.5984019
    outer loop
      vertex 2.3553285 -1.2622664 -0.7070825
      vertex 2.5426877 -0.9716765 -0.5391551
      vertex 2.3114304 -1.2401268 -0.6485970
    endloop
  endfacet
  facet normal 0.6566858 -0.6898985 0.3046371
    outer loop
      vertex 2.3114304 -1.2401268 -0.6485970
      vertex 2.5426877 -0.9716765 -0.5391551
      vertex 2.5080770 -0.9745702 -0.4711002
    endloop
  endfacet
  facet normal 0.6547762 -0.6904251 0.3075406
    outer loop
      vertex 2.3114304 -1.2401268 -0.6485970
      vertex 2.5080770 -0.9745702 -0.4711002
      vertex 2.2813762 -1.2373633 -0.5784054
    endloop
  endfacet
  facet normal 0.7615304 -0.6477371 -0.0225401
    outer loop
      vertex 2.2813762 -1.2373633 -0.5784054
      vertex 2.5080770 -0.9745702 -0.4711002
      vertex 2.4939504 -0.9937052 -0.3984913
    endloop
  endfacet
  facet normal 0.7604659 -0.6490863 -0.0194551
    outer loop
      vertex 2.2813762 -1.2373633 -0.5784054
      vertex 2.4939504 -0.9937052 -0.3984913
      vertex 2.2687908 -1.2543093 -0.5049739
    endloop
  endfacet
  facet normal 0.7751923 -0.5281154 -0.3466570
    outer loop
      vertex 2.2687908 -1.2543093 -0.5049739
      vertex 2.4939504 -0.9937052 -0.3984913
      vertex 2.5020117 -1.0267737 -0.3300863
    endloop
  endfacet
  facet normal 0.7750573 -0.5301987 -0.3437667
    outer loop
      vertex 2.2687908 -1.2543093 -0.5049739
      vertex 2.5020117 -1.0267737 -0.3300863
      vertex 2.2751922 -1.2889208 -0.4371592
    endloop
  endfacet
  facet normal 0.6960821 -0.3451328 -0.6295658
    outer loop
      vertex 2.2751922 -1.2889208 -0.4371592
      vertex 2.5020117 -1.0267737 -0.3300863
      vertex 2.5312886 -1.0697872 -0.2741359
    endloop
  endfacet
  facet normal 0.6968630 -0.3477717 -0.6272454
    outer loop
      vertex 2.2751922 -1.2889208 -0.4371592
      vertex 2.5312886 -1.0697872 -0.2741359
      vertex 2.2998083 -1.3370231 -0.3831410
    endloop
  endfacet
  facet normal 0.5330970 -0.1201640 -0.8374773
    outer loop
      vertex 2.2998083 -1.3370231 -0.3831410
      vertex 2.5312886 -1.0697872 -0.2741359
      vertex 2.5782500 -1.1175575 -0.2373883
    endloop
  endfacet
  facet normal 0.5346627 -0.1230969 -0.8360520
    outer loop
      vertex 2.2998083 -1.3370231 -0.3831410
      vertex 2.5782500 -1.1175575 -0.2373883
      vertex 2.3396700 -1.3928145 -0.3494346
    endloop
  endfacet
  facet normal 0.3051860 0.1200284 -0.9446982
    outer loop
      vertex 2.3396700 -1.3928145 -0.3494346
      vertex 2.5782500 -1.1175575 -0.2373883
      vertex 2.6372315 -1.1643228 -0.2242760
    endloop
  endfacet
  facet normal 0.3072912 0.1171135 -0.9443816
    outer loop
      vertex 2.3396700 -1.3928145 -0.3494346
      vertex 2.6372315 -1.1643228 -0.2242760
      vertex 2.3899694 -1.4495656 -0.3401055
    endloop
  endfacet
  facet normal 0.0381379 0.3497932 -0.9360503
    outer loop
      vertex 2.6372315 -1.1643228 -0.2242760
      vertex 2.8257047 -0.8308572 -0.0919840
      vertex 2.8964337 -0.8587545 -0.0995272
    endloop
  endfacet
  facet normal 0.0408901 0.3477256 -0.9367043
    outer loop
      vertex 2.6372315 -1.1643228 -0.2242760
      vertex 2.8964337 -0.8587545 -0.0995272
      vertex 2.7011192 -1.2044427 -0.2363805
    endloop
  endfacet
  facet normal -0.2682130 0.4817993 -0.8342250
    outer loop
      vertex 2.7011192 -1.2044427 -0.2363805
      vertex 2.8964337 -0.8587545 -0.0995272
      vertex 2.9639026 -0.8758085 -0.1310686
    endloop
  endfacet
  facet normal -0.2656070 0.4802655 -0.8359414
    outer loop
      vertex 2.7011192 -1.2044427 -0.2363805
      vertex 2.9639026 -0.8758085 -0.1310686
      vertex 2.7622072 -1.2330779 -0.2722418
    endloop
  endfacet
  facet normal -0.5414371 0.5551555 -0.6313860
    outer loop
      vertex 2.7622072 -1.2330779 -0.2722418
      vertex 2.9639026 -0.8758085 -0.1310686
      vertex 3.0199736 -0.8799623 -0.1828039
    endloop
  endfacet
  facet normal -0.5393212 0.5542662 -0.6339728
    outer loop
      vertex 2.7622072 -1.2330779 -0.2722418
      vertex 3.0199736 -0.8799623 -0.1828039
      vertex 2.8131275 -1.2467747 -0.3275344
    endloop
  endfacet
  facet normal -0.7485273 0.5613608 -0.3529602
    outer loop
      vertex 2.8131275 -1.2467747 -0.3275344
      vertex 3.0199736 -0.8799623 -0.1828039
      vertex 3.0578838 -0.8707149 -0.2484930
    endloop
  endfacet
  facet normal -0.7471801 0.5611510 -0.3561340
    outer loop
      vertex 2.8131275 -1.2467747 -0.3275344
      vertex 3.0578838 -0.8707149 -0.2484930
      vertex 2.8477382 -1.2438811 -0.3955894
    endloop
  endfacet
  facet normal -0.8652627 0.5002375 -0.0329076
    outer loop
      vertex 2.8477382 -1.2438811 -0.3955894
      vertex 3.0578838 -0.8707149 -0.2484930
      vertex 3.0730606 -0.8491816 -0.3202129
    endloop
  endfacet
  facet normal -0.8648762 0.5006693 -0.0363243
    outer loop
      vertex 2.8477382 -1.2438811 -0.3955894
      vertex 3.0730606 -0.8491816 -0.3202129
      vertex 2.8618648 -1.2247461 -0.4681982
    endloop
  endfacet
  facet normal -0.8783718 0.3793821 0.2907442
    outer loop
      vertex 2.8618648 -1.2247461 -0.4681982
      vertex 3.0730606 -0.8491816 -0.3202129
      vertex 3.0636734 -0.8179597 -0.3893130
    endloop
  endfacet
  facet normal -0.8790347 0.3803479 0.2874603
    outer loop
      vertex 2.8618648 -1.2247461 -0.4681982
      vertex 3.0636734 -0.8179597 -0.3893130
      vertex 2.8538035 -1.1916775 -0.5366032
    endloop
  endfacet
  facet normal -0.7863342 0.2130284 0.5799116
    outer loop
      vertex 2.8538035 -1.1916775 -0.5366032
      vertex 3.0636734 -0.8179597 -0.3893130
      vertex 3.0308545 -0.7808150 -0.4474589
    endloop
  endfacet
  facet normal -0.7880158 0.2143559 0.5771332
    outer loop
      vertex 2.8538035 -1.1916775 -0.5366032
      vertex 3.0308545 -0.7808150 -0.4474589
      vertex 2.8245266 -1.1486641 -0.5925537
    endloop
  endfacet
  facet normal -0.5995041 0.0206699 0.8001047
    outer loop
      vertex 2.8245266 -1.1486641 -0.5925537
      vertex 3.0308545 -0.7808150 -0.4474589
      vertex 2.9785624 -0.7422277 -0.4876373
    endloop
  endfacet
  facet normal -0.6020445 0.0221358 0.7981557
    outer loop
      vertex 2.8245266 -1.1486641 -0.5925537
      vertex 2.9785624 -0.7422277 -0.4876373
      vertex 2.7775652 -1.1008938 -0.6293013
    endloop
  endfacet
  facet normal -0.3395988 -0.1747232 0.9241993
    outer loop
      vertex 2.7775652 -1.1008938 -0.6293013
      vertex 2.9785624 -0.7422277 -0.4876373
      vertex 2.9131042 -0.7068519 -0.5050022
    endloop
  endfacet
  facet normal -0.3427202 -0.1733666 0.9233022
    outer loop
      vertex 2.7775652 -1.1008938 -0.6293013
      vertex 2.9131042 -0.7068519 -0.5050022
      vertex 2.7185837 -1.0541284 -0.6424136
    endloop
  endfacet
  facet normal -0.0378959 -0.3492384 0.9362673
    outer loop
      vertex 2.7185837 -1.0541284 -0.6424136
      vertex 2.9131042 -0.7068519 -0.5050022
      vertex 2.8423751 -0.6789547 -0.4974590
    endloop
  endfacet
  facet normal -0.0412421 -0.3482254 0.9365032
    outer loop
      vertex 2.7185837 -1.0541284 -0.6424136
      vertex 2.8423751 -0.6789547 -0.4974590
      vertex 2.6546960 -1.0140086 -0.6303091
    endloop
  endfacet
  facet normal 0.2684640 -0.4812467 0.8344631
    outer loop
      vertex 2.6546960 -1.0140086 -0.6303091
      vertex 2.8423751 -0.6789547 -0.4974590
      vertex 2.7749062 -0.6619007 -0.4659175
    endloop
  endfacet
  facet normal 0.2652691 -0.4807628 0.8357628
    outer loop
      vertex 2.6546960 -1.0140086 -0.6303091
      vertex 2.7749062 -0.6619007 -0.4659175
      vertex 2.5936080 -0.9853734 -0.5944478
    endloop
  endfacet
  facet normal 0.5417135 -0.5545959 0.6316406
    outer loop
      vertex 2.5936080 -0.9853734 -0.5944478
      vertex 2.7749062 -0.6619007 -0.4659175
      vertex 2.7188352 -0.6577469 -0.4141822
    endloop
  endfacet
  facet normal 0.5390110 -0.5547558 0.6338084
    outer loop
      vertex 2.5936080 -0.9853734 -0.5944478
      vertex 2.7188352 -0.6577469 -0.4141822
      vertex 2.5426877 -0.9716765 -0.5391551
    endloop
  endfacet
  facet normal 0.7488348 -0.5607882 0.3532182
    outer loop
      vertex 2.5426877 -0.9716765 -0.5391551
      vertex 2.7188352 -0.6577469 -0.4141822
      vertex 2.6809250 -0.6669943 -0.3484931
    endloop
  endfacet
  facet normal 0.7468975 -0.5616311 0.3559699
    outer loop
      vertex 2.5426877 -0.9716765 -0.5391551
      vertex 2.6809250 -0.6669943 -0.3484931
      vertex 2.5080770 -0.9745702 -0.4711002
    endloop
  endfacet
  facet normal 0.8655919 -0.4996513 0.0331532
    outer loop
      vertex 2.5080770 -0.9745702 -0.4711002
      vertex 2.6809250 -0.6669943 -0.3484931
      vertex 2.6657483 -0.6885276 -0.2767733
    endloop
  endfacet
  facet normal 0.8646089 -0.5011435 0.0361473
    outer loop
      vertex 2.5080770 -0.9745702 -0.4711002
      vertex 2.6657483 -0.6885276 -0.2767733
      vertex 2.4939504 -0.9937052 -0.3984913
    endloop
  endfacet
  facet normal 0.8787022 -0.3787879 -0.2905206
    outer loop
      vertex 2.4939504 -0.9937052 -0.3984913
      vertex 2.6657483 -0.6885276 -0.2767733
      vertex 2.6751354 -0.7197495 -0.2076732
    endloop
  endfacet
  facet normal 0.8787643 -0.3808229 -0.2876580
    outer loop
      vertex 2.4939504 -0.9937052 -0.3984913
      vertex 2.6751354 -0.7197495 -0.2076732
      vertex 2.5020117 -1.0267737 -0.3300863
    endloop
  endfacet
  facet normal 0.7866445 -0.2124358 -0.5797082
    outer loop
      vertex 2.5020117 -1.0267737 -0.3300863
      vertex 2.6751354 -0.7197495 -0.2076732
      vertex 2.7079543 -0.7568942 -0.1495273
    endloop
  endfacet
  facet normal 0.7877250 -0.2148373 -0.5773511
    outer loop
      vertex 2.5020117 -1.0267737 -0.3300863
      vertex 2.7079543 -0.7568942 -0.1495273
      vertex 2.5312886 -1.0697872 -0.2741359
    endloop
  endfacet
  facet normal 0.5997836 -0.0200884 -0.7999100
    outer loop
      vertex 2.5312886 -1.0697872 -0.2741359
      vertex 2.7079543 -0.7568942 -0.1495273
      vertex 2.7602465 -0.7954815 -0.1093488
    endloop
  endfacet
  facet normal 0.6017244 -0.0226255 -0.7983833
    outer loop
      vertex 2.5312886 -1.0697872 -0.2741359
      vertex 2.7602465 -0.7954815 -0.1093488
      vertex 2.5782500 -1.1175575 -0.2373883
    endloop
  endfacet
  facet normal 0.3398518 0.1752895 -0.9239991
    outer loop
      vertex 2.5782500 -1.1175575 -0.2373883
      vertex 2.7602465 -0.7954815 -0.1093488
      vertex 2.8257047 -0.8308572 -0.0919840
    endloop
  endfacet
  facet normal 0.3423755 0.1728699 -0.9235232
    outer loop
      vertex 2.5782500 -1.1175575 -0.2373883
      vertex 2.8257047 -0.8308572 -0.0919840
      vertex 2.6372315 -1.1643228 -0.2242760
    endloop
  endfacet
  facet normal 0.0358426 0.3533679 -0.9347975
    outer loop
      vertex 2.8257047 -0.8308572 -0.0919840
      vertex 2.9439236 -0.4630568 0.0515831
      vertex 3.0188615 -0.4777175 0.0489144
    endloop
  endfacet
  facet normal 0.0390194 0.3518135 -0.9352565
    outer loop
      vertex 2.8257047 -0.8308572 -0.0919840
      vertex 3.0188615 -0.4777175 0.0489144
      vertex 2.8964337 -0.8587545 -0.0995272
    endloop
  endfacet
  facet normal -0.2952915 0.4277003 -0.8543274
    outer loop
      vertex 2.8964337 -0.8587545 -0.0995272
      vertex 3.0188615 -0.4777175 0.0489144
      vertex 3.0902241 -0.4822249 0.0219920
    endloop
  endfacet
  facet normal -0.2922787 0.4266527 -0.8558859
    outer loop
      vertex 2.8964337 -0.8587545 -0.0995272
      vertex 3.0902241 -0.4822249 0.0219920
      vertex 2.9639026 -0.8758085 -0.1310686
    endloop
  endfacet
  facet normal -0.5899821 0.4500502 -0.6703551
    outer loop
      vertex 2.9639026 -0.8758085 -0.1310686
      vertex 3.0902241 -0.4822249 0.0219920
      vertex 3.1494039 -0.4760354 -0.0259370
    endloop
  endfacet
  facet normal -0.5875143 0.4495603 -0.6728466
    outer loop
      vertex 2.9639026 -0.8758085 -0.1310686
      vertex 3.1494039 -0.4760354 -0.0259370
      vertex 3.0199736 -0.8799623 -0.1828039
    endloop
  endfacet
  facet normal -0.8126217 0.4180725 -0.4060312
    outer loop
      vertex 3.0199736 -0.8799623 -0.1828039
      vertex 3.1494039 -0.4760354 -0.0259370
      vertex 3.1892631 -0.4598955 -0.0890917
    endloop
  endfacet
  facet normal -0.8110107 0.4181266 -0.4091842
    outer loop
      vertex 3.0199736 -0.8799623 -0.1828039
      vertex 3.1892631 -0.4598955 -0.0890917
      vertex 3.0578838 -0.8707149 -0.2484930
    endloop
  endfacet
  facet normal -0.9371724 0.3360540 -0.0936784
    outer loop
      vertex 3.0578838 -0.8707149 -0.2484930
      vertex 3.1892631 -0.4598955 -0.0890917
      vertex 3.2049939 -0.4357519 -0.1598545
    endloop
  endfacet
  facet normal -0.9366311 0.3365779 -0.0971474
    outer loop
      vertex 3.0578838 -0.8707149 -0.2484930
      vertex 3.2049939 -0.4357519 -0.1598545
      vertex 3.0730606 -0.8491816 -0.3202129
    endloop
  endfacet
  facet normal -0.9494888 0.2139674 0.2295408
    outer loop
      vertex 3.0730606 -0.8491816 -0.3202129
      vertex 3.2049939 -0.4357519 -0.1598545
      vertex 3.1946990 -0.4065168 -0.2296906
    endloop
  endfacet
  facet normal -0.9501090 0.2148331 0.2261405
    outer loop
      vertex 3.0730606 -0.8491816 -0.3202129
      vertex 3.1946990 -0.4065168 -0.2296906
      vertex 3.0636734 -0.8179597 -0.3893130
    endloop
  endfacet
  facet normal -0.8481568 0.0661909 0.5255938
    outer loop
      vertex 3.0636734 -0.8179597 -0.3893130
      vertex 3.1946990 -0.4065168 -0.2296906
      vertex 3.1596202 -0.3757162 -0.2901766
    endloop
  endfacet
  facet normal -0.8498945 0.0672285 0.5226468
    outer loop
      vertex 3.0636734 -0.8179597 -0.3893130
      vertex 3.1596202 -0.3757162 -0.2901766
      vertex 3.0308545 -0.7808150 -0.4474589
    endloop
  endfacet
  facet normal -0.6445935 -0.0898816 0.7592236
    outer loop
      vertex 3.0308545 -0.7808150 -0.4474589
      vertex 3.1596202 -0.3757162 -0.2901766
      vertex 3.1039885 -0.3470651 -0.3340170
    endloop
  endfacet
  facet normal -0.6472654 -0.0888670 0.7570668
    outer loop
      vertex 3.0308545 -0.7808150 -0.4474589
      vertex 3.1039885 -0.3470651 -0.3340170
      vertex 2.9785624 -0.7422277 -0.4876373
    endloop
  endfacet
  facet normal -0.3624653 -0.2355098 0.9017506
    outer loop
      vertex 2.9785624 -0.7422277 -0.4876373
      vertex 3.1039885 -0.3470651 -0.3340170
      vertex 3.0345138 -0.3240194 -0.3559240
    endloop
  endfacet
  facet normal -0.3657657 -0.2347137 0.9006248
    outer loop
      vertex 2.9785624 -0.7422277 -0.4876373
      vertex 3.0345138 -0.3240194 -0.3559240
      vertex 2.9131042 -0.7068519 -0.5050022
    endloop
  endfacet
  facet normal -0.0357192 -0.3527786 0.9350248
    outer loop
      vertex 2.9131042 -0.7068519 -0.5050022
      vertex 3.0345138 -0.3240194 -0.3559240
      vertex 2.9595758 -0.3093587 -0.3532553
    endloop
  endfacet
  facet normal -0.0392619 -0.3523691 0.9350372
    outer loop
      vertex 2.9131042 -0.7068519 -0.5050022
      vertex 2.9595758 -0.3093587 -0.3532553
      vertex 2.8423751 -0.6789547 -0.4974590
    endloop
  endfacet
  facet normal 0.2954236 -0.4271074 0.8545784
    outer loop
      vertex 2.8423751 -0.6789547 -0.4974590
      vertex 2.9595758 -0.3093587 -0.3532553
      vertex 2.8882132 -0.3048513 -0.3263329
    endloop
  endfacet
  facet normal 0.2920483 -0.4272024 0.8556903
    outer loop
      vertex 2.8423751 -0.6789547 -0.4974590
      vertex 2.8882132 -0.3048513 -0.3263329
      vertex 2.7749062 -0.6619007 -0.4659175
    endloop
  endfacet
  facet normal 0.5901363 -0.4494484 0.6706231
    outer loop
      vertex 2.7749062 -0.6619007 -0.4659175
      vertex 2.8882132 -0.3048513 -0.3263329
      vertex 2.8290334 -0.3110408 -0.2784039
    endloop
  endfacet
  facet normal 0.5873065 -0.4501031 0.6726650
    outer loop
      vertex 2.7749062 -0.6619007 -0.4659175
      vertex 2.8290334 -0.3110408 -0.2784039
      vertex 2.7188352 -0.6577469 -0.4141822
    endloop
  endfacet
  facet normal 0.8128014 -0.4174607 0.4063010
    outer loop
      vertex 2.7188352 -0.6577469 -0.4141822
      vertex 2.8290334 -0.3110408 -0.2784039
      vertex 2.7891743 -0.3271807 -0.2152492
    endloop
  endfacet
  facet normal 0.8108251 -0.4186652 0.4090013
    outer loop
      vertex 2.7188352 -0.6577469 -0.4141822
      vertex 2.7891743 -0.3271807 -0.2152492
      vertex 2.6809250 -0.6669943 -0.3484931
    endloop
  endfacet
  facet normal 0.9373686 -0.3354352 0.0939331
    outer loop
      vertex 2.6809250 -0.6669943 -0.3484931
      vertex 2.7891743 -0.3271807 -0.2152492
      vertex 2.7734434 -0.3513243 -0.1444864
    endloop
  endfacet
  facet normal 0.9364577 -0.3371172 0.0969488
    outer loop
      vertex 2.6809250 -0.6669943 -0.3484931
      vertex 2.7734434 -0.3513243 -0.1444864
      vertex 2.6657483 -0.6885276 -0.2767733
    endloop
  endfacet
  facet normal 0.9496839 -0.2133479 -0.2293102
    outer loop
      vertex 2.6657483 -0.6885276 -0.2767733
      vertex 2.7734434 -0.3513243 -0.1444864
      vertex 2.7837383 -0.3805595 -0.0746503
    endloop
  endfacet
  facet normal 0.9499328 -0.2153778 -0.2263627
    outer loop
      vertex 2.6657483 -0.6885276 -0.2767733
      vertex 2.7837383 -0.3805595 -0.0746503
      vertex 2.6751354 -0.7197495 -0.2076732
    endloop
  endfacet
  facet normal 0.8483341 -0.0655779 -0.5253845
    outer loop
      vertex 2.6751354 -0.7197495 -0.2076732
      vertex 2.7837383 -0.3805595 -0.0746503
      vertex 2.8188171 -0.4113601 -0.0141643
    endloop
  endfacet
  facet normal 0.8497011 -0.0677801 -0.5228900
    outer loop
      vertex 2.6751354 -0.7197495 -0.2076732
      vertex 2.8188171 -0.4113601 -0.0141643
      vertex 2.7079543 -0.7568942 -0.1495273
    endloop
  endfacet
  facet normal 0.6447455 0.0904839 -0.7590230
    outer loop
      vertex 2.7079543 -0.7568942 -0.1495273
      vertex 2.8188171 -0.4113601 -0.0141643
      vertex 2.8744489 -0.4400111 0.0296761
    endloop
  endfacet
  facet normal 0.6470476 0.0883102 -0.7573181
    outer loop
      vertex 2.7079543 -0.7568942 -0.1495273
      vertex 2.8744489 -0.4400111 0.0296761
      vertex 2.7602465 -0.7954815 -0.1093488
    endloop
  endfacet
  facet normal 0.3625964 0.2361026 -0.9015428
    outer loop
      vertex 2.7602465 -0.7954815 -0.1093488
      vertex 2.8744489 -0.4400111 0.0296761
      vertex 2.9439236 -0.4630568 0.0515831
    endloop
  endfacet
  facet normal 0.3655281 0.2341554 -0.9008665
    outer loop
      vertex 2.7602465 -0.7954815 -0.1093488
      vertex 2.9439236 -0.4630568 0.0515831
      vertex 2.8257047 -0.8308572 -0.0919840
    endloop
  endfacet
  facet normal -0.7617304 0.5428880 0.3536092
    outer loop
      vertex 2.9439236 -0.4630568 0.0515831
      vertex 3.2500000 0.0000000 0.0000000
      vertex 3.2367324 0.0271043 -0.0701932
    endloop
  endfacet
  facet normal -0.0736899 -0.1987742 -0.9772710
    outer loop
      vertex 2.9439236 -0.4630568 0.0515831
      vertex 3.2367324 0.0271043 -0.0701932
      vertex 3.0188615 -0.4777175 0.0489144
    endloop
  endfacet
  facet normal -0.6818587 0.4333212 0.5893228
    outer loop
      vertex 3.0188615 -0.4777175 0.0489144
      vertex 3.2367324 0.0271043 -0.0701932
      vertex 3.1985298 0.0509394 -0.1319200
    endloop
  endfacet
  facet normal -0.3570131 -0.1914079 -0.9142782
    outer loop
      vertex 3.0188615 -0.4777175 0.0489144
      vertex 3.1985298 0.0509394 -0.1319200
      vertex 3.0902241 -0.4822249 0.0219920
    endloop
  endfacet
  facet normal -0.5168675 0.3326952 0.7887724
    outer loop
      vertex 3.0902241 -0.4822249 0.0219920
      vertex 3.1985298 0.0509394 -0.1319200
      vertex 3.1400000 0.0686305 -0.1777354
    endloop
  endfacet
  facet normal -0.5990054 -0.2245548 -0.7686141
    outer loop
      vertex 3.0902241 -0.4822249 0.0219920
      vertex 3.1400000 0.0686305 -0.1777354
      vertex 3.1494039 -0.4760354 -0.0259370
    endloop
  endfacet
  facet normal -0.2811163 0.2531352 0.9256869
    outer loop
      vertex 3.1494039 -0.4760354 -0.0259370
      vertex 3.1400000 0.0686305 -0.1777354
      vertex 3.0682026 0.0780437 -0.2021132
    endloop
  endfacet
  facet normal -0.7732635 -0.2922472 -0.5627212
    outer loop
      vertex 3.1494039 -0.4760354 -0.0259370
      vertex 3.0682026 0.0780437 -0.2021132
      vertex 3.1892631 -0.4598955 -0.0890917
    endloop
  endfacet
  facet normal 0.0000000 0.2056118 0.9786336
    outer loop
      vertex 3.1892631 -0.4598955 -0.0890917
      vertex 3.0682026 0.0780437 -0.2021132
      vertex 2.9917974 0.0780437 -0.2021132
    endloop
  endfacet
  facet normal -0.8642411 -0.3852238 -0.3235582
    outer loop
      vertex 3.1892631 -0.4598955 -0.0890917
      vertex 2.9917974 0.0780437 -0.2021132
      vertex 3.2049939 -0.4357519 -0.1598545
    endloop
  endfacet
  facet normal 0.2917633 0.1980303 0.9357661
    outer loop
      vertex 3.2049939 -0.4357519 -0.1598545
      vertex 2.9917974 0.0780437 -0.2021132
      vertex 2.9200000 0.0686305 -0.1777354
    endloop
  endfacet
  facet normal -0.8667569 -0.4925281 -0.0784125
    outer loop
      vertex 3.2049939 -0.4357519 -0.1598545
      vertex 2.9200000 0.0686305 -0.1777354
      vertex 3.1946990 -0.4065168 -0.2296906
    endloop
  endfacet
  facet normal 0.5546620 0.2333362 0.7986891
    outer loop
      vertex 3.1946990 -0.4065168 -0.2296906
      vertex 2.9200000 0.0686305 -0.1777354
      vertex 2.8614702 0.0509394 -0.1319200
    endloop
  endfacet
  facet normal -0.7841095 -0.6027655 0.1478044
    outer loop
      vertex 3.1946990 -0.4065168 -0.2296906
      vertex 2.8614702 0.0509394 -0.1319200
      vertex 3.1596202 -0.3757162 -0.2901766
    endloop
  endfacet
  facet normal 0.7510503 0.3082724 0.5838592
    outer loop
      vertex 3.1596202 -0.3757162 -0.2901766
      vertex 2.8614702 0.0509394 -0.1319200
      vertex 2.8232676 0.0271043 -0.0701932
    endloop
  endfacet
  facet normal -0.6259555 -0.7048796 0.3336532
    outer loop
      vertex 3.1596202 -0.3757162 -0.2901766
      vertex 2.8232676 0.0271043 -0.0701932
      vertex 3.1039885 -0.3470651 -0.3340170
    endloop
  endfacet
  facet normal 0.8522602 0.4132989 0.3206814
    outer loop
      vertex 3.1039885 -0.3470651 -0.3340170
      vertex 2.8232676 0.0271043 -0.0701932
      vertex 2.8100000 0.0000000 -0.0000000
    endloop
  endfacet
  facet normal -0.4069621 -0.7885106 0.4611214
    outer loop
      vertex 3.1039885 -0.3470651 -0.3340170
      vertex 2.8100000 0.0000000 -0.0000000
      vertex 3.0345138 -0.3240194 -0.3559240
    endloop
  endfacet
  facet normal 0.8442880 0.5338630 0.0465613
    outer loop
      vertex 3.0345138 -0.3240194 -0.3559240
      vertex 2.8100000 0.0000000 -0.0000000
      vertex 2.8232676 -0.0271043 0.0701932
    endloop
  endfacet
  facet normal -0.1468074 -0.8442342 0.5154766
    outer loop
      vertex 3.0345138 -0.3240194 -0.3559240
      vertex 2.8232676 -0.0271043 0.0701932
      vertex 2.9595758 -0.3093587 -0.3532553
    endloop
  endfacet
  facet normal 0.7305561 0.6528979 -0.2000304
    outer loop
      vertex 2.9595758 -0.3093587 -0.3532553
      vertex 2.8232676 -0.0271043 0.0701932
      vertex 2.8614702 -0.0509394 0.1319200
    endloop
  endfacet
  facet normal 0.1289018 -0.8641967 0.4863625
    outer loop
      vertex 2.9595758 -0.3093587 -0.3532553
      vertex 2.8614702 -0.0509394 0.1319200
      vertex 2.8882132 -0.3048513 -0.3263329
    endloop
  endfacet
  facet normal 0.5307483 0.7540878 -0.3868564
    outer loop
      vertex 2.8882132 -0.3048513 -0.3263329
      vertex 2.8614702 -0.0509394 0.1319200
      vertex 2.9200000 -0.0686305 0.1777354
    endloop
  endfacet
  facet normal 0.3885320 -0.8435331 0.3708028
    outer loop
      vertex 2.8882132 -0.3048513 -0.3263329
      vertex 2.9200000 -0.0686305 0.1777354
      vertex 2.8290334 -0.3110408 -0.2784039
    endloop
  endfacet
  facet normal 0.2756846 0.8249601 -0.4933952
    outer loop
      vertex 2.8290334 -0.3110408 -0.2784039
      vertex 2.9200000 -0.0686305 0.1777354
      vertex 2.9917974 -0.0780437 0.2021132
    endloop
  endfacet
  facet normal 0.5972411 -0.7822835 0.1770185
    outer loop
      vertex 2.8290334 -0.3110408 -0.2784039
      vertex 2.9917974 -0.0780437 0.2021132
      vertex 2.7891743 -0.3271807 -0.2152492
    endloop
  endfacet
  facet normal 0.0000000 0.8586530 -0.5125574
    outer loop
      vertex 2.7891743 -0.3271807 -0.2152492
      vertex 2.9917974 -0.0780437 0.2021132
      vertex 3.0682026 -0.0780437 0.2021132
    endloop
  endfacet
  facet normal 0.7231750 -0.6867381 -0.0735439
    outer loop
      vertex 2.7891743 -0.3271807 -0.2152492
      vertex 3.0682026 -0.0780437 0.2021132
      vertex 2.7734434 -0.3513243 -0.1444864
    endloop
  endfacet
  facet normal -0.2642280 0.8538306 -0.4485052
    outer loop
      vertex 2.7734434 -0.3513243 -0.1444864
      vertex 3.0682026 -0.0780437 0.2021132
      vertex 3.1400000 -0.0686305 0.1777354
    endloop
  endfacet
  facet normal 0.7449184 -0.5691571 -0.3480758
    outer loop
      vertex 2.7734434 -0.3513243 -0.1444864
      vertex 3.1400000 -0.0686305 0.1777354
      vertex 2.7837383 -0.3805595 -0.0746503
    endloop
  endfacet
  facet normal -0.4906079 0.8133418 -0.3126962
    outer loop
      vertex 2.7837383 -0.3805595 -0.0746503
      vertex 3.1400000 -0.0686305 0.1777354
      vertex 3.1985298 -0.0509394 0.1319200
    endloop
  endfacet
  facet normal 0.6570018 -0.4457346 -0.6080044
    outer loop
      vertex 2.7837383 -0.3805595 -0.0746503
      vertex 3.1985298 -0.0509394 0.1319200
      vertex 2.8188171 -0.4113601 -0.0141643
    endloop
  endfacet
  facet normal -0.6585660 0.7427682 -0.1207735
    outer loop
      vertex 2.8188171 -0.4113601 -0.0141643
      vertex 3.1985298 -0.0509394 0.1319200
      vertex 3.2367324 -0.0271043 0.0701932
    endloop
  endfacet
  facet normal 0.4715041 -0.3335928 -0.8163331
    outer loop
      vertex 2.8188171 -0.4113601 -0.0141643
      vertex 3.2367324 -0.0271043 0.0701932
      vertex 2.8744489 -0.4400111 0.0296761
    endloop
  endfacet
  facet normal -0.7524959 0.6495822 0.1085951
    outer loop
      vertex 2.8744489 -0.4400111 0.0296761
      vertex 3.2367324 -0.0271043 0.0701932
      vertex 3.2500000 0.0000000 0.0000000
    endloop
  endfacet
  facet normal 0.2156451 -0.2477559 -0.9445180
    outer loop
      vertex 2.8744489 -0.4400111 0.0296761
      vertex 3.2500000 0.0000000 0.0000000
      vertex 2.9439236 -0.4630568 0.0515831
    endloop
  endfacet
endsolid curiosity_knot
